Id,OrderVolume
1,4303.48
2,2716.1326
3,4446.044
4,9469.98
5,2064.443
6,2833.551
7,6003.377
8,3423.7358
9,6587.854
10,4998.5737
11,5286.5366
12,6050.816
13,4517.2593
14,3500.6006
15,5662.9307
16,5548.652
17,2648.7087
18,4812.691
19,4706.117
20,6069.035
21,5045.9424
22,3509.6453
23,4562.204
24,7617.4106
25,8251.846
26,5636.417
27,7459.975
28,2061.7837
29,7791.8677
30,3524.9893
31,5138.4756
32,2449.4128
33,8086.196
34,7297.4077
35,8876.118
36,9537.501
37,6975.9863
38,6298.546
39,2910.811
40,4740.4805
41,5937.6133
42,8097.5645
43,4104.676
44,3613.0732
45,5614.1016
46,5034.75
47,5513.92
48,2625.7878
49,7546.6914
50,4304.3545
51,7797.0195
52,6147.76
53,3476.0955
54,8749.083
55,3192.2341
56,9063.342
57,6093.798
58,6490.357
59,2568.1987
60,5440.6997
61,4816.521
62,3944.7058
63,7332.2715
64,10714.726
65,3015.7524
66,6105.5796
67,5557.752
68,8170.2026
69,7164.33
70,5658.7944
71,6680.9756
72,2532.8167
73,2557.599
74,4724.9595
75,5915.64
76,8273.944
77,7923.999
78,2483.9788
79,4186.3955
80,8530.003
81,8766.391
82,5744.3115
83,3204.0198
84,10916.262
85,5358.153
86,3734.5696
87,3889.2202
88,2257.4521
89,4617.0503
90,7307.382
91,3605.7737
92,5799.702
93,3170.9124
94,5744.5522
95,3684.98
96,1784.8656
97,4427.7095
98,5283.0684
99,5852.0093
100,8483.608
101,6669.1396
102,5843.626
103,3737.6665
104,11173.398
105,3551.0413
106,5983.2314
107,7375.2466
108,12859.587
109,5014.5723
110,2972.1504
111,6710.494
112,6016.619
113,6368.2095
114,5058.7812
115,9888.947
116,5721.5522
117,2295.097
118,7801.044
119,4563.423
120,5901.522
121,2330.7205
122,7043.178
123,3641.7869
124,2904.362
125,8239.2
126,4476.821
127,5336.135
128,7970.6772
129,7465.6123
130,4459.7935
131,5008.95
132,7319.0654
133,3408.397
134,3139.4673
135,6618.1284
136,4857.3716
137,7156.4214
138,3151.7166
139,4576.6836
140,6205.4897
141,4423.9014
142,3218.774
143,5386.0796
144,5747.4956
145,6040.413
146,7143.6
147,7943.068
148,7415.8555
149,3988.7957
150,7478.5977
151,5556.0825
152,3279.6616
153,3682.197
154,8085.7793
155,7262.8833
156,3032.8005
157,7184.113
158,9758.282
159,6587.653
160,4826.538
161,6879.9146
162,7375.8794
163,5480.979
164,4533.551
165,2885.3904
166,5153.432
167,5264.963
168,4698.295
169,5347.135
170,3195.0552
171,5869.081
172,7129.775
173,5922.6465
174,6529.886
175,6064.5444
176,3040.3992
177,1509.967
178,7034.873
179,6201.7085
180,7125.071
181,3424.8596
182,5701.8955
183,0.0
184,5430.03
185,5715.1924
186,3688.754
187,4175.392
188,4912.799
189,6948.176
190,6606.076
191,7507.3994
192,15169.233
193,4106.0503
194,4807.6577
195,10428.063
196,3598.8286
197,5379.2563
198,828.97095
199,8058.156
200,6740.085
201,5526.531
202,6467.9976
203,5601.7397
204,4672.0034
205,5117.682
206,5139.912
207,7844.05
208,3119.322
209,5130.341
210,2827.8706
211,8739.275
212,3201.3037
213,7600.7764
214,10350.477
215,6244.1304
216,5981.3657
217,4359.219
218,2207.9626
219,1889.9049
220,3677.5808
221,5284.006
222,3180.3884
223,5566.1343
224,7260.196
225,3845.4932
226,5292.2227
227,4774.274
228,8403.142
229,7726.0117
230,7066.359
231,5059.5483
232,3218.949
233,8334.703
234,9520.016
235,3616.0178
236,4464.173
237,3833.0447
238,5318.634
239,5419.076
240,3982.6516
241,6648.238
242,3192.8706
243,5083.751
244,4846.274
245,8646.977
246,5635.057
247,7188.088
248,6268.9497
249,4527.2544
250,8434.619
251,17598.088
252,8604.7295
253,3712.0476
254,3528.754
255,6570.4087
256,7383.6436
257,2974.3289
258,4813.3706
259,9490.796
260,6091.996
261,6718.9478
262,17230.406
263,5311.49
264,5350.63
265,2765.2283
266,2225.843
267,9811.449
268,3451.4128
269,6640.728
270,8848.766
271,2892.1907
272,3508.2595
273,6229.9595
274,3978.7861
275,6663.6904
276,1968.9199
277,4926.9946
278,4876.6846
279,10752.152
280,5947.8105
281,5846.43
282,3149.8892
283,7732.8823
284,5708.845
285,6641.862
286,1602.9792
287,9248.301
288,5037.267
289,5938.1514
290,4423.336
291,4468.9404
292,3618.4194
293,4702.8325
294,3639.6719
295,5480.3833
296,4741.9004
297,4982.109
298,8175.433
299,7826.4277
300,7419.379
301,4170.9414
302,4423.2896
303,4434.0156
304,4993.5415
305,6697.181
306,2968.3718
307,1283.6826
308,6684.6724
309,5575.72
310,7564.809
311,5423.016
312,4381.4517
313,4588.3286
314,3431.5835
315,2561.8582
316,8913.957
317,6341.95
318,4899.256
319,5439.589
320,11199.88
321,6255.6177
322,1926.6978
323,7410.9414
324,1939.566
325,4201.55
326,6159.3696
327,6303.5884
328,2585.4294
329,4489.214
330,4145.7256
331,3725.855
332,1597.6434
333,8123.0996
334,4591.9146
335,8977.642
336,10222.778
337,5849.615
338,5520.8193
339,4330.593
340,4953.0576
341,4826.0503
342,11483.23
343,6482.1284
344,6765.436
345,3090.0771
346,5712.1787
347,5630.0283
348,7551.696
349,8602.776
350,6919.928
351,5429.4443
352,6474.6206
353,5187.1055
354,8705.357
355,6021.137
356,6800.1514
357,6006.825
358,9027.615
359,6836.545
360,4807.1396
361,5790.9463
362,8295.026
363,5954.293
364,3417.6663
365,5520.472
366,3211.5476
367,4847.675
368,8807.75
369,6852.729
370,7113.758
371,6118.9946
372,8189.903
373,4701.2583
374,4320.319
375,4079.5723
376,6112.712
377,6103.8154
378,6480.478
379,3212.8376
380,13224.304
381,5062.6426
382,5584.907
383,15842.644
384,5490.67
385,7455.757
386,5903.566
387,7081.351
388,8289.15
389,7413.8823
390,9771.4795
391,2960.9517
392,4590.478
393,5441.338
394,8591.231
395,2633.51
396,5342.1646
397,4644.0605
398,5078.236
399,5345.7886
400,5782.2974
401,3392.7415
402,5876.1895
403,5042.257
404,3144.296
405,3183.8794
406,7347.7783
407,4260.559
408,4916.465
409,5578.279
410,5527.485
411,9275.42
412,11757.241
413,4875.15
414,7415.792
415,6028.0557
416,9820.353
417,4881.711
418,3050.2974
419,4091.8684
420,5088.7676
421,11395.913
422,3941.9185
423,8959.602
424,7484.9204
425,2196.68
426,3888.8083
427,5799.4536
428,6302.5186
429,5076.0176
430,8588.749
431,9052.861
432,7352.4404
433,3959.3064
434,11749.025
435,2152.8992
436,3790.8567
437,8129.3467
438,4040.3062
439,5539.9575
440,3732.735
441,7194.426
442,4858.169
443,3858.464
444,13386.059
445,10951.6455
446,2511.8098
447,4946.702
448,5704.523
449,7455.209
450,9519.934
451,5098.4995
452,2671.0256
453,7835.3833
454,2091.3982
455,9593.189
456,4634.497
457,5353.0903
458,9394.986
459,5592.6265
460,1519.5038
461,4754.727
462,2298.5977
463,3916.9058
464,10827.141
465,7800.5454
466,4462.8105
467,12709.636
468,6894.485
469,10635.777
470,11661.934
471,6935.6484
472,4386.7124
473,2170.8193
474,4930.3564
475,6476.412
476,2756.3167
477,5752.739
478,4505.494
479,7048.736
480,2512.506
481,5268.6855
482,8596.3955
483,1643.8949
484,9101.726
485,5745.599
486,2905.5967
487,6873.729
488,3161.3074
489,2949.58
490,9545.801
491,7237.801
492,6877.1196
493,8006.0
494,5402.174
495,4790.9756
496,6679.083
497,6921.4067
498,7917.0566
499,5610.9375
500,6822.1816
501,3683.8835
502,8485.228
503,6042.92
504,5818.314
505,4030.144
506,4817.523
507,7952.7407
508,5936.3335
509,3961.0745
510,5231.528
511,5461.164
512,5034.7065
513,15264.307
514,5167.111
515,10215.127
516,4887.274
517,3686.5974
518,6363.2246
519,5457.061
520,3012.1067
521,4898.9473
522,8783.698
523,14234.25
524,6780.1973
525,9603.717
526,6973.8374
527,10804.302
528,8315.472
529,6700.133
530,5228.5293
531,4267.82
532,10431.177
533,7851.812
534,7006.066
535,5459.4507
536,5457.0347
537,5092.035
538,2409.3806
539,12129.713
540,6440.363
541,5771.1777
542,4923.4478
543,1536.698
544,8403.351
545,8081.6084
546,11816.564
547,5779.298
548,4416.384
549,3863.3625
550,7299.287
551,4849.881
552,4217.572
553,10092.033
554,4323.444
555,4533.8706
556,5292.0913
557,3575.8254
558,2638.5837
559,2341.9102
560,14106.441
561,4919.6733
562,12903.25
563,4231.4946
564,5834.375
565,5027.6953
566,4049.8098
567,3174.826
568,6114.234
569,3163.6758
570,2826.5623
571,10377.066
572,5936.1353
573,2719.6135
574,8339.26
575,2628.9536
576,6093.403
577,3579.7368
578,9375.159
579,7404.3706
580,7928.2476
581,2424.1316
582,5051.2637
583,2638.526
584,4839.5938
585,3557.059
586,16068.895
587,11390.915
588,4872.6533
589,2952.5122
590,5816.494
591,4264.4585
592,2577.0603
593,7095.0757
594,2481.7095
595,14130.732
596,4182.683
597,4801.9106
598,5873.102
599,11520.319
600,6700.5166
601,4920.3022
602,4971.736
603,6127.6797
604,6390.3335
605,7053.9683
606,3992.61
607,1231.631
608,4641.3457
609,2992.0503
610,3095.0542
611,5683.96
612,6787.826
613,5711.3887
614,5298.3594
615,8222.439
616,5720.832
617,3216.4626
618,7619.1763
619,2302.0137
620,9550.519
621,4902.771
622,2751.2844
623,4627.677
624,4278.0303
625,4785.819
626,7023.8774
627,7032.055
628,3866.6843
629,6156.4917
630,2454.9155
631,4649.703
632,8089.636
633,8747.572
634,3503.9983
635,2143.8308
636,5097.571
637,7107.667
638,6328.3003
639,2588.4517
640,10804.385
641,3663.7637
642,3412.9324
643,5552.898
644,9550.618
645,9245.522
646,4204.593
647,4412.8843
648,5862.6523
649,1469.6179
650,6831.3105
651,7043.736
652,4356.106
653,4436.11
654,2965.7847
655,8384.3125
656,3046.508
657,4625.4214
658,3839.9946
659,3569.299
660,2897.4102
661,7499.4194
662,6607.507
663,5462.425
664,3719.47
665,5023.8506
666,7686.233
667,7520.414
668,7586.609
669,4840.568
670,5301.165
671,5703.446
672,7954.895
673,6813.26
674,5312.965
675,1952.9097
676,6377.9233
677,6264.9927
678,6104.933
679,7718.359
680,5628.3154
681,2741.6736
682,7608.777
683,5331.1284
684,9860.419
685,2664.2583
686,2647.1414
687,8962.328
688,1507.9525
689,5152.5864
690,4539.7646
691,7866.2866
692,3852.914
693,4557.95
694,9224.049
695,2757.649
696,6199.053
697,9777.082
698,14829.295
699,6867.89
700,2503.133
701,5316.169
702,3653.468
703,2267.8403
704,7570.475
705,4968.564
706,6455.6895
707,5271.4604
708,5357.8516
709,5421.692
710,4796.751
711,4872.1514
712,4410.2417
713,8838.078
714,5199.683
715,2304.972
716,6105.719
717,4105.651
718,5634.224
719,5581.2754
720,5713.2305
721,7497.0024
722,7784.7217
723,8111.301
724,5667.913
725,4931.302
726,5867.704
727,2970.0005
728,5719.6313
729,8795.301
730,6772.5576
731,6790.248
732,6061.4854
733,13489.472
734,3218.1445
735,3614.9832
736,4871.2637
737,4197.8564
738,8659.827
739,9783.192
740,7747.389
741,7165.7583
742,7520.285
743,1989.2935
744,7881.63
745,3046.011
746,6498.4653
747,5989.7354
748,5243.4326
749,2082.6335
750,5036.34
751,3552.1797
752,3183.661
753,7068.604
754,4619.9844
755,8674.435
756,17591.912
757,5549.462
758,3223.915
759,4716.2554
760,8438.795
761,6380.594
762,4282.064
763,5452.789
764,2062.6829
765,5908.512
766,6982.7964
767,3371.7788
768,10253.703
769,11506.1
770,3045.2207
771,5412.6753
772,3599.4055
773,3864.918
774,3967.2722
775,8557.261
776,3862.0176
777,4614.255
778,4555.3813
779,2841.7537
780,2699.8823
781,2626.026
782,5454.0166
783,5524.5757
784,4547.141
785,7637.4824
786,1074.8645
787,7487.712
788,14978.688
789,3110.7397
790,8133.7754
791,6895.4316
792,4578.164
793,4256.489
794,2414.048
795,4301.12
796,4674.0493
797,5123.2256
798,3075.5195
799,9031.517
800,4348.786
801,3878.6797
802,6125.272
803,4878.2944
804,5753.48
805,4717.592
806,5833.284
807,10081.777
808,4540.224
809,6987.96
810,5850.1787
811,3570.2048
812,3261.7053
813,4669.2905
814,5679.7705
815,6078.565
816,3688.124
817,12606.451
818,5327.6006
819,4628.957
820,11603.133
821,4738.107
822,6547.4863
823,4340.005
824,5370.049
825,5234.912
826,6611.535
827,16481.357
828,3042.0093
829,5501.8735
830,3374.939
831,9617.338
832,6852.0947
833,4893.147
834,3709.354
835,4216.429
836,2601.9592
837,2170.517
838,6702.0312
839,2147.444
840,3936.9956
841,1289.5795
842,20803.398
843,8692.232
844,2223.4944
845,5285.9463
846,5970.5186
847,6670.043
848,5217.753
849,8080.159
850,5591.5327
851,5959.253
852,3008.2097
853,7681.645
854,6136.9097
855,4097.192
856,6089.0977
857,9427.337
858,4339.322
859,8167.5767
860,6545.2695
861,3305.061
862,5444.4946
863,6509.4893
864,2745.1008
865,8988.497
866,6749.432
867,4394.1714
868,9986.277
869,3612.0393
870,4998.0684
871,8451.207
872,6330.528
873,2369.3604
874,4731.5356
875,3733.241
876,3160.228
877,4814.298
878,5677.2354
879,3341.4841
880,5992.9297
881,2343.6636
882,5549.234
883,3007.7563
884,5451.3486
885,5545.858
886,4695.011
887,5629.384
888,8830.967
889,2628.5537
890,5459.4297
891,6977.896
892,3173.1333
893,5530.4175
894,6020.902
895,9059.901
896,6369.3394
897,3665.155
898,2206.321
899,2172.7942
900,5384.369
901,4681.854
902,4102.339
903,11476.508
904,5511.9165
905,5560.472
906,8349.367
907,6861.238
908,2263.4597
909,8718.312
910,4375.721
911,7546.3604
912,6202.691
913,7226.7017
914,5993.347
915,8407.487
916,5237.694
917,4193.778
918,2884.4795
919,3402.757
920,6296.3057
921,4209.83
922,8001.221
923,4902.2285
924,2879.8022
925,7722.1807
926,7270.937
927,4821.918
928,7234.9917
929,4370.0605
930,6816.165
931,2963.7468
932,4850.2466
933,3739.0823
934,4652.587
935,3367.905
936,6312.8965
937,7633.1562
938,7777.968
939,6175.029
940,5443.0303
941,4173.1704
942,6151.5083
943,6747.617
944,7126.498
945,2842.2349
946,2911.8499
947,8595.994
948,6233.068
949,3016.5034
950,3993.0254
951,7636.7466
952,6383.023
953,2505.5583
954,6133.7144
955,4823.9604
956,1758.9607
957,5099.7104
958,2758.4304
959,4213.7275
960,6132.1875
961,5845.7944
962,5311.05
963,4135.989
964,8340.517
965,6294.462
966,3622.2495
967,5492.519
968,4995.023
969,2997.633
970,1207.5823
971,7140.2827
972,1572.7596
973,5734.3643
974,9740.429
975,5541.8813
976,4530.0103
977,3013.6184
978,5380.067
979,5180.974
980,4896.0137
981,5543.4253
982,6039.163
983,7641.5845
984,6323.2197
985,8564.879
986,3834.8809
987,3956.1577
988,4360.7334
989,3592.7402
990,5174.3413
991,6601.3647
992,3453.959
993,5266.932
994,2720.1677
995,7812.921
996,4515.5747
997,4373.0757
998,3969.324
999,5409.94
1000,7460.8076
1001,3388.2166
1002,6465.074
1003,4639.677
1004,5394.9443
1005,5312.3267
1006,5985.9717
1007,7496.38
1008,4543.1484
1009,3652.6455
1010,9513.253
1011,6474.602
1012,6500.7344
1013,1965.8423
1014,4509.8022
1015,5052.6323
1016,4217.089
1017,4754.8228
1018,10122.167
1019,7959.8667
1020,9482.399
1021,9847.966
1022,6177.326
1023,5089.243
1024,6042.1304
1025,6004.711
1026,7442.6978
1027,10304.891
1028,3345.8635
1029,1869.6824
1030,1459.7385
1031,4070.453
1032,5067.489
1033,9744.675
1034,2388.955
1035,1884.7797
1036,5178.148
1037,5545.779
1038,5650.5044
1039,8508.389
1040,6697.488
1041,6324.251
1042,2755.1929
1043,7672.9385
1044,6235.441
1045,6288.305
1046,6894.715
1047,3489.911
1048,6086.7397
1049,3056.5396
1050,6531.8423
1051,5746.531
1052,5088.617
1053,6214.274
1054,3877.1592
1055,6234.079
1056,4849.918
1057,6635.9346
1058,4960.211
1059,8164.5
1060,5370.1665
1061,8565.974
1062,5167.357
1063,3569.5068
1064,8162.1177
1065,2832.3052
1066,10281.319
1067,5675.7144
1068,4616.2534
1069,3306.1238
1070,6945.7837
1071,4568.4355
1072,4496.418
1073,6862.154
1074,4386.432
1075,12276.839
1076,2971.7322
1077,3106.8103
1078,5790.6094
1079,5994.628
1080,10497.6875
1081,2661.1794
1082,4557.389
1083,6008.057
1084,5559.4434
1085,4552.792
1086,3468.414
1087,6065.8
1088,3312.7
1089,10670.852
1090,2796.783
1091,6555.0786
1092,13277.649
1093,7093.289
1094,6053.7485
1095,3210.2275
1096,4933.758
1097,7750.3457
1098,2762.656
1099,6940.3467
1100,2915.5789
1101,8193.317
1102,6681.536
1103,5447.8037
1104,5758.58
1105,4687.408
1106,2971.4954
1107,5403.6943
1108,2316.3142
1109,3739.4
1110,3279.399
1111,2859.4426
1112,7859.215
1113,5454.5576
1114,21841.262
1115,7574.7583
1116,0.0
1117,0.0
1118,0.0
1119,0.0
1120,0.0
1121,0.0
1122,0.0
1123,0.0
1124,0.0
1125,0.0
1126,0.0
1127,0.0
1128,0.0
1129,0.0
1130,0.0
1131,0.0
1132,0.0
1133,0.0
1134,0.0
1135,0.0
1136,0.0
1137,0.0
1138,0.0
1139,0.0
1140,0.0
1141,0.0
1142,0.0
1143,0.0
1144,0.0
1145,0.0
1146,0.0
1147,0.0
1148,0.0
1149,0.0
1150,0.0
1151,0.0
1152,0.0
1153,0.0
1154,0.0
1155,0.0
1156,0.0
1157,0.0
1158,0.0
1159,0.0
1160,0.0
1161,0.0
1162,0.0
1163,0.0
1164,0.0
1165,0.0
1166,0.0
1167,0.0
1168,0.0
1169,0.0
1170,0.0
1171,0.0
1172,0.0
1173,0.0
1174,0.0
1175,0.0
1176,0.0
1177,0.0
1178,0.0
1179,0.0
1180,0.0
1181,0.0
1182,0.0
1183,0.0
1184,0.0
1185,0.0
1186,0.0
1187,0.0
1188,0.0
1189,0.0
1190,0.0
1191,0.0
1192,0.0
1193,0.0
1194,0.0
1195,0.0
1196,0.0
1197,0.0
1198,0.0
1199,0.0
1200,11807.281
1201,0.0
1202,0.0
1203,0.0
1204,0.0
1205,0.0
1206,0.0
1207,0.0
1208,0.0
1209,0.0
1210,0.0
1211,0.0
1212,0.0
1213,0.0
1214,0.0
1215,0.0
1216,0.0
1217,0.0
1218,0.0
1219,0.0
1220,0.0
1221,0.0
1222,0.0
1223,0.0
1224,0.0
1225,0.0
1226,0.0
1227,0.0
1228,0.0
1229,0.0
1230,0.0
1231,0.0
1232,0.0
1233,0.0
1234,0.0
1235,0.0
1236,0.0
1237,3151.1365
1238,0.0
1239,0.0
1240,0.0
1241,0.0
1242,0.0
1243,0.0
1244,0.0
1245,0.0
1246,0.0
1247,0.0
1248,0.0
1249,0.0
1250,0.0
1251,0.0
1252,0.0
1253,0.0
1254,0.0
1255,0.0
1256,0.0
1257,0.0
1258,0.0
1259,0.0
1260,0.0
1261,0.0
1262,0.0
1263,0.0
1264,0.0
1265,0.0
1266,0.0
1267,0.0
1268,0.0
1269,0.0
1270,0.0
1271,0.0
1272,0.0
1273,0.0
1274,0.0
1275,0.0
1276,0.0
1277,0.0
1278,0.0
1279,0.0
1280,0.0
1281,0.0
1282,0.0
1283,0.0
1284,0.0
1285,0.0
1286,0.0
1287,0.0
1288,0.0
1289,0.0
1290,0.0
1291,0.0
1292,0.0
1293,0.0
1294,0.0
1295,0.0
1296,0.0
1297,0.0
1298,0.0
1299,0.0
1300,0.0
1301,0.0
1302,0.0
1303,0.0
1304,0.0
1305,0.0
1306,0.0
1307,0.0
1308,0.0
1309,0.0
1310,0.0
1311,0.0
1312,0.0
1313,0.0
1314,0.0
1315,0.0
1316,0.0
1317,0.0
1318,0.0
1319,0.0
1320,0.0
1321,0.0
1322,0.0
1323,0.0
1324,2247.501
1325,0.0
1326,0.0
1327,0.0
1328,0.0
1329,0.0
1330,0.0
1331,0.0
1332,0.0
1333,0.0
1334,0.0
1335,0.0
1336,0.0
1337,0.0
1338,0.0
1339,0.0
1340,0.0
1341,0.0
1342,0.0
1343,0.0
1344,0.0
1345,0.0
1346,0.0
1347,0.0
1348,0.0
1349,0.0
1350,0.0
1351,0.0
1352,0.0
1353,0.0
1354,0.0
1355,0.0
1356,0.0
1357,0.0
1358,0.0
1359,0.0
1360,0.0
1361,0.0
1362,0.0
1363,0.0
1364,0.0
1365,0.0
1366,0.0
1367,0.0
1368,0.0
1369,0.0
1370,0.0
1371,0.0
1372,0.0
1373,0.0
1374,17085.846
1375,0.0
1376,0.0
1377,29838.375
1378,0.0
1379,0.0
1380,0.0
1381,0.0
1382,0.0
1383,0.0
1384,0.0
1385,0.0
1386,0.0
1387,0.0
1388,0.0
1389,7566.606
1390,0.0
1391,0.0
1392,0.0
1393,0.0
1394,0.0
1395,0.0
1396,0.0
1397,0.0
1398,0.0
1399,0.0
1400,0.0
1401,0.0
1402,0.0
1403,0.0
1404,0.0
1405,0.0
1406,0.0
1407,0.0
1408,0.0
1409,0.0
1410,0.0
1411,0.0
1412,0.0
1413,0.0
1414,3600.1646
1415,0.0
1416,0.0
1417,0.0
1418,0.0
1419,0.0
1420,0.0
1421,0.0
1422,0.0
1423,0.0
1424,0.0
1425,2263.9954
1426,0.0
1427,0.0
1428,0.0
1429,0.0
1430,0.0
1431,0.0
1432,0.0
1433,0.0
1434,0.0
1435,0.0
1436,0.0
1437,0.0
1438,0.0
1439,0.0
1440,0.0
1441,0.0
1442,0.0
1443,0.0
1444,0.0
1445,0.0
1446,0.0
1447,0.0
1448,0.0
1449,0.0
1450,7877.9624
1451,0.0
1452,0.0
1453,0.0
1454,0.0
1455,0.0
1456,0.0
1457,0.0
1458,0.0
1459,0.0
1460,0.0
1461,0.0
1462,0.0
1463,0.0
1464,0.0
1465,0.0
1466,0.0
1467,0.0
1468,8929.044
1469,0.0
1470,0.0
1471,0.0
1472,0.0
1473,0.0
1474,0.0
1475,0.0
1476,0.0
1477,0.0
1478,0.0
1479,0.0
1480,0.0
1481,0.0
1482,0.0
1483,0.0
1484,0.0
1485,0.0
1486,0.0
1487,0.0
1488,0.0
1489,0.0
1490,0.0
1491,0.0
1492,0.0
1493,0.0
1494,0.0
1495,0.0
1496,0.0
1497,0.0
1498,0.0
1499,0.0
1500,0.0
1501,0.0
1502,0.0
1503,0.0
1504,0.0
1505,0.0
1506,0.0
1507,0.0
1508,0.0
1509,0.0
1510,0.0
1511,0.0
1512,0.0
1513,0.0
1514,0.0
1515,0.0
1516,0.0
1517,0.0
1518,0.0
1519,0.0
1520,0.0
1521,0.0
1522,0.0
1523,0.0
1524,0.0
1525,0.0
1526,0.0
1527,0.0
1528,0.0
1529,0.0
1530,0.0
1531,0.0
1532,0.0
1533,0.0
1534,0.0
1535,0.0
1536,0.0
1537,0.0
1538,14612.355
1539,0.0
1540,0.0
1541,0.0
1542,0.0
1543,0.0
1544,0.0
1545,0.0
1546,0.0
1547,0.0
1548,1641.8474
1549,0.0
1550,0.0
1551,0.0
1552,0.0
1553,0.0
1554,0.0
1555,0.0
1556,0.0
1557,0.0
1558,0.0
1559,0.0
1560,0.0
1561,0.0
1562,0.0
1563,0.0
1564,0.0
1565,0.0
1566,0.0
1567,0.0
1568,4104.4956
1569,0.0
1570,0.0
1571,0.0
1572,0.0
1573,0.0
1574,0.0
1575,0.0
1576,0.0
1577,0.0
1578,0.0
1579,0.0
1580,0.0
1581,0.0
1582,0.0
1583,0.0
1584,0.0
1585,0.0
1586,0.0
1587,0.0
1588,0.0
1589,0.0
1590,0.0
1591,0.0
1592,0.0
1593,0.0
1594,0.0
1595,0.0
1596,0.0
1597,0.0
1598,0.0
1599,0.0
1600,0.0
1601,0.0
1602,0.0
1603,0.0
1604,0.0
1605,0.0
1606,0.0
1607,0.0
1608,0.0
1609,7848.4575
1610,0.0
1611,0.0
1612,0.0
1613,0.0
1614,0.0
1615,0.0
1616,0.0
1617,0.0
1618,0.0
1619,0.0
1620,0.0
1621,0.0
1622,0.0
1623,0.0
1624,0.0
1625,0.0
1626,0.0
1627,7464.694
1628,0.0
1629,0.0
1630,0.0
1631,0.0
1632,0.0
1633,0.0
1634,0.0
1635,0.0
1636,0.0
1637,0.0
1638,0.0
1639,1899.4304
1640,0.0
1641,0.0
1642,0.0
1643,0.0
1644,0.0
1645,4310.0366
1646,0.0
1647,0.0
1648,0.0
1649,0.0
1650,0.0
1651,0.0
1652,0.0
1653,0.0
1654,0.0
1655,0.0
1656,0.0
1657,0.0
1658,0.0
1659,0.0
1660,0.0
1661,0.0
1662,0.0
1663,0.0
1664,0.0
1665,0.0
1666,0.0
1667,0.0
1668,0.0
1669,0.0
1670,0.0
1671,0.0
1672,0.0
1673,0.0
1674,0.0
1675,0.0
1676,0.0
1677,18445.148
1678,0.0
1679,0.0
1680,0.0
1681,0.0
1682,0.0
1683,0.0
1684,0.0
1685,0.0
1686,0.0
1687,0.0
1688,0.0
1689,0.0
1690,0.0
1691,0.0
1692,0.0
1693,5194.2056
1694,0.0
1695,0.0
1696,0.0
1697,0.0
1698,0.0
1699,0.0
1700,0.0
1701,0.0
1702,0.0
1703,0.0
1704,0.0
1705,0.0
1706,0.0
1707,0.0
1708,0.0
1709,0.0
1710,0.0
1711,0.0
1712,0.0
1713,0.0
1714,0.0
1715,0.0
1716,0.0
1717,0.0
1718,0.0
1719,0.0
1720,0.0
1721,0.0
1722,0.0
1723,0.0
1724,0.0
1725,0.0
1726,0.0
1727,0.0
1728,0.0
1729,0.0
1730,0.0
1731,0.0
1732,0.0
1733,0.0
1734,0.0
1735,0.0
1736,0.0
1737,0.0
1738,0.0
1739,0.0
1740,0.0
1741,0.0
1742,0.0
1743,0.0
1744,0.0
1745,0.0
1746,0.0
1747,0.0
1748,0.0
1749,0.0
1750,0.0
1751,0.0
1752,0.0
1753,0.0
1754,0.0
1755,0.0
1756,0.0
1757,0.0
1758,0.0
1759,0.0
1760,0.0
1761,0.0
1762,0.0
1763,0.0
1764,0.0
1765,0.0
1766,0.0
1767,0.0
1768,0.0
1769,0.0
1770,0.0
1771,0.0
1772,0.0
1773,0.0
1774,0.0
1775,0.0
1776,0.0
1777,0.0
1778,0.0
1779,0.0
1780,0.0
1781,0.0
1782,0.0
1783,0.0
1784,0.0
1785,0.0
1786,0.0
1787,0.0
1788,0.0
1789,0.0
1790,0.0
1791,13615.82
1792,0.0
1793,0.0
1794,0.0
1795,0.0
1796,0.0
1797,7237.3037
1798,0.0
1799,0.0
1800,0.0
1801,0.0
1802,0.0
1803,0.0
1804,0.0
1805,0.0
1806,0.0
1807,0.0
1808,0.0
1809,0.0
1810,0.0
1811,0.0
1812,0.0
1813,0.0
1814,0.0
1815,0.0
1816,0.0
1817,0.0
1818,0.0
1819,0.0
1820,0.0
1821,0.0
1822,0.0
1823,0.0
1824,0.0
1825,0.0
1826,0.0
1827,0.0
1828,0.0
1829,0.0
1830,0.0
1831,0.0
1832,0.0
1833,0.0
1834,0.0
1835,0.0
1836,0.0
1837,0.0
1838,0.0
1839,0.0
1840,0.0
1841,0.0
1842,0.0
1843,0.0
1844,0.0
1845,0.0
1846,0.0
1847,2662.0747
1848,15270.363
1849,0.0
1850,0.0
1851,0.0
1852,0.0
1853,0.0
1854,0.0
1855,0.0
1856,0.0
1857,0.0
1858,0.0
1859,0.0
1860,0.0
1861,0.0
1862,0.0
1863,0.0
1864,0.0
1865,0.0
1866,0.0
1867,0.0
1868,0.0
1869,0.0
1870,0.0
1871,0.0
1872,0.0
1873,0.0
1874,0.0
1875,0.0
1876,0.0
1877,0.0
1878,0.0
1879,0.0
1880,0.0
1881,0.0
1882,0.0
1883,0.0
1884,11601.307
1885,0.0
1886,0.0
1887,0.0
1888,0.0
1889,0.0
1890,0.0
1891,0.0
1892,0.0
1893,0.0
1894,0.0
1895,0.0
1896,0.0
1897,0.0
1898,0.0
1899,0.0
1900,0.0
1901,0.0
1902,0.0
1903,0.0
1904,0.0
1905,0.0
1906,0.0
1907,0.0
1908,0.0
1909,0.0
1910,0.0
1911,0.0
1912,0.0
1913,0.0
1914,0.0
1915,0.0
1916,0.0
1917,0.0
1918,0.0
1919,0.0
1920,0.0
1921,0.0
1922,0.0
1923,0.0
1924,0.0
1925,0.0
1926,0.0
1927,0.0
1928,0.0
1929,0.0
1930,0.0
1931,0.0
1932,0.0
1933,0.0
1934,0.0
1935,0.0
1936,0.0
1937,0.0
1938,0.0
1939,0.0
1940,0.0
1941,0.0
1942,0.0
1943,0.0
1944,0.0
1945,0.0
1946,0.0
1947,0.0
1948,0.0
1949,0.0
1950,0.0
1951,0.0
1952,0.0
1953,0.0
1954,0.0
1955,0.0
1956,0.0
1957,0.0
1958,0.0
1959,0.0
1960,0.0
1961,0.0
1962,0.0
1963,0.0
1964,0.0
1965,0.0
1966,0.0
1967,0.0
1968,0.0
1969,0.0
1970,0.0
1971,0.0
1972,0.0
1973,0.0
1974,0.0
1975,0.0
1976,0.0
1977,0.0
1978,2295.7322
1979,0.0
1980,0.0
1981,0.0
1982,1881.2445
1983,0.0
1984,0.0
1985,0.0
1986,0.0
1987,0.0
1988,0.0
1989,0.0
1990,0.0
1991,0.0
1992,0.0
1993,0.0
1994,0.0
1995,0.0
1996,0.0
1997,0.0
1998,0.0
1999,0.0
2000,0.0
2001,0.0
2002,0.0
2003,0.0
2004,0.0
2005,0.0
2006,0.0
2007,0.0
2008,0.0
2009,0.0
2010,0.0
2011,0.0
2012,0.0
2013,0.0
2014,0.0
2015,0.0
2016,0.0
2017,0.0
2018,0.0
2019,0.0
2020,0.0
2021,0.0
2022,0.0
2023,0.0
2024,0.0
2025,0.0
2026,0.0
2027,0.0
2028,0.0
2029,0.0
2030,0.0
2031,0.0
2032,0.0
2033,0.0
2034,0.0
2035,0.0
2036,0.0
2037,0.0
2038,0.0
2039,0.0
2040,0.0
2041,0.0
2042,0.0
2043,0.0
2044,0.0
2045,0.0
2046,2269.324
2047,0.0
2048,0.0
2049,0.0
2050,0.0
2051,0.0
2052,0.0
2053,0.0
2054,0.0
2055,0.0
2056,0.0
2057,0.0
2058,0.0
2059,0.0
2060,0.0
2061,0.0
2062,0.0
2063,11112.259
2064,0.0
2065,0.0
2066,0.0
2067,0.0
2068,0.0
2069,0.0
2070,0.0
2071,0.0
2072,0.0
2073,0.0
2074,0.0
2075,0.0
2076,0.0
2077,0.0
2078,0.0
2079,0.0
2080,0.0
2081,0.0
2082,0.0
2083,0.0
2084,0.0
2085,0.0
2086,0.0
2087,0.0
2088,0.0
2089,0.0
2090,0.0
2091,0.0
2092,0.0
2093,0.0
2094,0.0
2095,0.0
2096,0.0
2097,0.0
2098,0.0
2099,0.0
2100,0.0
2101,0.0
2102,0.0
2103,0.0
2104,0.0
2105,0.0
2106,0.0
2107,0.0
2108,0.0
2109,0.0
2110,0.0
2111,0.0
2112,0.0
2113,0.0
2114,0.0
2115,0.0
2116,0.0
2117,0.0
2118,0.0
2119,0.0
2120,0.0
2121,0.0
2122,0.0
2123,0.0
2124,0.0
2125,0.0
2126,0.0
2127,0.0
2128,0.0
2129,0.0
2130,0.0
2131,0.0
2132,0.0
2133,0.0
2134,0.0
2135,0.0
2136,0.0
2137,0.0
2138,0.0
2139,0.0
2140,0.0
2141,0.0
2142,0.0
2143,0.0
2144,0.0
2145,0.0
2146,0.0
2147,0.0
2148,0.0
2149,0.0
2150,0.0
2151,0.0
2152,0.0
2153,0.0
2154,0.0
2155,0.0
2156,0.0
2157,0.0
2158,0.0
2159,0.0
2160,3453.4153
2161,0.0
2162,0.0
2163,0.0
2164,0.0
2165,0.0
2166,0.0
2167,0.0
2168,0.0
2169,0.0
2170,0.0
2171,0.0
2172,0.0
2173,0.0
2174,0.0
2175,0.0
2176,0.0
2177,0.0
2178,0.0
2179,0.0
2180,0.0
2181,0.0
2182,0.0
2183,0.0
2184,0.0
2185,0.0
2186,0.0
2187,0.0
2188,0.0
2189,0.0
2190,0.0
2191,0.0
2192,0.0
2193,0.0
2194,0.0
2195,0.0
2196,4836.1606
2197,0.0
2198,0.0
2199,0.0
2200,0.0
2201,0.0
2202,0.0
2203,0.0
2204,0.0
2205,0.0
2206,0.0
2207,0.0
2208,0.0
2209,0.0
2210,0.0
2211,0.0
2212,13226.246
2213,0.0
2214,4570.5234
2215,0.0
2216,0.0
2217,0.0
2218,0.0
2219,0.0
2220,0.0
2221,0.0
2222,0.0
2223,0.0
2224,0.0
2225,0.0
2226,0.0
2227,0.0
2228,0.0
2229,0.0
2230,0.0
2231,3744.9187
2232,4261.8804
2233,5913.417
2234,8931.036
2235,4234.3896
2236,4463.6577
2237,8400.169
2238,5811.392
2239,7166.0044
2240,5860.584
2241,6711.627
2242,6525.528
2243,3933.0955
2244,5546.932
2245,5924.189
2246,7811.5723
2247,5201.0024
2248,6306.914
2249,6573.0474
2250,8765.069
2251,4303.6074
2252,4233.4565
2253,4631.2666
2254,8819.401
2255,10740.458
2256,5453.226
2257,8152.6177
2258,4026.2747
2259,7013.093
2260,3428.0596
2261,4701.0474
2262,3942.3733
2263,7717.527
2264,7770.493
2265,9222.122
2266,9311.949
2267,5078.7974
2268,4980.3315
2269,4001.6086
2270,3833.619
2271,5679.272
2272,9566.317
2273,6048.006
2274,4827.588
2275,4560.129
2276,4471.823
2277,6774.677
2278,3499.4219
2279,6518.965
2280,3570.7976
2281,6354.23
2282,5426.923
2283,4693.1035
2284,5983.163
2285,4560.8813
2286,7102.612
2287,8231.644
2288,6528.161
2289,5309.368
2290,7437.5454
2291,4717.8306
2292,6972.5337
2293,5436.9385
2294,9455.982
2295,4365.557
2296,5688.5864
2297,7177.9277
2298,6431.6333
2299,7852.658
2300,5724.402
2301,7569.9844
2302,3764.392
2303,4615.289
2304,5544.4775
2305,5479.2437
2306,8663.512
2307,6638.2583
2308,3161.425
2309,5068.654
2310,6844.0605
2311,7031.5054
2312,7936.169
2313,3890.3892
2314,12298.309
2315,6625.752
2316,4010.7268
2317,6275.5063
2318,5411.849
2319,6347.966
2320,7780.8022
2321,4130.1973
2322,5153.3433
2323,5382.0225
2324,6364.0195
2325,6039.3765
2326,4762.153
2327,6079.516
2328,4756.2925
2329,5033.977
2330,8065.5913
2331,6656.912
2332,5895.092
2333,4781.995
2334,10518.675
2335,4671.8833
2336,8632.704
2337,7235.668
2338,11985.528
2339,6041.8135
2340,4136.198
2341,5513.0684
2342,6167.5117
2343,5449.9966
2344,4476.637
2345,7362.616
2346,7284.8413
2347,3722.1924
2348,6990.7065
2349,5740.4443
2350,6613.011
2351,4370.4277
2352,7003.7144
2353,7330.9917
2354,4718.0557
2355,11445.3545
2356,4872.3604
2357,4498.649
2358,7148.8076
2359,8447.202
2360,5373.067
2361,4925.12
2362,6723.8394
2363,5359.1445
2364,4969.2563
2365,5348.5786
2366,4693.144
2367,8280.876
2368,6870.439
2369,6445.1685
2370,7215.613
2371,4832.006
2372,4589.2915
2373,5489.738
2374,6623.0034
2375,6985.2544
2376,7322.5566
2377,7223.7935
2378,9067.898
2379,5209.6865
2380,7394.215
2381,6051.6934
2382,4985.0894
2383,5396.9
2384,8182.9146
2385,6135.5166
2386,5612.4204
2387,9130.401
2388,7002.131
2389,6560.9585
2390,4604.722
2391,6979.793
2392,6062.133
2393,6880.505
2394,6100.4395
2395,3829.233
2396,4845.266
2397,7875.8135
2398,6886.4272
2399,5155.1577
2400,3585.9368
2401,7747.8843
2402,6761.7847
2403,7528.3516
2404,6116.7246
2405,5198.8003
2406,4855.375
2407,3656.3442
2408,8834.219
2409,6489.6016
2410,6393.6807
2411,5540.6025
2412,4765.1655
2413,0.0
2414,5904.72
2415,5876.453
2416,3592.7847
2417,5644.8267
2418,4228.8677
2419,7503.505
2420,7459.05
2421,6256.107
2422,10620.765
2423,4254.1304
2424,4362.6636
2425,9829.63
2426,5006.2324
2427,5603.4287
2428,1914.448
2429,7160.873
2430,7496.2515
2431,4272.378
2432,5794.024
2433,5664.027
2434,5775.903
2435,5686.3022
2436,7597.0
2437,9897.401
2438,2553.0732
2439,5830.0024
2440,2628.1426
2441,13017.452
2442,3989.9602
2443,7450.9653
2444,8419.886
2445,5186.5215
2446,6219.201
2447,4514.279
2448,4905.2036
2449,3394.0784
2450,4250.4478
2451,5101.5303
2452,4886.999
2453,6559.788
2454,6558.224
2455,4383.149
2456,6463.6436
2457,6114.018
2458,7342.216
2459,7656.1978
2460,7160.921
2461,4035.295
2462,3128.089
2463,9333.494
2464,8944.71
2465,4693.726
2466,7231.1284
2467,5269.359
2468,7142.6733
2469,4470.0576
2470,4947.948
2471,5990.158
2472,3084.1753
2473,5632.338
2474,4271.64
2475,9259.387
2476,6454.7534
2477,7128.8433
2478,7124.16
2479,4661.9473
2480,7571.089
2481,18283.787
2482,8446.969
2483,4814.206
2484,2529.2332
2485,5397.8574
2486,7058.525
2487,5193.2197
2488,5915.403
2489,12471.209
2490,6287.028
2491,9445.094
2492,18191.443
2493,3981.4968
2494,6311.9395
2495,4720.959
2496,4113.3184
2497,6845.3926
2498,4462.649
2499,7631.22
2500,9785.768
2501,6896.142
2502,5333.702
2503,6840.145
2504,4189.8633
2505,6108.5444
2506,3549.4258
2507,5726.794
2508,6675.3003
2509,8382.321
2510,5526.5415
2511,4964.6035
2512,4322.104
2513,7110.8677
2514,4630.781
2515,4990.456
2516,3330.8606
2517,7969.461
2518,4845.5063
2519,5595.641
2520,6634.302
2521,6988.0464
2522,6305.05
2523,5463.618
2524,5856.7725
2525,5107.056
2526,6207.26
2527,6484.1196
2528,7763.041
2529,7552.243
2530,6628.7485
2531,5026.046
2532,2975.7095
2533,5308.796
2534,6421.7153
2535,5306.3403
2536,4587.0596
2537,1882.479
2538,7406.0728
2539,5751.236
2540,8279.431
2541,6440.5903
2542,4658.644
2543,5856.1523
2544,4772.4165
2545,4015.6843
2546,8915.921
2547,4931.5933
2548,6135.452
2549,7012.919
2550,14005.51
2551,4639.2563
2552,4434.997
2553,6796.151
2554,4841.8057
2555,5475.5654
2556,4785.7324
2557,7229.4526
2558,4373.547
2559,6388.676
2560,3558.8342
2561,5513.2207
2562,3926.9473
2563,9345.101
2564,4747.653
2565,13024.295
2566,12097.271
2567,4533.5073
2568,6259.515
2569,4932.111
2570,6025.4863
2571,5249.002
2572,10960.945
2573,6529.494
2574,8111.2466
2575,4222.946
2576,6983.176
2577,4611.2407
2578,8123.9053
2579,8844.285
2580,5719.9043
2581,5511.9272
2582,5753.337
2583,6417.8516
2584,7374.051
2585,8572.536
2586,5663.525
2587,6885.731
2588,9259.767
2589,6039.5605
2590,6261.253
2591,4459.585
2592,9348.292
2593,7063.495
2594,4839.949
2595,4799.433
2596,5571.9404
2597,4415.7056
2598,7822.286
2599,5442.4956
2600,6608.774
2601,5387.3643
2602,8282.164
2603,4186.2515
2604,7343.5537
2605,7587.608
2606,7549.1104
2607,7177.7837
2608,6159.3403
2609,3631.875
2610,12077.961
2611,9538.721
2612,6321.3623
2613,15778.617
2614,8820.074
2615,6280.249
2616,5824.6997
2617,7670.0703
2618,9608.903
2619,10658.676
2620,10348.76
2621,5298.3643
2622,7300.5615
2623,5019.755
2624,7200.7827
2625,4053.2842
2626,9578.743
2627,5066.1787
2628,4296.257
2629,5874.867
2630,8042.231
2631,7060.1543
2632,4755.966
2633,7551.775
2634,4813.035
2635,3824.148
2636,6131.4155
2637,3932.8252
2638,4239.183
2639,5099.589
2640,5614.5513
2641,8210.872
2642,8437.347
2643,7026.8457
2644,6133.024
2645,5262.4478
2646,10669.427
2647,6388.487
2648,4672.503
2649,4869.3545
2650,4723.3643
2651,7673.0923
2652,4225.5005
2653,10698.356
2654,6775.6978
2655,3356.0576
2656,4582.725
2657,6323.9194
2658,5948.6675
2659,4599.459
2660,7839.248
2661,9337.252
2662,11648.372
2663,5178.217
2664,9702.765
2665,3282.316
2666,5022.461
2667,5811.3203
2668,4654.309
2669,6377.3574
2670,5195.593
2671,5671.0117
2672,3376.0884
2673,4522.5884
2674,9600.612
2675,7685.866
2676,4203.394
2677,5366.4746
2678,8029.638
2679,9704.773
2680,6986.287
2681,5212.833
2682,3901.6797
2683,8948.636
2684,5360.4277
2685,6575.1606
2686,5369.1323
2687,4848.4146
2688,6214.588
2689,7486.241
2690,3101.2876
2691,3807.8438
2692,4361.49
2693,6433.419
2694,9261.224
2695,6526.7544
2696,6997.631
2697,11973.451
2698,4372.771
2699,9178.975
2700,10541.312
2701,6508.2354
2702,4737.284
2703,3025.2297
2704,6689.5073
2705,5770.066
2706,5486.471
2707,5521.994
2708,6073.575
2709,9940.38
2710,4821.946
2711,4929.157
2712,5987.051
2713,4605.522
2714,6207.307
2715,4797.987
2716,3924.7153
2717,5526.7837
2718,3250.464
2719,6031.3916
2720,8041.441
2721,6204.1875
2722,7000.9424
2723,7848.7495
2724,7394.4897
2725,4754.9497
2726,7090.7256
2727,8359.821
2728,7003.5938
2729,5372.8975
2730,6122.8013
2731,4506.603
2732,9369.099
2733,5328.129
2734,6273.597
2735,4800.0967
2736,6466.209
2737,7639.486
2738,6412.271
2739,5501.0337
2740,7610.4243
2741,5510.881
2742,5725.6523
2743,16447.723
2744,5600.7783
2745,7847.2603
2746,5394.532
2747,5219.6646
2748,5185.4385
2749,4343.5586
2750,3759.612
2751,4097.8877
2752,8184.905
2753,13329.455
2754,7858.248
2755,9315.059
2756,9389.907
2757,10109.162
2758,9102.107
2759,6896.708
2760,5322.3184
2761,5208.782
2762,11465.633
2763,10095.162
2764,6266.2295
2765,8079.3037
2766,7300.039
2767,5721.8306
2768,4234.301
2769,10764.927
2770,6051.012
2771,5958.537
2772,5985.366
2773,1842.9912
2774,11982.293
2775,9376.895
2776,14372.453
2777,5476.0825
2778,4355.474
2779,4573.4106
2780,5781.2993
2781,6107.2744
2782,6242.7305
2783,5929.729
2784,5450.652
2785,4195.25
2786,6659.319
2787,3550.8584
2788,2615.7505
2789,5606.5454
2790,12031.421
2791,6040.4707
2792,16953.893
2793,4559.6895
2794,5428.538
2795,5985.1553
2796,4944.2256
2797,4662.8057
2798,4672.739
2799,4955.5527
2800,3572.5557
2801,7626.352
2802,5942.973
2803,3442.3933
2804,8420.833
2805,4404.0493
2806,5633.794
2807,4344.2754
2808,8764.225
2809,6522.025
2810,9508.854
2811,4663.446
2812,6123.3794
2813,3894.4883
2814,4217.825
2815,4228.1094
2816,13493.551
2817,9640.049
2818,5569.161
2819,4242.504
2820,4594.061
2821,5430.0713
2822,4228.194
2823,8583.7295
2824,4409.754
2825,13855.748
2826,4129.0195
2827,4987.9053
2828,5545.768
2829,8943.414
2830,5845.5884
2831,4220.7393
2832,6087.599
2833,6277.716
2834,6485.2085
2835,6045.203
2836,5552.1196
2837,3041.7134
2838,8478.9
2839,5091.768
2840,3716.6255
2841,5792.8413
2842,5776.9497
2843,5721.8525
2844,6205.028
2845,8235.9
2846,7694.896
2847,6053.7773
2848,6195.3706
2849,4092.696
2850,8035.33
2851,5248.3213
2852,3963.4368
2853,6575.3926
2854,6572.8906
2855,6033.987
2856,7615.6597
2857,5441.774
2858,5720.401
2859,6108.2065
2860,5612.87
2861,5227.238
2862,6754.958
2863,6368.653
2864,5905.419
2865,4809.1714
2866,4844.9937
2867,8196.631
2868,5342.8066
2869,3848.0913
2870,10297.993
2871,4704.6094
2872,2944.4043
2873,6448.5933
2874,8456.804
2875,8805.877
2876,5095.3003
2877,5073.844
2878,5702.962
2879,3205.4812
2880,6038.0513
2881,7368.4893
2882,5479.5415
2883,5245.629
2884,6556.6167
2885,7515.6025
2886,2910.707
2887,4874.815
2888,5168.8506
2889,4990.437
2890,4599.827
2891,6637.8843
2892,6599.552
2893,5302.364
2894,4491.0938
2895,7362.637
2896,5458.857
2897,7612.0356
2898,8097.9507
2899,4398.814
2900,6355.951
2901,6323.328
2902,7079.2104
2903,6735.111
2904,7373.537
2905,3144.119
2906,8710.042
2907,6319.6685
2908,6817.992
2909,9798.18
2910,4281.9453
2911,3577.4563
2912,11546.467
2913,7634.4814
2914,7331.747
2915,5386.5522
2916,5518.6294
2917,8302.363
2918,3046.037
2919,5884.137
2920,5175.5947
2921,7013.9023
2922,5529.6104
2923,4782.652
2924,7184.524
2925,4701.4644
2926,7907.615
2927,9861.294
2928,16529.889
2929,6731.9893
2930,4035.7954
2931,4966.1147
2932,3658.7412
2933,3053.194
2934,10955.804
2935,7505.595
2936,5137.819
2937,8070.5083
2938,4887.344
2939,10960.266
2940,4169.227
2941,5409.8057
2942,5736.465
2943,7904.056
2944,4613.1543
2945,5579.0933
2946,5076.9814
2947,4393.2617
2948,7317.6206
2949,4814.578
2950,6014.8574
2951,6805.5693
2952,8917.23
2953,6733.9224
2954,6724.558
2955,4957.6
2956,9304.758
2957,4340.051
2958,4869.2754
2959,9796.151
2960,6296.5938
2961,7851.0483
2962,7037.081
2963,14602.617
2964,4908.2085
2965,4293.0205
2966,4500.5117
2967,5670.752
2968,7730.0728
2969,9091.982
2970,5863.9165
2971,7016.7324
2972,7239.0366
2973,3378.218
2974,7184.7227
2975,6465.5117
2976,5359.5586
2977,6587.125
2978,4777.463
2979,4432.2144
2980,4449.404
2981,3921.695
2982,4217.045
2983,7486.084
2984,6437.6606
2985,9982.535
2986,14788.436
2987,6371.0527
2988,4780.2026
2989,6281.1714
2990,7929.2686
2991,8830.832
2992,3577.4597
2993,5251.1855
2994,3842.3176
2995,8570.19
2996,5876.4136
2997,5568.8105
2998,11481.215
2999,11949.642
3000,4505.786
3001,6691.3516
3002,3680.9468
3003,5240.907
3004,5619.3945
3005,8377.861
3006,4510.435
3007,3970.8313
3008,5195.9844
3009,6229.2227
3010,5797.49
3011,4337.1245
3012,5170.182
3013,6186.2886
3014,5946.636
3015,6076.9595
3016,3354.3933
3017,9684.062
3018,18007.14
3019,3906.689
3020,6358.6616
3021,7658.5493
3022,5803.681
3023,3876.8264
3024,3726.58
3025,3501.8699
3026,7090.563
3027,4668.3286
3028,6708.5293
3029,9363.899
3030,4236.83
3031,4603.427
3032,5343.031
3033,5095.825
3034,4496.053
3035,4999.6562
3036,5711.0127
3037,9554.099
3038,6796.5527
3039,7846.1973
3040,5089.2285
3041,3902.9119
3042,6309.2007
3043,6024.785
3044,7169.7236
3045,5876.5986
3046,4478.226
3047,21689.23
3048,5877.1367
3049,5452.607
3050,11022.62
3051,6436.948
3052,6000.228
3053,5526.9365
3054,6854.5854
3055,4385.202
3056,8915.419
3057,13783.822
3058,4704.174
3059,4931.2544
3060,5882.229
3061,11593.154
3062,5324.649
3063,4596.3315
3064,5809.43
3065,4949.3027
3066,6187.475
3067,3802.6929
3068,7940.606
3069,3674.057
3070,7028.669
3071,2401.4448
3072,18041.78
3073,7666.267
3074,3796.2124
3075,4296.511
3076,7873.628
3077,5601.4673
3078,5964.4106
3079,7150.035
3080,5443.046
3081,5220.3467
3082,3983.6396
3083,8809.431
3084,5175.1455
3085,5491.2197
3086,6491.4277
3087,6835.13
3088,5437.151
3089,7597.964
3090,5087.457
3091,3531.33
3092,7617.3887
3093,7801.379
3094,4326.4062
3095,7031.3647
3096,5846.0566
3097,4130.477
3098,8994.878
3099,5273.598
3100,7074.782
3101,5728.6675
3102,7331.348
3103,3810.678
3104,4422.703
3105,4224.767
3106,7889.1733
3107,5731.876
3108,7427.486
3109,3404.1792
3110,7608.1235
3111,3458.4197
3112,5612.2437
3113,4950.252
3114,5630.0176
3115,5892.618
3116,6498.4033
3117,5820.84
3118,7619.016
3119,3388.5237
3120,5591.389
3121,6787.276
3122,6453.288
3123,5915.3916
3124,6715.418
3125,9634.957
3126,6266.803
3127,2520.4602
3128,5821.2505
3129,4920.7764
3130,6277.758
3131,6530.21
3132,4071.4314
3133,10851.518
3134,4991.4175
3135,6656.233
3136,9413.571
3137,5693.7324
3138,3553.593
3139,9425.431
3140,4908.1895
3141,9302.495
3142,4875.2056
3143,7062.7876
3144,8421.363
3145,5487.099
3146,5040.1797
3147,6044.188
3148,4579.413
3149,5435.274
3150,5655.503
3151,9667.294
3152,6716.7373
3153,5307.4185
3154,4340.0464
3155,5610.825
3156,6450.2915
3157,6112.432
3158,6359.147
3159,5502.923
3160,5995.6973
3161,3906.1858
3162,6970.233
3163,6968.0396
3164,6097.868
3165,5123.216
3166,6170.7603
3167,6594.084
3168,9067.206
3169,5103.3843
3170,6716.199
3171,4951.7017
3172,5056.4507
3173,6264.5684
3174,5963.444
3175,4020.51
3176,3934.769
3177,6521.9688
3178,7625.181
3179,4396.8506
3180,5251.341
3181,6991.8003
3182,5518.066
3183,4706.2163
3184,5718.9824
3185,4212.401
3186,3285.201
3187,7643.4946
3188,4013.8958
3189,6907.7417
3190,5631.543
3191,5542.331
3192,5647.6323
3193,10110.627
3194,8306.467
3195,6640.0312
3196,4932.981
3197,7517.158
3198,7672.3823
3199,3688.708
3200,3419.946
3201,8781.7295
3202,2956.4019
3203,6422.5054
3204,11920.456
3205,6755.6216
3206,6279.099
3207,3862.6697
3208,6692.462
3209,5690.9907
3210,6007.432
3211,6461.4243
3212,7143.716
3213,7570.6343
3214,5063.3623
3215,7203.3384
3216,4302.1543
3217,6476.245
3218,4977.53
3219,5341.2827
3220,4988.4473
3221,5178.7554
3222,5579.173
3223,6684.934
3224,4418.0566
3225,8829.628
3226,6611.138
3227,3970.161
3228,4288.825
3229,7475.98
3230,6570.847
3231,4840.9004
3232,5639.1543
3233,6155.9336
3234,4449.561
3235,5992.598
3236,5543.621
3237,5391.3228
3238,4604.5947
3239,4990.5176
3240,7321.544
3241,6187.8174
3242,5506.4985
3243,3617.2012
3244,9182.854
3245,5429.481
3246,4503.6035
3247,6348.6626
3248,9641.935
3249,7366.6343
3250,7973.605
3251,9319.093
3252,6332.853
3253,4822.709
3254,5038.4014
3255,7061.9053
3256,8022.0596
3257,10798.76
3258,4076.5923
3259,5970.5923
3260,2922.796
3261,4112.1807
3262,8175.4175
3263,13097.041
3264,5650.849
3265,4176.4
3266,4366.6357
3267,5618.06
3268,4990.818
3269,7125.798
3270,7818.4297
3271,5365.2773
3272,3695.3787
3273,6454.353
3274,5359.1597
3275,8363.012
3276,7644.435
3277,4499.537
3278,5985.212
3279,3748.2817
3280,6159.7397
3281,7441.3135
3282,6678.4653
3283,7567.833
3284,5695.2373
3285,6371.8125
3286,4078.895
3287,5293.8687
3288,6752.53
3289,7368.609
3290,6738.1436
3291,7220.6523
3292,5165.0757
3293,4151.8716
3294,9165.712
3295,4072.0063
3296,10887.875
3297,5344.82
3298,3949.416
3299,5735.163
3300,5776.564
3301,5824.2666
3302,7222.9736
3303,8709.568
3304,4344.437
3305,12026.831
3306,4010.1797
3307,4337.8984
3308,5933.718
3309,6904.764
3310,10381.402
3311,6733.0166
3312,5790.5156
3313,4984.2617
3314,5931.2397
3315,6197.587
3316,4758.4478
3317,5550.4834
3318,4778.6255
3319,9527.846
3320,5917.948
3321,7599.0146
3322,11357.068
3323,7193.177
3324,4388.018
3325,4631.32
3326,5383.0137
3327,10096.433
3328,5358.01
3329,8170.2646
3330,3936.5674
3331,9163.177
3332,6528.3047
3333,4733.034
3334,4602.263
3335,4068.4148
3336,4827.008
3337,4951.867
3338,5138.3926
3339,4550.005
3340,4029.083
3341,4602.856
3342,7540.41
3343,5780.389
3344,20171.432
3345,5483.003
3346,3566.886
3347,4105.0713
3348,5939.1426
3349,7670.692
3350,3969.6987
3351,4132.7314
3352,8292.076
3353,5562.249
3354,6363.8555
3355,5383.9585
3356,6308.6167
3357,6010.2295
3358,3577.2822
3359,5045.9907
3360,5327.484
3361,7390.6187
3362,5210.611
3363,5594.0347
3364,6095.792
3365,8517.264
3366,4177.555
3367,4070.7908
3368,4012.0967
3369,8061.2534
3370,9478.366
3371,4774.174
3372,7933.5127
3373,4024.1243
3374,6429.6646
3375,3699.2512
3376,4437.849
3377,3803.4258
3378,6886.644
3379,6912.3555
3380,8660.298
3381,8496.962
3382,4700.5005
3383,4512.9653
3384,3874.815
3385,3822.4595
3386,4863.5146
3387,8791.04
3388,5559.21
3389,4486.2256
3390,3836.5237
3391,4116.6587
3392,6142.5083
3393,3147.6602
3394,6097.112
3395,3198.9377
3396,5710.6807
3397,4935.3955
3398,4375.575
3399,5624.993
3400,4269.033
3401,6474.812
3402,7450.3115
3403,6094.693
3404,4885.2324
3405,7340.6265
3406,4400.887
3407,6471.1323
3408,4869.749
3409,8438.481
3410,4403.6167
3411,5270.47
3412,6923.0376
3413,5954.1
3414,7490.2266
3415,5181.903
3416,7264.49
3417,3741.9048
3418,4393.5806
3419,5282.8013
3420,4957.898
3421,7650.8027
3422,5820.3623
3423,3011.4343
3424,4690.468
3425,5892.725
3426,6497.455
3427,7675.3906
3428,3554.0845
3429,11324.393
3430,5857.84
3431,3805.7231
3432,5705.4756
3433,5406.143
3434,6069.0522
3435,7098.1826
3436,3864.9585
3437,4725.4556
3438,5172.091
3439,5777.848
3440,6036.6523
3441,4703.7793
3442,5527.2056
3443,4280.5815
3444,4609.4023
3445,6975.7734
3446,6051.745
3447,5494.054
3448,4254.289
3449,9173.592
3450,4534.913
3451,7906.6953
3452,6410.852
3453,10378.789
3454,5500.892
3455,3902.614
3456,5073.4136
3457,5629.255
3458,4897.4756
3459,4138.0015
3460,6802.701
3461,6238.2783
3462,3441.2969
3463,5951.783
3464,5281.985
3465,5715.432
3466,3949.337
3467,6109.8496
3468,6986.68
3469,4599.7485
3470,10406.434
3471,4417.8755
3472,3912.8765
3473,6526.1504
3474,7949.7603
3475,4614.497
3476,4353.742
3477,6036.8423
3478,5288.7354
3479,4433.5884
3480,4822.3594
3481,4411.7188
3482,8039.37
3483,6607.4
3484,6010.797
3485,6709.5337
3486,4633.1445
3487,4208.4653
3488,4977.7573
3489,6145.344
3490,6751.364
3491,6608.5845
3492,6392.68
3493,8150.977
3494,4859.031
3495,6406.0356
3496,5672.2505
3497,4771.62
3498,5272.7983
3499,7103.7026
3500,5478.1514
3501,5603.642
3502,8909.375
3503,6635.308
3504,6106.2144
3505,4379.9683
3506,6642.229
3507,5591.277
3508,6224.5425
3509,5801.1245
3510,3694.3389
3511,4627.818
3512,8191.2383
3513,6584.7065
3514,4815.019
3515,3415.89
3516,7288.7124
3517,6303.877
3518,6782.448
3519,5759.0474
3520,4908.0493
3521,4555.8374
3522,3356.81
3523,8052.2856
3524,6193.5034
3525,5670.8223
3526,5282.7305
3527,4260.8438
3528,0.0
3529,5341.813
3530,4972.0347
3531,3343.8596
3532,5727.389
3533,3672.1228
3534,6840.426
3535,7211.0513
3536,6050.6772
3537,9873.99
3538,3979.8755
3539,4129.6104
3540,8829.519
3541,4272.317
3542,5123.9536
3543,2254.8079
3544,6316.0527
3545,7059.4336
3546,3803.0122
3547,5300.6543
3548,5434.507
3549,5509.5566
3550,5015.73
3551,7071.1597
3552,8974.723
3553,2148.884
3554,5385.0884
3555,2355.1704
3556,12015.298
3557,3662.4358
3558,7046.7866
3559,7422.1323
3560,4714.947
3561,5592.968
3562,4170.1777
3563,4922.9644
3564,3069.0803
3565,4216.5176
3566,4724.9775
3567,4483.8984
3568,5709.0903
3569,5843.481
3570,4046.624
3571,6141.489
3572,5656.215
3573,6977.377
3574,7032.78
3575,6288.659
3576,3910.7866
3577,2714.8892
3578,8686.447
3579,8146.143
3580,4343.6494
3581,6738.446
3582,4577.2295
3583,6487.6704
3584,3844.092
3585,4414.6235
3586,5461.242
3587,2714.1511
3588,5634.267
3589,3843.9749
3590,8090.408
3591,5847.1606
3592,6160.0337
3593,6362.8906
3594,4143.65
3595,6897.3525
3596,17390.0
3597,7803.299
3598,4481.333
3599,2251.7012
3600,4981.087
3601,6773.643
3602,4567.2637
3603,5425.4272
3604,11607.194
3605,5612.811
3606,8636.674
3607,17310.72
3608,3639.5574
3609,5610.226
3610,4384.282
3611,3908.381
3612,6314.842
3613,4049.0024
3614,7051.446
3615,8312.331
3616,7173.0
3617,4994.661
3618,6241.272
3619,3903.4778
3620,5684.9736
3621,3533.6284
3622,5236.1953
3623,5743.6978
3624,7501.237
3625,5018.568
3626,4463.2446
3627,4044.895
3628,6759.2056
3629,4326.662
3630,4422.3657
3631,3166.2148
3632,7352.721
3633,4217.2217
3634,4857.5386
3635,6346.3677
3636,6479.551
3637,5601.6543
3638,5110.7744
3639,5754.978
3640,4839.779
3641,5952.703
3642,5924.912
3643,6705.689
3644,6391.0283
3645,6392.144
3646,4741.0728
3647,2793.9375
3648,5114.305
3649,5865.5557
3650,4707.0244
3651,4486.9487
3652,2109.5989
3653,7175.2305
3654,5550.727
3655,7564.4556
3656,6014.634
3657,4286.441
3658,5373.825
3659,4346.439
3660,3725.695
3661,8088.1553
3662,4304.1
3663,5519.2134
3664,6209.1665
3665,12427.988
3666,4359.8013
3667,4507.897
3668,6118.3174
3669,5047.151
3670,5200.2783
3671,4097.5596
3672,6677.7773
3673,4076.153
3674,5999.988
3675,3237.5562
3676,5084.3525
3677,3564.821
3678,8428.081
3679,4211.4126
3680,12736.757
3681,11408.202
3682,4046.4387
3683,5537.0625
3684,4845.8994
3685,5377.025
3686,4849.682
3687,10033.804
3688,5972.768
3689,7634.715
3690,3920.1729
3691,6619.5806
3692,4166.8853
3693,7664.512
3694,8084.268
3695,5169.625
3696,5050.4785
3697,5110.2236
3698,5930.7246
3699,6523.387
3700,7596.7607
3701,5167.086
3702,6495.7017
3703,8116.331
3704,5258.8696
3705,5617.7764
3706,4282.166
3707,8017.8755
3708,6110.415
3709,4759.292
3710,4266.9
3711,5278.6104
3712,3820.09
3713,7091.7466
3714,4805.572
3715,5767.6177
3716,4838.8877
3717,7346.6924
3718,3769.9082
3719,6824.3354
3720,7743.0527
3721,7098.4263
3722,7072.9673
3723,6061.5894
3724,3312.425
3725,11614.714
3726,8655.12
3727,5705.7583
3728,13971.969
3729,8735.6
3730,5399.0986
3731,5310.4824
3732,7497.46
3733,8962.089
3734,9925.572
3735,9576.131
3736,4996.734
3737,6683.327
3738,4656.4185
3739,6732.5225
3740,3803.208
3741,9350.807
3742,4955.699
3743,3973.0022
3744,5299.1377
3745,7595.1743
3746,6697.175
3747,4327.479
3748,7124.833
3749,4694.9976
3750,3560.0635
3751,5473.393
3752,3561.1162
3753,3930.8225
3754,5058.4
3755,5204.377
3756,7084.709
3757,7477.585
3758,6379.548
3759,5216.967
3760,5042.9014
3761,9610.47
3762,6211.8086
3763,4516.023
3764,4387.4785
3765,4301.35
3766,6690.8535
3767,3853.6821
3768,9516.447
3769,6121.02
3770,3014.116
3771,4375.6084
3772,6014.4326
3773,5397.9346
3774,4088.4897
3775,7131.9653
3776,8194.794
3777,10952.032
3778,4993.0127
3779,8661.207
3780,2905.038
3781,4526.732
3782,5264.767
3783,4332.2
3784,5694.5474
3785,4731.9463
3786,5285.7803
3787,3083.725
3788,4159.3877
3789,8554.592
3790,7090.0156
3791,3960.7305
3792,4761.858
3793,7574.469
3794,9025.446
3795,6193.982
3796,4810.901
3797,3634.1382
3798,7947.41
3799,5197.5605
3800,5952.3394
3801,5175.6245
3802,4509.665
3803,5512.8525
3804,7387.3345
3805,3018.579
3806,3564.1138
3807,4417.509
3808,5620.6226
3809,8092.4766
3810,5911.968
3811,6781.2256
3812,11809.467
3813,4039.1345
3814,8374.114
3815,9462.379
3816,5768.652
3817,4233.885
3818,2922.8962
3819,6370.6577
3820,5442.3135
3821,5007.617
3822,4926.605
3823,5450.1006
3824,10093.65
3825,4447.94
3826,4310.0615
3827,5447.092
3828,5136.2363
3829,5517.203
3830,4516.807
3831,3723.6912
3832,5145.5874
3833,2952.2234
3834,6279.081
3835,7717.181
3836,5511.5747
3837,7009.4014
3838,7124.106
3839,6942.9556
3840,3998.3386
3841,6113.6797
3842,8168.6987
3843,6492.6353
3844,4666.788
3845,5495.2754
3846,4024.3394
3847,8586.079
3848,4633.419
3849,5388.0684
3850,4463.6704
3851,5906.174
3852,6664.682
3853,5758.41
3854,5271.2744
3855,7274.128
3856,5072.9873
3857,5403.7817
3858,15107.583
3859,5254.964
3860,7016.0566
3861,5224.571
3862,5060.4556
3863,4519.587
3864,3820.5637
3865,3490.9631
3866,3824.3816
3867,7140.0786
3868,11794.158
3869,7278.57
3870,8081.4233
3871,9432.157
3872,9155.682
3873,8473.921
3874,6018.846
3875,4805.457
3876,4670.6133
3877,10316.79
3878,9094.836
3879,5640.144
3880,7632.3413
3881,7484.799
3882,5416.2905
3883,3793.7507
3884,9982.84
3885,5505.338
3886,5470.058
3887,5816.1943
3888,1906.9276
3889,11480.876
3890,9001.993
3891,13015.105
3892,5146.982
3893,4060.5947
3894,4233.6104
3895,5181.1567
3896,5795.7153
3897,5790.184
3898,5405.261
3899,4985.1655
3900,3709.3787
3901,6312.3066
3902,3220.6904
3903,2489.4639
3904,5285.13
3905,11288.709
3906,5709.8906
3907,15962.399
3908,4209.3965
3909,4838.3613
3910,5571.5786
3911,4681.4834
3912,4195.678
3913,4095.9336
3914,4466.341
3915,3487.2485
3916,6575.9385
3917,5306.1533
3918,3278.6667
3919,7264.927
3920,4500.1167
3921,4925.242
3922,3846.091
3923,7505.43
3924,5889.741
3925,8455.448
3926,4359.078
3927,5875.4497
3928,3544.09
3929,4087.8696
3930,3776.9058
3931,12536.681
3932,8386.735
3933,5015.6626
3934,4082.0247
3935,3930.0051
3936,5003.5444
3937,4075.4841
3938,7807.0063
3939,4094.473
3940,12516.669
3941,3847.0854
3942,4673.8086
3943,5159.9443
3944,7431.249
3945,5121.794
3946,3919.7354
3947,5612.8594
3948,6485.5425
3949,5791.366
3950,5518.0923
3951,5062.522
3952,2922.131
3953,8633.856
3954,4489.3335
3955,3630.6245
3956,5505.9526
3957,5011.6646
3958,5133.929
3959,5839.0015
3960,7581.4443
3961,7435.538
3962,5591.2344
3963,5670.5137
3964,3837.779
3965,7333.0967
3966,4988.219
3967,3605.3298
3968,6385.4224
3969,6011.1694
3970,5591.6074
3971,6649.5317
3972,4919.237
3973,5216.499
3974,5233.564
3975,5722.049
3976,4882.107
3977,6133.2285
3978,5842.7617
3979,5397.7856
3980,5132.8325
3981,4608.796
3982,7569.443
3983,5136.212
3984,3826.1367
3985,9236.99
3986,4519.311
3987,3056.1985
3988,6329.616
3989,7491.4697
3990,8401.563
3991,4777.6953
3992,4496.894
3993,4988.3667
3994,2904.2983
3995,5714.2603
3996,6611.359
3997,5082.5244
3998,4974.8145
3999,5817.9478
4000,6360.688
4001,2925.911
4002,4281.3696
4003,4750.2666
4004,4803.3716
4005,4321.683
4006,6092.746
4007,6022.8604
4008,5235.3916
4009,3957.339
4010,7025.6797
4011,4866.0854
4012,6432.891
4013,7200.103
4014,4181.1714
4015,5986.5083
4016,6279.6143
4017,6520.1523
4018,6155.7104
4019,6900.906
4020,3025.1692
4021,8105.624
4022,5509.2256
4023,6113.598
4024,8264.275
4025,3881.2148
4026,3460.6409
4027,11016.167
4028,7098.8325
4029,6480.892
4030,5137.378
4031,5492.0005
4032,7452.081
4033,3031.661
4034,5413.6772
4035,4947.901
4036,6123.969
4037,5367.0225
4038,4670.56
4039,7146.851
4040,4443.6523
4041,7243.063
4042,8928.209
4043,14574.358
4044,6679.325
4045,3956.358
4046,4519.6255
4047,3386.1907
4048,2910.3418
4049,9804.442
4050,6929.102
4051,4641.6953
4052,7947.509
4053,4673.706
4054,10140.614
4055,3686.5024
4056,4953.2983
4057,5354.9033
4058,7379.6724
4059,4225.706
4060,5268.6704
4061,4758.988
4062,4054.367
4063,6852.199
4064,4263.568
4065,5359.2466
4066,6157.672
4067,8047.9707
4068,6152.5527
4069,6293.8496
4070,4674.5356
4071,9091.714
4072,4131.9077
4073,4131.4663
4074,9253.957
4075,5760.937
4076,7550.637
4077,6221.9487
4078,13924.344
4079,4825.617
4080,3887.3435
4081,3967.7832
4082,5369.583
4083,7398.5605
4084,8323.852
4085,5353.0396
4086,6710.571
4087,6346.2163
4088,3144.035
4089,6850.9253
4090,6142.567
4091,5116.7305
4092,6274.591
4093,4345.6763
4094,4158.527
4095,4045.335
4096,3632.3774
4097,3976.3235
4098,6786.3374
4099,5952.885
4100,9152.5205
4101,13774.61
4102,5801.7607
4103,4231.4863
4104,5860.8076
4105,7045.187
4106,7576.8247
4107,3112.1023
4108,4710.4424
4109,3656.742
4110,7812.6826
4111,5296.384
4112,5132.47
4113,9863.166
4114,10991.619
4115,4012.801
4116,6117.366
4117,3293.4504
4118,4796.9937
4119,4956.607
4120,7177.524
4121,4115.7676
4122,3569.575
4123,5222.762
4124,6314.5166
4125,6113.1025
4126,4282.66
4127,4580.16
4128,5493.116
4129,5800.8975
4130,5203.8955
4131,3217.3218
4132,8502.921
4133,16015.573
4134,3871.4233
4135,5667.5615
4136,7292.885
4137,5558.0435
4138,3535.6616
4139,3280.0496
4140,3300.4895
4141,6790.669
4142,4556.876
4143,6448.0522
4144,8396.067
4145,3491.5293
4146,3852.506
4147,4734.7905
4148,4673.0864
4149,4134.151
4150,4437.7095
4151,5235.1816
4152,8418.785
4153,6689.7754
4154,7563.741
4155,4694.2856
4156,3564.7632
4157,5635.514
4158,5450.2983
4159,6528.46
4160,5553.587
4161,4298.8887
4162,20446.605
4163,5237.4395
4164,5080.8276
4165,10512.536
4166,5908.6753
4167,5043.4404
4168,5083.5376
4169,6361.1187
4170,4440.0767
4171,8029.431
4172,12262.667
4173,4476.1636
4174,4555.9854
4175,5546.5405
4176,11388.9375
4177,4963.9644
4178,4269.7866
4179,5104.0806
4180,4453.7393
4181,5581.9624
4182,3723.1975
4183,7123.2563
4184,3268.508
4185,6458.9106
4186,2144.111
4187,16782.45
4188,6819.716
4189,3444.0588
4190,3952.9287
4191,8034.9087
4192,5316.301
4193,5571.6797
4194,6399.1895
4195,4878.006
4196,4504.884
4197,3903.828
4198,8441.186
4199,4705.072
4200,5209.7017
4201,5915.1714
4202,6245.3394
4203,5151.387
4204,6863.5024
4205,5066.599
4206,3442.7842
4207,7180.6733
4208,7682.8906
4209,4069.622
4210,6164.2656
4211,5135.6826
4212,3821.847
4213,7729.837
4214,5035.8643
4215,6683.8755
4216,5149.403
4217,6280.5186
4218,3498.8545
4219,3928.6746
4220,3784.3025
4221,8910.268
4222,5412.092
4223,6982.863
4224,3110.9417
4225,7244.839
4226,3364.5942
4227,5291.8237
4228,4506.169
4229,4931.5605
4230,5754.226
4231,6143.3813
4232,5410.394
4233,6864.714
4234,3241.886
4235,4845.913
4236,6001.47
4237,6060.6934
4238,5921.5166
4239,6235.494
4240,8479.24
4241,5722.5674
4242,2223.8232
4243,5737.138
4244,4661.2266
4245,6107.408
4246,5899.1587
4247,3828.897
4248,9569.886
4249,4463.3853
4250,5983.448
4251,8535.391
4252,6157.3433
4253,3221.0254
4254,8989.604
4255,4630.012
4256,7936.767
4257,4496.323
4258,6705.299
4259,8236.544
4260,5004.499
4261,4886.258
4262,5755.3184
4263,4461.6655
4264,5164.228
4265,5586.298
4266,8844.842
4267,5922.2114
4268,4984.932
4269,4155.1406
4270,6110.3394
4271,5823.561
4272,5680.0845
4273,5745.703
4274,5151.9673
4275,5433.8174
4276,3614.866
4277,6792.5605
4278,6580.9077
4279,5779.4907
4280,4616.4077
4281,5755.6426
4282,6160.7915
4283,8107.7812
4284,4360.155
4285,6166.2944
4286,4713.2197
4287,4824.6553
4288,5794.101
4289,5758.0093
4290,3786.1116
4291,3905.4258
4292,6418.188
4293,7046.6787
4294,4130.6543
4295,4930.968
4296,6630.81
4297,5219.147
4298,4798.0005
4299,5238.7334
4300,3856.5542
4301,2935.0078
4302,6914.67
4303,3716.2002
4304,6377.412
4305,5262.3823
4306,5398.0273
4307,5559.56
4308,9964.842
4309,7440.206
4310,6109.4126
4311,4577.1855
4312,6706.9233
4313,6738.208
4314,3566.7805
4315,3202.8433
4316,8221.891
4317,2828.2036
4318,5871.0913
4319,11786.691
4320,6331.832
4321,5882.28
4322,3666.935
4323,5977.0195
4324,5029.777
4325,5764.0317
4326,5651.108
4327,6498.484
4328,6748.718
4329,4823.4404
4330,6645.3154
4331,4050.8105
4332,5666.5454
4333,4518.6426
4334,4974.6577
4335,4510.1206
4336,4467.602
4337,4985.6313
4338,6339.2896
4339,3937.161
4340,7813.0327
4341,6207.319
4342,3303.567
4343,4071.9053
4344,7059.4
4345,6584.474
4346,4717.4927
4347,5128.2764
4348,6134.007
4349,3979.796
4350,5773.799
4351,5150.3506
4352,4863.793
4353,4194.258
4354,4714.191
4355,6214.1787
4356,5662.0825
4357,4834.597
4358,3360.8667
4359,9544.581
4360,4855.074
4361,4197.636
4362,6247.52
4363,8806.507
4364,6647.2993
4365,6911.1157
4366,8103.6606
4367,5851.1553
4368,4204.0874
4369,4663.766
4370,6655.7563
4371,8067.7456
4372,10214.601
4373,3938.5693
4374,5681.8457
4375,2932.2708
4376,3729.3398
4377,8289.284
4378,12143.882
4379,5821.2007
4380,4215.5166
4381,4001.3987
4382,5226.44
4383,4550.8857
4384,6768.896
4385,7355.9478
4386,5482.2446
4387,3597.7612
4388,6163.4365
4389,5063.1064
4390,7580.62
4391,6958.555
4392,4230.308
4393,5537.094
4394,3637.867
4395,5218.7534
4396,6981.657
4397,6146.452
4398,7397.9185
4399,5296.111
4400,5906.365
4401,3935.5537
4402,4856.8994
4403,6713.144
4404,6948.507
4405,6067.4375
4406,6318.885
4407,4859.156
4408,3703.2764
4409,8531.483
4410,3993.9282
4411,10388.573
4412,5049.2163
4413,3558.902
4414,5548.4507
4415,5286.607
4416,5557.179
4417,6769.6963
4418,8095.626
4419,3728.326
4420,10553.705
4421,3462.9624
4422,4021.672
4423,5583.4106
4424,6584.273
4425,9338.445
4426,6542.461
4427,5689.0366
4428,4647.712
4429,5549.8057
4430,5668.0806
4431,4506.22
4432,5053.8325
4433,4633.6484
4434,8690.931
4435,5877.277
4436,6573.7373
4437,10597.067
4438,6642.413
4439,4222.5996
4440,4385.031
4441,4913.431
4442,9419.598
4443,4817.5044
4444,6930.2124
4445,4099.2837
4446,8053.584
4447,6211.115
4448,4583.5166
4449,4061.8267
4450,3914.325
4451,4520.915
4452,4963.5195
4453,5019.5107
4454,4364.4453
4455,3827.3086
4456,4150.8975
4457,6902.9863
4458,5408.9644
4459,18545.34
4460,5045.567
4461,3439.39
4462,4740.087
4463,5720.614
4464,7306.9497
4465,4086.349
4466,3961.936
4467,6964.0527
4468,5166.879
4469,5918.6763
4470,4959.326
4471,6521.309
4472,6000.125
4473,3628.6233
4474,4774.9663
4475,5304.301
4476,7089.001
4477,4834.067
4478,5859.7563
4479,5818.9966
4480,8094.175
4481,3676.539
4482,3752.0344
4483,4078.7239
4484,8032.702
4485,8782.853
4486,4780.8823
4487,7282.299
4488,3593.9915
4489,6215.7793
4490,2993.8406
4491,4454.2534
4492,3562.9648
4493,6543.478
4494,6543.522
4495,8212.273
4496,8207.2
4497,4709.8267
4498,4161.2646
4499,3734.541
4500,3505.1384
4501,4908.5645
4502,8947.006
4503,5314.1055
4504,4412.5605
4505,3911.921
4506,3909.8057
4507,6309.7603
4508,2884.7312
4509,6111.0796
4510,3142.305
4511,5532.069
4512,4918.815
4513,4281.19
4514,5809.857
4515,4231.2886
4516,6186.944
4517,7427.812
4518,5684.8384
4519,4567.721
4520,7340.9766
4521,4465.804
4522,5787.517
4523,5175.9404
4524,8614.42
4525,4005.2825
4526,4975.6973
4527,6644.7515
4528,6181.8
4529,7120.118
4530,5056.137
4531,6921.988
4532,3390.9165
4533,3907.8481
4534,5062.981
4535,4878.6294
4536,7436.8647
4537,5592.648
4538,3014.9326
4539,4305.488
4540,5765.3843
4541,6190.049
4542,7387.1797
4543,3390.9102
4544,11458.778
4545,5644.18
4546,3672.8723
4547,5408.562
4548,5116.6523
4549,5597.5415
4550,6802.915
4551,3583.6694
4552,4749.469
4553,4893.6323
4554,5682.968
4555,5309.1147
4556,4307.8296
4557,5440.248
4558,4145.279
4559,4388.19
4560,6769.445
4561,5904.9175
4562,5148.6904
4563,4008.8142
4564,8668.182
4565,4250.33
4566,7652.343
4567,6040.569
4568,9976.311
4569,5248.812
4570,3690.929
4571,5087.8164
4572,5389.405
4573,4747.798
4574,4158.618
4575,6552.091
4576,5987.993
4577,3195.473
4578,5965.1562
4579,5183.6777
4580,5372.805
4581,3618.9648
4582,6156.2744
4583,6987.6133
4584,4185.2495
4585,9435.036
4586,4107.915
4587,3912.701
4588,6320.078
4589,7374.163
4590,4537.9985
4591,4004.4763
4592,5939.658
4593,4707.684
4594,4192.978
4595,4726.9927
4596,4347.4673
4597,7612.348
4598,6096.722
4599,5597.659
4600,6401.113
4601,4254.1997
4602,4058.0466
4603,4677.207
4604,6042.032
4605,6362.4717
4606,6635.827
4607,6551.753
4608,7433.8506
4609,4580.3438
4610,6622.568
4611,5547.9004
4612,4646.24
4613,5219.57
4614,6979.1206
4615,5401.0303
4616,5155.561
4617,8257.57
4618,7012.879
4619,5626.249
4620,4250.695
4621,6131.6553
4622,5435.0767
4623,5638.1753
4624,5574.2954
4625,3357.2456
4626,4242.031
4627,7728.6353
4628,6433.2837
4629,4628.979
4630,3303.4788
4631,6685.138
4632,5935.3594
4633,6220.946
4634,5420.3374
4635,4655.3213
4636,4272.6997
4637,3153.9604
4638,7925.261
4639,5648.909
4640,5677.2573
4641,5176.0244
4642,4167.0684
4643,0.0
4644,5245.709
4645,5018.9507
4646,3194.985
4647,4667.358
4648,3686.9631
4649,6750.4497
4650,6826.7964
4651,5678.021
4652,9464.085
4653,4393.5093
4654,4145.844
4655,8635.257
4656,4118.933
4657,5407.4326
4658,1777.0254
4659,6360.0024
4660,6673.04
4661,3809.7222
4662,5084.144
4663,6106.919
4664,5081.4097
4665,4746.6567
4666,6436.064
4667,8875.543
4668,2161.2776
4669,4945.523
4670,2308.6882
4671,10669.01
4672,3960.8704
4673,7011.9424
4674,7308.8525
4675,4688.437
4676,5265.2393
4677,4138.3096
4678,4409.855
4679,2843.1882
4680,3853.5425
4681,4726.673
4682,4088.2595
4683,5815.113
4684,5868.807
4685,3908.5303
4686,5582.1807
4687,5405.287
4688,6923.493
4689,6969.003
4690,6268.9736
4691,3836.7615
4692,2746.1877
4693,8209.925
4694,8158.273
4695,4111.1646
4696,6256.274
4697,4404.877
4698,5874.3457
4699,3778.7114
4700,4384.077
4701,5428.388
4702,2653.5283
4703,5451.312
4704,3917.6494
4705,7791.3105
4706,5663.0654
4707,6178.5166
4708,6172.5557
4709,4146.2515
4710,6864.8906
4711,16533.295
4712,7914.678
4713,4183.601
4714,2215.642
4715,5017.7397
4716,6357.358
4717,4141.544
4718,5029.0337
4719,11483.449
4720,5371.5396
4721,8558.697
4722,16411.635
4723,3495.3118
4724,5076.6714
4725,4235.093
4726,3525.127
4727,6204.46
4728,4424.4883
4729,6795.12
4730,7953.241
4731,6508.018
4732,4733.987
4733,5991.427
4734,3913.705
4735,5500.9707
4736,3169.7358
4737,5116.755
4738,5821.673
4739,7509.4907
4740,5049.4043
4741,4468.1816
4742,3792.9004
4743,6340.0513
4744,4163.0317
4745,4309.2803
4746,2951.9714
4747,6858.627
4748,4075.0876
4749,4760.677
4750,5806.5327
4751,6135.78
4752,5088.758
4753,4725.577
4754,4972.452
4755,4737.9487
4756,5582.0796
4757,5733.6753
4758,6648.853
4759,6132.474
4760,5790.4604
4761,4773.181
4762,2728.564
4763,5061.2476
4764,5472.7095
4765,4572.713
4766,4048.7476
4767,1792.6744
4768,6670.584
4769,5380.5493
4770,7466.474
4771,5804.495
4772,4057.4312
4773,4968.427
4774,4191.0625
4775,3625.454
4776,7445.7295
4777,4175.9897
4778,5665.443
4779,6218.015
4780,11590.777
4781,4258.743
4782,3719.1755
4783,6076.884
4784,4185.0977
4785,4838.731
4786,4012.6516
4787,6276.321
4788,3927.2432
4789,5817.5815
4790,3110.4163
4791,4904.539
4792,3242.7954
4793,8153.4653
4794,4187.4297
4795,12354.609
4796,10721.983
4797,4084.463
4798,5357.0234
4799,4449.998
4800,5260.681
4801,4502.04
4802,9578.999
4803,5961.3965
4804,6949.031
4805,3576.2178
4806,6477.839
4807,4063.024
4808,6956.7964
4809,7575.127
4810,5042.3916
4811,4807.291
4812,5143.2324
4813,5887.3203
4814,6411.152
4815,7170.3184
4816,5107.5874
4817,6152.717
4818,8136.126
4819,5450.2515
4820,5337.8296
4821,4430.591
4822,7447.533
4823,5849.1353
4824,4329.7256
4825,4275.309
4826,4884.4546
4827,3914.392
4828,7335.4263
4829,4746.824
4830,5710.8057
4831,4999.561
4832,7161.0986
4833,3743.1614
4834,6177.4087
4835,7137.716
4836,6441.395
4837,6000.3027
4838,5318.213
4839,3252.4182
4840,11702.122
4841,7992.526
4842,5734.408
4843,13579.274
4844,7386.024
4845,5438.8887
4846,5043.2144
4847,6880.492
4848,8388.655
4849,9114.817
4850,9270.149
4851,4491.334
4852,6325.928
4853,4535.255
4854,6516.7827
4855,3409.5872
4856,8319.692
4857,4657.107
4858,4059.2585
4859,5075.1704
4860,7068.9478
4861,6449.4795
4862,4255.8677
4863,6737.8096
4864,4628.1357
4865,3346.47
4866,5462.446
4867,3345.8125
4868,3895.8706
4869,4575.859
4870,5467.466
4871,7239.5615
4872,7286.9746
4873,6112.076
4874,5154.9067
4875,4989.0806
4876,9044.774
4877,5841.3633
4878,4278.344
4879,4325.131
4880,4261.2744
4881,6647.515
4882,3797.9077
4883,9412.503
4884,6150.7217
4885,2839.3325
4886,4287.8433
4887,5580.11
4888,5128.834
4889,4159.6377
4890,7053.854
4891,7842.015
4892,10462.064
4893,4548.291
4894,8318.812
4895,2763.2175
4896,4266.9976
4897,5188.387
4898,4245.589
4899,5447.7983
4900,4569.1855
4901,5118.0044
4902,3046.7783
4903,4057.8184
4904,8658.588
4905,6846.117
4906,3782.8806
4907,4539.778
4908,7335.3633
4909,8565.974
4910,6131.8306
4911,4569.595
4912,3372.3545
4913,8410.158
4914,5287.333
4915,6746.002
4916,4704.7393
4917,4287.7944
4918,5407.7314
4919,6763.1006
4920,2615.1353
4921,3803.3784
4922,3670.5432
4923,5391.081
4924,7875.0474
4925,5985.692
4926,6621.9805
4927,10733.638
4928,4030.471
4929,7976.6016
4930,9463.524
4931,5545.2656
4932,4146.0186
4933,2657.0684
4934,6350.0977
4935,5029.8296
4936,4856.723
4937,4658.644
4938,5352.3857
4939,8640.068
4940,4190.143
4941,4231.535
4942,5388.3613
4943,3917.8962
4944,5597.077
4945,4274.2734
4946,3481.7605
4947,5245.509
4948,2904.5366
4949,5699.9707
4950,7091.01
4951,5459.3984
4952,6225.16
4953,6955.483
4954,6749.1426
4955,4037.6013
4956,6030.6553
4957,7373.333
4958,6153.175
4959,4621.016
4960,5308.5884
4961,4630.9976
4962,8140.636
4963,4802.657
4964,5151.854
4965,4262.0063
4966,6027.5327
4967,6591.204
4968,5519.114
4969,4998.5737
4970,7110.739
4971,4756.7915
4972,5258.96
4973,13706.203
4974,4954.7773
4975,7210.824
4976,4625.863
4977,4783.9614
4978,4395.0894
4979,3794.0657
4980,3312.5579
4981,3776.5889
4982,7137.6
4983,11273.452
4984,6891.8613
4985,7836.0635
4986,8234.321
4987,8916.882
4988,8240.796
4989,5969.8804
4990,4553.5566
4991,4405.5996
4992,9807.221
4993,8493.826
4994,5634.896
4995,7212.5093
4996,6299.207
4997,5212.455
4998,3381.1455
4999,9330.859
5000,5485.2153
5001,5273.402
5002,5413.4395
5003,1910.583
5004,10398.061
5005,8866.785
5006,12105.905
5007,4964.973
5008,3980.7222
5009,4079.9302
5010,5150.0854
5011,5192.9224
5012,5699.5576
5013,5215.504
5014,4773.855
5015,3553.376
5016,5571.669
5017,3448.8984
5018,2352.0269
5019,4797.991
5020,10922.656
5021,5575.082
5022,15582.633
5023,3711.9663
5024,4777.791
5025,5580.1045
5026,4316.1997
5027,3927.3555
5028,4042.92
5029,4235.868
5030,3295.6663
5031,6343.6323
5032,5393.7607
5033,3100.5244
5034,7081.2227
5035,4133.7725
5036,4848.826
5037,3539.5999
5038,7421.7285
5039,5838.6895
5040,8043.42
5041,4074.462
5042,5376.3477
5043,3384.1143
5044,3908.631
5045,3744.69
5046,12968.243
5047,8190.0356
5048,4938.65
5049,3908.5974
5050,3832.6755
5051,4832.0015
5052,3748.1816
5053,7160.443
5054,3753.6704
5055,12225.87
5056,3682.4956
5057,4333.3037
5058,4764.3613
5059,7260.812
5060,5331.164
5061,3826.0564
5062,5342.2
5063,5933.288
5064,5674.875
5065,5413.2227
5066,4855.417
5067,2661.6353
5068,7657.3877
5069,4196.827
5070,3296.1536
5071,5277.216
5072,4931.1416
5073,4846.154
5074,5504.272
5075,7285.7866
5076,6794.874
5077,5517.8555
5078,5507.7856
5079,3564.6614
5080,7132.986
5081,4929.3687
5082,3610.8508
5083,5889.623
5084,5958.287
5085,5466.4434
5086,6813.214
5087,4738.568
5088,5129.2793
5089,5166.0117
5090,5014.2134
5091,4549.5664
5092,5961.7944
5093,5844.891
5094,5300.3613
5095,4434.498
5096,4350.363
5097,7306.5107
5098,5133.9634
5099,3644.8523
5100,9287.336
5101,4319.161
5102,3042.4504
5103,5583.9434
5104,7281.972
5105,8013.3647
5106,4541.935
5107,4406.499
5108,4926.539
5109,2857.0688
5110,5378.1123
5111,6334.8345
5112,4925.0684
5113,4576.9893
5114,5408.3506
5115,6423.455
5116,2742.8376
5117,4284.9526
5118,4681.028
5119,4522.955
5120,3998.72
5121,5837.6816
5122,6135.423
5123,5131.344
5124,3948.4214
5125,6621.6772
5126,4845.326
5127,6349.4253
5128,7094.703
5129,4244.4834
5130,5684.589
5131,5845.923
5132,6297.789
5133,6114.0938
5134,6962.1797
5135,2693.7693
5136,8249.352
5137,5401.0093
5138,5738.397
5139,8273.29
5140,3791.3704
5141,3257.1936
5142,10714.204
5143,6548.2046
5144,6206.9106
5145,4679.5454
5146,4832.121
5147,7449.6934
5148,2663.6294
5149,5101.2285
5150,4601.868
5151,6149.4194
5152,4962.0425
5153,4366.7856
5154,6767.753
5155,4245.423
5156,7017.0938
5157,8807.599
5158,13880.297
5159,6030.2295
5160,3733.7502
5161,4348.8154
5162,3218.4514
5163,2718.6162
5164,8934.99
5165,6613.989
5166,4372.8545
5167,7157.9097
5168,4444.14
5169,9494.508
5170,3535.6548
5171,4874.596
5172,4916.901
5173,7723.153
5174,4317.5713
5175,5396.6426
5176,4525.4106
5177,3977.4617
5178,6228.0283
5179,3989.77
5180,5787.4067
5181,6114.6187
5182,7760.561
5183,5984.356
5184,5977.39
5185,4465.4253
5186,8758.15
5187,3899.2427
5188,4075.7175
5189,8623.701
5190,5688.993
5191,7372.4824
5192,5917.113
5193,13299.309
5194,4261.665
5195,3960.4358
5196,3822.339
5197,4812.09
5198,7075.349
5199,8090.1304
5200,5347.1606
5201,6212.5195
5202,6294.7925
5203,3053.6047
5204,6570.3584
5205,6297.9873
5206,5052.637
5207,5889.0615
5208,4154.9424
5209,3708.9507
5210,4054.9626
5211,3355.3662
5212,3912.018
5213,6491.843
5214,5359.814
5215,8683.176
5216,13237.655
5217,5707.892
5218,4276.292
5219,5907.109
5220,6695.8716
5221,7355.162
5222,3091.3508
5223,4852.407
5224,3445.7314
5225,7191.6885
5226,5321.0083
5227,4818.024
5228,9889.541
5229,11150.585
5230,4018.9187
5231,5720.788
5232,3384.1528
5233,4685.4863
5234,4792.402
5235,7007.757
5236,3941.219
5237,3528.424
5238,4813.889
5239,5640.354
5240,4953.8086
5241,3855.517
5242,4535.467
5243,5283.0786
5244,5151.6724
5245,5087.166
5246,2917.8298
5247,8414.859
5248,15474.711
5249,3710.0793
5250,5614.064
5251,6602.706
5252,5487.8164
5253,3411.7964
5254,3156.7598
5255,3340.104
5256,6321.935
5257,4261.2095
5258,5992.2324
5259,8138.3535
5260,3473.437
5261,3898.127
5262,4777.6455
5263,4524.651
5264,3962.5483
5265,4350.7695
5266,5302.5254
5267,8156.6543
5268,6166.741
5269,7598.9204
5270,4646.2007
5271,3300.0864
5272,5289.689
5273,5192.4565
5274,6203.1816
5275,5148.0376
5276,3771.3328
5277,19366.178
5278,4871.4404
5279,4811.227
5280,10130.2705
5281,5578.6196
5282,5063.1353
5283,4878.783
5284,6240.4507
5285,4198.521
5286,7616.931
5287,11864.786
5288,4082.1143
5289,4168.1255
5290,5666.1777
5291,10707.451
5292,4749.5415
5293,4106.254
5294,4942.2314
5295,4175.5317
5296,5318.948
5297,3422.9292
5298,7070.3906
5299,3189.9966
5300,6113.4814
5301,2156.9229
5302,16004.122
5303,6655.128
5304,3595.1504
5305,4019.72
5306,6906.312
5307,4981.0967
5308,5484.284
5309,6394.7905
5310,4702.003
5311,4434.3457
5312,3522.4814
5313,7902.3076
5314,4642.63
5315,4912.321
5316,5726.8647
5317,6161.5024
5318,4655.6636
5319,6449.1963
5320,4528.965
5321,3377.5574
5322,6495.9307
5323,6824.7524
5324,3944.2166
5325,5966.1636
5326,5136.692
5327,3826.1294
5328,7572.1
5329,4502.281
5330,6300.8594
5331,5183.7173
5332,6211.4175
5333,3337.658
5334,3783.6816
5335,3732.4468
5336,7195.4824
5337,5749.6943
5338,6695.469
5339,2994.6948
5340,6623.964
5341,3302.3508
5342,5026.185
5343,4156.187
5344,4865.974
5345,5544.705
5346,5821.6616
5347,5280.8013
5348,6689.788
5349,3144.959
5350,4692.844
5351,5654.78
5352,5513.3677
5353,5803.587
5354,6578.6987
5355,8197.202
5356,5484.8965
5357,2307.9966
5358,5164.7305
5359,4108.138
5360,5514.3306
5361,5475.007
5362,3637.8357
5363,9350.219
5364,4315.0103
5365,5396.8022
5366,8067.0605
5367,5344.2593
5368,3073.0032
5369,8680.898
5370,4402.348
5371,7942.977
5372,4498.8677
5373,6288.785
5374,7003.1265
5375,4911.454
5376,4422.446
5377,5457.925
5378,4344.7935
5379,4733.639
5380,5378.815
5381,8216.387
5382,5822.2227
5383,4802.648
5384,3812.2815
5385,5564.9663
5386,5715.334
5387,5168.269
5388,5872.5474
5389,4901.0737
5390,4991.4365
5391,3327.8115
5392,6310.82
5393,6608.503
5394,5584.284
5395,4555.698
5396,5542.8228
5397,5714.5327
5398,7302.7764
5399,4319.128
5400,6026.1987
5401,4498.3096
5402,4602.4873
5403,6040.275
5404,5369.2397
5405,3709.4
5406,3580.0579
5407,7009.595
5408,7031.606
5409,3906.3572
5410,4573.6333
5411,6060.855
5412,5112.0127
5413,4210.3604
5414,5648.2734
5415,3900.355
5416,2712.211
5417,6621.633
5418,3499.4788
5419,6030.477
5420,5228.1206
5421,5125.7676
5422,4776.078
5423,8607.857
5424,7387.553
5425,6489.422
5426,4355.096
5427,6344.6914
5428,6212.2827
5429,3472.526
5430,2820.4478
5431,7647.651
5432,2655.4822
5433,5671.0005
5434,11059.782
5435,6172.4023
5436,5693.4175
5437,3405.1309
5438,5758.344
5439,4908.171
5440,5387.806
5441,5510.1924
5442,6284.234
5443,6654.925
5444,4695.4365
5445,6139.843
5446,3920.0159
5447,5315.444
5448,4466.95
5449,4608.0
5450,4570.4014
5451,4345.1953
5452,4824.752
5453,5927.908
5454,3901.7766
5455,7738.1577
5456,5845.432
5457,3374.0408
5458,3832.606
5459,6942.5645
5460,6359.0317
5461,4409.9346
5462,4945.5605
5463,5317.249
5464,4061.3887
5465,5119.44
5466,4950.247
5467,5063.686
5468,4184.3315
5469,4469.371
5470,6729.884
5471,5495.7417
5472,4824.0757
5473,3037.1987
5474,8266.198
5475,4812.108
5476,3909.4365
5477,5570.9307
5478,8709.178
5479,6410.314
5480,6827.337
5481,7547.332
5482,5639.3374
5483,4162.412
5484,4537.7085
5485,6217.8784
5486,7144.677
5487,10094.633
5488,3707.6665
5489,5111.418
5490,2514.535
5491,3583.6045
5492,7187.821
5493,11203.139
5494,4994.9897
5495,3503.8213
5496,4054.1428
5497,5042.7524
5498,4351.367
5499,7170.127
5500,6798.7573
5501,5283.3306
5502,3290.348
5503,5959.253
5504,4652.254
5505,7023.5156
5506,7166.9136
5507,4068.252
5508,5522.8
5509,3313.6702
5510,5426.8555
5511,6679.026
5512,5868.4653
5513,7148.133
5514,5026.012
5515,5701.042
5516,3791.75
5517,4844.097
5518,6011.5537
5519,6714.4697
5520,6010.1377
5521,6350.3945
5522,4632.0977
5523,3590.3557
5524,7923.9385
5525,3791.8296
5526,9333.085
5527,4935.8286
5528,3651.576
5529,6540.446
5530,5194.166
5531,5022.859
5532,6714.1367
5533,7725.9155
5534,3741.9475
5535,9762.351
5536,3233.7441
5537,3766.0981
5538,5471.4355
5539,6230.334
5540,9167.154
5541,6165.9824
5542,4931.8804
5543,4586.81
5544,4985.907
5545,5601.008
5546,4283.706
5547,4941.3877
5548,4490.807
5549,8254.838
5550,5951.3687
5551,6413.8677
5552,10157.863
5553,6887.439
5554,4010.4016
5555,4193.738
5556,4667.874
5557,9319.457
5558,4562.6
5559,6562.0723
5560,3683.0542
5561,7780.424
5562,5851.0884
5563,4362.934
5564,3818.4507
5565,3588.5374
5566,4227.472
5567,4665.8354
5568,4669.0854
5569,4055.1716
5570,3516.8074
5571,3777.1147
5572,7223.077
5573,5417.293
5574,18161.99
5575,5007.7656
5576,3331.2102
5577,3936.7102
5578,5571.9297
5579,7330.3345
5580,3782.2708
5581,3804.0425
5582,6930.3843
5583,5872.3853
5584,5815.895
5585,4896.247
5586,5964.65
5587,5822.1226
5588,3605.729
5589,4731.3457
5590,5543.457
5591,6762.0493
5592,4814.528
5593,5724.0903
5594,5746.1523
5595,8649.9795
5596,3797.8967
5597,3815.5122
5598,4250.8447
5599,7592.038
5600,8997.314
5601,5279.562
5602,7183.0576
5603,3891.3801
5604,6041.3696
5605,3386.9045
5606,4558.915
5607,3266.3635
5608,6348.4927
5609,6401.314
5610,8265.189
5611,7927.0986
5612,5134.0225
5613,4092.1028
5614,3461.0964
5615,3585.1602
5616,4911.0137
5617,8326.408
5618,5257.5405
5619,4148.1626
5620,4287.406
5621,3893.645
5622,6028.2056
5623,2867.6846
5624,5790.935
5625,3252.3127
5626,5801.8657
5627,5057.435
5628,4247.44
5629,5812.179
5630,4146.9556
5631,6531.375
5632,7456.2827
5633,5589.16
5634,4523.65
5635,7179.4614
5636,4050.1267
5637,5648.769
5638,5378.9536
5639,9175.727
5640,4344.4287
5641,5349.604
5642,6485.0225
5643,5836.039
5644,7109.7827
5645,5052.8877
5646,6855.1216
5647,3455.5012
5648,4186.3076
5649,4869.7026
5650,5098.4897
5651,7430.242
5652,5973.4062
5653,2920.5771
5654,4228.5933
5655,6214.6294
5656,5790.8633
5657,7714.951
5658,3248.8613
5659,10568.059
5660,5599.363
5661,3590.8557
5662,5195.251
5663,5111.4424
5664,5267.8613
5665,6510.52
5666,3557.8567
5667,4810.745
5668,4990.5366
5669,5741.912
5670,5338.9653
5671,4271.5264
5672,5828.729
5673,4398.172
5674,4220.2236
5675,6701.341
5676,5904.788
5677,5016.146
5678,3903.2693
5679,8488.514
5680,4023.798
5681,7145.5493
5682,5991.901
5683,9862.056
5684,5219.112
5685,3580.9868
5686,5361.0464
5687,5317.8374
5688,4552.3667
5689,3890.1665
5690,6461.782
5691,5973.1387
5692,3142.062
5693,5984.8525
5694,4740.0054
5695,5485.325
5696,3641.5264
5697,5834.8813
5698,6539.1294
5699,3869.496
5700,9852.795
5701,4254.496
5702,3719.165
5703,6282.8315
5704,7209.896
5705,4494.7627
5706,4153.472
5707,5954.4575
5708,4884.627
5709,4104.746
5710,4892.9043
5711,4045.115
5712,7043.3193
5713,6663.608
5714,5427.622
5715,6330.0205
5716,4269.009
5717,3781.0515
5718,4741.846
5719,6395.6626
5720,5980.9033
5721,6691.5303
5722,6138.7827
5723,7455.174
5724,4430.921
5725,6765.307
5726,5587.508
5727,4230.0137
5728,5085.2256
5729,7273.7393
5730,5278.1978
5731,5993.85
5732,7943.871
5733,6614.7773
5734,5605.1284
5735,4582.8916
5736,5852.1436
5737,5644.3525
5738,5709.4497
5739,5182.363
5740,3117.1892
5741,4334.7383
5742,7572.4033
5743,6091.3457
5744,4628.105
5745,3204.735
5746,6710.1226
5747,5716.5825
5748,6255.6533
5749,5169.3193
5750,4576.9717
5751,4325.647
5752,3009.0193
5753,8277.488
5754,5693.8247
5755,5774.1514
5756,5113.1978
5757,4276.765
5758,0.0
5759,5062.677
5760,5353.5347
5761,3131.463
5762,4953.445
5763,3598.331
5764,6635.6626
5765,6351.103
5766,5435.616
5767,9370.181
5768,3793.6494
5769,4114.8687
5770,8093.6187
5771,4188.3726
5772,4889.9463
5773,1913.9886
5774,6773.042
5775,6319.0596
5776,4390.5513
5777,5282.3022
5778,5094.2944
5779,4936.427
5780,4749.161
5781,7111.1865
5782,8367.376
5783,2189.506
5784,5305.3535
5785,2292.871
5786,10909.715
5787,3528.9863
5788,6610.123
5789,6988.313
5790,4595.2974
5791,5057.43
5792,4168.9487
5793,4617.231
5794,2720.7686
5795,3815.4539
5796,4979.6904
5797,4164.986
5798,5566.665
5799,5847.144
5800,4392.9644
5801,5373.661
5802,5048.995
5803,6877.3164
5804,7385.059
5805,6289.109
5806,3701.733
5807,2991.4795
5808,7997.414
5809,7808.8086
5810,4171.1206
5811,6025.607
5812,4283.036
5813,5864.414
5814,4081.2964
5815,4098.6855
5816,5203.4688
5817,2925.9568
5818,5300.3306
5819,3759.1565
5820,7665.112
5821,5778.686
5822,6441.057
5823,6135.095
5824,4454.632
5825,6676.5483
5826,16174.248
5827,7874.214
5828,4018.7117
5829,2194.5327
5830,4885.7593
5831,6367.906
5832,4274.094
5833,5118.9272
5834,11849.191
5835,5375.148
5836,8925.893
5837,17085.21
5838,3320.0112
5839,5202.347
5840,4347.0234
5841,3794.4385
5842,7693.0024
5843,3826.3374
5844,6494.128
5845,7927.0835
5846,6529.6187
5847,4992.175
5848,5883.7554
5849,3976.3008
5850,5049.1875
5851,3245.9028
5852,4662.4316
5853,5731.9854
5854,7253.71
5855,5296.2524
5856,4878.9785
5857,3927.7002
5858,6057.1157
5859,3876.3457
5860,4144.69
5861,3075.3142
5862,6651.2
5863,4410.238
5864,4831.227
5865,5412.3555
5866,6246.8584
5867,5211.0386
5868,4888.048
5869,5134.3506
5870,4191.3984
5871,5673.403
5872,5466.6626
5873,6822.6694
5874,5876.6772
5875,6152.987
5876,4709.728
5877,2676.4255
5878,4947.6177
5879,5608.642
5880,4647.428
5881,4055.5815
5882,2143.9902
5883,6459.194
5884,5593.4746
5885,7098.6494
5886,5582.0264
5887,4398.3984
5888,5496.6963
5889,4358.9863
5890,3715.9697
5891,7759.31
5892,4113.8755
5893,6106.634
5894,6157.2197
5895,11815.246
5896,4809.1807
5897,4475.668
5898,6212.638
5899,4460.325
5900,6550.1597
5901,4456.4253
5902,6382.542
5903,3786.0754
5904,5770.3247
5905,3075.3933
5906,4800.019
5907,3155.408
5908,8276.723
5909,4253.388
5910,11692.583
5911,10457.705
5912,4239.6846
5913,5293.0605
5914,4312.381
5915,5285.533
5916,4386.1685
5917,9424.972
5918,6184.7134
5919,7228.7905
5920,3523.4897
5921,6236.309
5922,4274.4365
5923,6152.9985
5924,7230.535
5925,5371.893
5926,4858.011
5927,5429.7036
5928,6254.2334
5929,6246.1675
5930,7855.415
5931,4950.247
5932,6419.425
5933,7720.1772
5934,5666.3237
5935,5321.0796
5936,4800.3257
5937,7385.7705
5938,5896.222
5939,4452.0063
5940,3956.1125
5941,5170.6655
5942,4055.8872
5943,7007.436
5944,4943.41
5945,6403.8364
5946,4831.734
5947,7029.172
5948,3789.414
5949,6138.8823
5950,7244.673
5951,6495.5527
5952,6558.3867
5953,5682.122
5954,3383.5623
5955,10520.661
5956,7841.4766
5957,6320.928
5958,14369.794
5959,8461.418
5960,5181.7
5961,4914.4155
5962,6730.5767
5963,8347.13
5964,9062.114
5965,8753.481
5966,4479.0977
5967,6200.283
5968,4564.877
5969,6764.7456
5970,3438.924
5971,9553.17
5972,4557.954
5973,3918.9165
5974,4933.419
5975,7029.8086
5976,6382.384
5977,4186.3115
5978,6336.9375
5979,4447.1255
5980,3427.566
5981,5668.5996
5982,3464.3699
5983,3620.6533
5984,4832.8125
5985,4847.6333
5986,7425.5312
5987,7112.075
5988,6132.0474
5989,5558.054
5990,5037.983
5991,9462.775
5992,5697.0737
5993,4227.1333
5994,4215.1504
5995,3986.6353
5996,6651.6694
5997,3727.8567
5998,9698.12
5999,5987.936
6000,2932.314
6001,3947.9807
6002,5516.061
6003,5182.1997
6004,4046.126
6005,7002.6255
6006,8510.028
6007,10225.9375
6008,4642.9175
6009,8719.56
6010,2582.8472
6011,4319.759
6012,5153.486
6013,4269.966
6014,5275.676
6015,4414.0547
6016,5246.5596
6017,3117.0017
6018,4401.6553
6019,8323.637
6020,6536.367
6021,3771.0916
6022,4323.25
6023,7024.641
6024,8540.268
6025,7527.7773
6026,4565.2773
6027,3637.1902
6028,7001.8438
6029,4839.894
6030,5939.573
6031,4755.8203
6032,4310.711
6033,5399.15
6034,7287.8994
6035,2917.3833
6036,3398.7407
6037,3936.8264
6038,5207.3716
6039,7473.485
6040,5801.9043
6041,6295.4165
6042,10928.981
6043,4008.5925
6044,7752.1494
6045,8889.217
6046,5633.4287
6047,4270.324
6048,2823.708
6049,6062.7515
6050,4719.928
6051,4892.2554
6052,5058.3516
6053,5331.1895
6054,9052.836
6055,4103.184
6056,4476.8125
6057,5353.0547
6058,4715.1807
6059,5800.9473
6060,4108.62
6061,3753.162
6062,5501.1494
6063,2699.93
6064,6108.125
6065,6901.6826
6066,5244.578
6067,6169.2476
6068,7045.4355
6069,6585.3223
6070,4268.61
6071,5869.1484
6072,7270.2993
6073,5847.2163
6074,4407.2896
6075,4916.474
6076,3761.8865
6077,7971.7036
6078,5645.952
6079,5421.7285
6080,4204.1357
6081,5515.719
6082,6754.037
6083,5599.021
6084,4859.0493
6085,6657.0264
6086,4695.6694
6087,5523.717
6088,14319.967
6089,4917.9985
6090,7304.9355
6091,5014.3423
6092,4906.5933
6093,4328.119
6094,3863.274
6095,3229.1602
6096,4213.4297
6097,7296.7466
6098,10660.171
6099,7010.839
6100,7831.8047
6101,8672.333
6102,8702.519
6103,8324.192
6104,6525.889
6105,4502.8174
6106,4550.304
6107,9226.671
6108,8638.634
6109,5480.6025
6110,7037.7456
6111,6430.2593
6112,4958.092
6113,3362.791
6114,8946.434
6115,5194.9834
6116,5149.879
6117,5307.986
6118,1887.6179
6119,10435.466
6120,8868.139
6121,12368.923
6122,5163.2773
6123,3973.6619
6124,4094.223
6125,4943.0137
6126,5278.2075
6127,5516.8555
6128,5442.9473
6129,4674.714
6130,3519.7542
6131,5760.3164
6132,2961.9744
6133,2443.5474
6134,5237.324
6135,10611.297
6136,5680.6914
6137,15360.752
6138,3743.6758
6139,4910.573
6140,5074.885
6141,4504.725
6142,3973.461
6143,4121.228
6144,4108.5107
6145,3114.903
6146,6472.645
6147,5569.8306
6148,2899.1963
6149,6894.4585
6150,4137.2163
6151,4876.131
6152,3597.0269
6153,7405.776
6154,5615.7563
6155,8178.5605
6156,4070.7324
6157,5596.826
6158,3444.5483
6159,3939.5012
6160,3834.2808
6161,11575.024
6162,7969.9854
6163,5304.802
6164,3886.5574
6165,4050.7756
6166,4714.857
6167,4453.272
6168,9180.84
6169,3686.492
6170,11617.683
6171,3648.644
6172,4208.0796
6173,4761.7534
6174,7164.9653
6175,5552.8135
6176,3798.6394
6177,5368.861
6178,5975.15
6179,5638.6973
6180,5493.3784
6181,4712.5186
6182,2798.7234
6183,8139.06
6184,4118.198
6185,3276.7908
6186,4824.5034
6187,5209.9946
6188,4760.2954
6189,5418.3833
6190,7039.8735
6191,7002.8257
6192,5497.96
6193,5633.0474
6194,3362.544
6195,6827.148
6196,4663.0723
6197,3687.0933
6198,5943.54
6199,5970.8203
6200,5383.712
6201,7041.848
6202,4717.2812
6203,4957.255
6204,5143.404
6205,5268.957
6206,4616.1963
6207,5891.2017
6208,5778.19
6209,5471.2373
6210,4836.368
6211,4208.437
6212,7559.3994
6213,5104.4653
6214,3567.934
6215,9128.99
6216,4564.677
6217,2904.923
6218,5719.206
6219,6956.073
6220,7931.281
6221,4484.2617
6222,4598.9893
6223,5016.6387
6224,2853.548
6225,5087.389
6226,5747.134
6227,5334.3027
6228,4699.232
6229,5409.7593
6230,6551.5347
6231,2744.8218
6232,4223.808
6233,4852.074
6234,4381.9155
6235,4127.582
6236,5655.2603
6237,5813.5767
6238,5019.7407
6239,3955.2598
6240,6515.8813
6241,4843.33
6242,6505.324
6243,6893.643
6244,4257.4434
6245,5307.343
6246,5590.5835
6247,6171.378
6248,6245.0
6249,6375.7456
6250,4268.7686
6251,8376.215
6252,5306.33
6253,6059.832
6254,7799.623
6255,3633.504
6256,3205.3862
6257,10642.23
6258,6612.538
6259,6135.323
6260,4637.3716
6261,5351.4927
6262,7150.7783
6263,2981.5618
6264,5442.9263
6265,4594.407
6266,6579.4707
6267,5004.308
6268,4603.3213
6269,6485.4497
6270,4521.6523
6271,6989.1196
6272,8822.48
6273,13610.198
6274,5864.61
6275,3797.7266
6276,4285.145
6277,3172.407
6278,2703.4946
6279,8941.589
6280,6552.228
6281,4433.1147
6282,7017.5693
6283,4707.321
6284,9435.189
6285,3749.6943
6286,4919.4624
6287,4815.2397
6288,7037.403
6289,4017.876
6290,5016.6675
6291,4324.0215
6292,3884.6226
6293,6159.505
6294,4102.7065
6295,5599.0903
6296,6128.2407
6297,7625.4575
6298,6211.85
6299,6285.253
6300,4919.331
6301,8875.645
6302,3856.2122
6303,4475.4546
6304,8269.929
6305,5479.2803
6306,7060.7266
6307,5875.6235
6308,13786.32
6309,4306.683
6310,3878.0913
6311,4075.0876
6312,4928.3296
6313,7184.38
6314,7798.0757
6315,5247.23
6316,6525.4966
6317,6248.11
6318,3069.215
6319,6074.172
6320,5875.7188
6321,5181.997
6322,6575.7563
6323,4657.467
6324,3808.0798
6325,3979.9287
6326,3202.6843
6327,3897.0452
6328,6619.2524
6329,6139.954
6330,9051.394
6331,12952.113
6332,5328.0527
6333,4239.26
6334,5519.8403
6335,6741.8657
6336,7256.658
6337,3202.1924
6338,4998.8647
6339,3587.3325
6340,7360.053
6341,5251.1055
6342,4849.6865
6343,9889.891
6344,10853.153
6345,4029.7942
6346,5831.0537
6347,3315.7952
6348,4508.1035
6349,4646.648
6350,7177.5376
6351,3916.988
6352,3516.6497
6353,4573.5283
6354,5820.257
6355,5873.2925
6356,3761.2156
6357,4810.2446
6358,5963.37
6359,5026.266
6360,5438.5356
6361,2947.2666
6362,8221.13
6363,15095.845
6364,3670.6519
6365,5704.8496
6366,6664.714
6367,5475.1895
6368,3476.9214
6369,3342.855
6370,3122.603
6371,6390.0527
6372,3977.3062
6373,6030.696
6374,7922.3594
6375,3627.7097
6376,4134.8687
6377,4969.308
6378,4591.424
6379,3866.9905
6380,4352.48
6381,5066.01
6382,7704.612
6383,6574.96
6384,7304.2393
6385,4769.19
6386,3354.1948
6387,5243.963
6388,5138.907
6389,7058.6055
6390,5101.7637
6391,3923.3528
6392,19096.928
6393,5087.9326
6394,4866.3364
6395,9600.621
6396,5644.0405
6397,4931.382
6398,4996.8433
6399,6002.1284
6400,3948.6587
6401,7444.0254
6402,11670.802
6403,4181.1235
6404,4350.944
6405,5287.6963
6406,10449.439
6407,4886.761
6408,4126.35
6409,4979.8804
6410,4082.3672
6411,5127.7285
6412,3463.7322
6413,6902.657
6414,3065.329
6415,5926.6587
6416,2092.2925
6417,15671.416
6418,6498.49
6419,3217.7056
6420,4231.9023
6421,7271.936
6422,4835.6255
6423,5346.9106
6424,6260.076
6425,4820.281
6426,4205.8325
6427,3708.0308
6428,7691.572
6429,4504.643
6430,4863.872
6431,5689.3896
6432,5852.177
6433,4331.733
6434,6252.599
6435,4619.707
6436,3112.031
6437,6537.3022
6438,6873.5522
6439,3795.0032
6440,6401.9917
6441,5555.9395
6442,3875.802
6443,7637.73
6444,4518.281
6445,6180.992
6446,5409.816
6447,6304.214
6448,3146.6094
6449,4013.3674
6450,3847.915
6451,8545.67
6452,5078.2793
6453,6452.082
6454,3113.9731
6455,6542.6357
6456,3090.5576
6457,4911.604
6458,4052.198
6459,4816.921
6460,5178.7407
6461,5671.282
6462,5485.1
6463,6845.8433
6464,3488.819
6465,4778.06
6466,5512.7686
6467,5900.8916
6468,5492.189
6469,5839.9536
6470,7962.782
6471,5628.525
6472,2310.4663
6473,5573.5137
6474,4174.1655
6475,5338.5225
6476,5529.4995
6477,3392.696
6478,9164.724
6479,4304.2476
6480,5588.11
6481,7997.5513
6482,5755.4775
6483,3037.4653
6484,8235.0205
6485,4761.013
6486,7769.026
6487,4351.5166
6488,6225.089
6489,7915.705
6490,5018.788
6491,4026.8237
6492,5367.683
6493,4336.07
6494,4573.4497
6495,5045.423
6496,8112.7476
6497,5896.104
6498,4638.8184
6499,3919.855
6500,5485.6235
6501,5674.826
6502,5234.148
6503,5805.608
6504,4919.73
6505,4955.666
6506,3852.0356
6507,6357.473
6508,6265.805
6509,5447.9595
6510,4944.952
6511,5170.922
6512,5677.696
6513,7485.363
6514,4342.382
6515,5933.424
6516,4240.5703
6517,5042.079
6518,6039.157
6519,5307.9146
6520,3630.0464
6521,3626.2495
6522,5921.2793
6523,7399.5273
6524,3863.8933
6525,4457.297
6526,6412.3076
6527,4899.62
6528,4618.949
6529,4870.706
6530,4049.7673
6531,2843.1082
6532,6344.4067
6533,3454.5818
6534,5808.1616
6535,5130.1255
6536,5114.5005
6537,4954.5176
6538,9254.362
6539,7277.938
6540,5795.997
6541,4176.033
6542,7459.3486
6543,6117.448
6544,3391.256
6545,2861.3855
6546,8242.116
6547,2676.7588
6548,5756.5977
6549,10156.934
6550,6758.7607
6551,5541.157
6552,3354.115
6553,5564.4463
6554,5327.001
6555,5020.4443
6556,5829.146
6557,6453.5713
6558,6660.8564
6559,4544.3486
6560,6512.278
6561,3750.3599
6562,5260.656
6563,4571.836
6564,4456.969
6565,5042.0215
6566,4482.5127
6567,4501.387
6568,6226.134
6569,3902.32
6570,7727.4854
6571,6071.5073
6572,3482.92
6573,3712.9473
6574,7370.0146
6575,5803.6094
6576,4723.297
6577,4990.5083
6578,5303.785
6579,3945.0896
6580,5256.262
6581,4973.704
6582,5028.712
6583,4115.104
6584,4282.4805
6585,6692.347
6586,5413.1143
6587,5129.8467
6588,2971.1072
6589,8226.275
6590,5185.206
6591,3963.4707
6592,5675.687
6593,8216.74
6594,6388.828
6595,6168.1235
6596,7358.7617
6597,5524.839
6598,4265.512
6599,4593.2417
6600,6084.354
6601,6766.088
6602,9488.786
6603,3712.0088
6604,5199.9707
6605,2828.958
6606,3529.148
6607,7487.898
6608,11404.699
6609,5235.8057
6610,3993.0977
6611,4473.0986
6612,5315.9355
6613,4574.5537
6614,6192.5347
6615,7138.737
6616,5045.846
6617,3393.1362
6618,5684.6753
6619,4766.202
6620,7691.4106
6621,7269.682
6622,3943.5093
6623,5667.118
6624,3378.969
6625,5617.8193
6626,6492.041
6627,5904.433
6628,6745.32
6629,4981.4956
6630,5751.565
6631,3527.152
6632,5285.7197
6633,5606.1284
6634,6724.1475
6635,6079.742
6636,6696.338
6637,4982.099
6638,3489.2085
6639,7733.694
6640,3682.5413
6641,9161.28
6642,5081.3755
6643,3389.7522
6644,4929.3125
6645,5135.09
6646,5182.788
6647,6278.8237
6648,7608.4355
6649,4099.5376
6650,9585.342
6651,3289.469
6652,3922.376
6653,5268.8516
6654,6187.587
6655,8669.777
6656,5887.0
6657,5399.7217
6658,4373.0005
6659,5304.407
6660,5513.673
6661,4301.3706
6662,5187.6104
6663,4591.4194
6664,8168.566
6665,5439.6304
6666,6355.9087
6667,9568.937
6668,6868.6826
6669,3801.0862
6670,4065.8542
6671,4586.7617
6672,9458.346
6673,4375.1245
6674,6599.577
6675,3649.5806
6676,8070.0312
6677,5622.4614
6678,4280.369
6679,4210.1636
6680,3663.9978
6681,4337.1455
6682,4524.2324
6683,4759.873
6684,3819.0151
6685,3829.149
6686,3769.2683
6687,7209.497
6688,5799.763
6689,18141.979
6690,5127.288
6691,3549.91
6692,3832.7122
6693,5810.605
6694,7776.0244
6695,4085.4995
6696,4178.9307
6697,8034.9546
6698,5026.9473
6699,6185.5747
6700,5246.6343
6701,6072.1733
6702,5976.125
6703,4063.7063
6704,4927.3145
6705,6054.6724
6706,6991.62
6707,4855.25
6708,6732.8115
6709,6030.696
6710,7243.3467
6711,4631.2007
6712,4329.8247
6713,4684.8604
6714,8632.556
6715,9164.716
6716,5697.2856
6717,7578.581
6718,3913.623
6719,6480.96
6720,3050.0732
6721,5188.491
6722,3513.0251
6723,6872.2935
6724,6829.369
6725,9045.638
6726,8438.956
6727,5583.4746
6728,4688.0654
6729,3454.5916
6730,3604.5183
6731,5402.323
6732,8537.295
6733,5535.6313
6734,4520.376
6735,4528.5415
6736,4393.2197
6737,5977.7383
6738,3232.979
6739,6539.7407
6740,3623.1064
6741,6654.76
6742,5482.9663
6743,4656.4185
6744,6902.7095
6745,4410.549
6746,7277.9243
6747,7705.0527
6748,5874.8335
6749,4864.243
6750,7069.413
6751,4381.857
6752,5757.4707
6753,6136.599
6754,9993.033
6755,4659.36
6756,5697.4214
6757,6290.927
6758,6277.015
6759,7775.1714
6760,5408.4897
6761,7509.0894
6762,3581.6086
6763,4036.0225
6764,4904.698
6765,5691.3486
6766,8345.585
6767,6631.828
6768,3317.1873
6769,4562.5566
6770,6945.2007
6771,6780.8955
6772,7990.666
6773,3681.2207
6774,10993.716
6775,6031.5815
6776,3806.1987
6777,4936.5493
6778,5190.11
6779,5670.7627
6780,6925.9307
6781,3597.9568
6782,5179.3086
6783,5898.416
6784,5915.4253
6785,5586.5376
6786,3987.6165
6787,6036.9575
6788,4840.716
6789,4645.97
6790,7328.139
6791,6485.759
6792,5276.7275
6793,4350.62
6794,8870.178
6795,4476.7227
6796,7676.7085
6797,6587.6025
6798,11449.623
6799,5586.831
6800,3610.9438
6801,5948.151
6802,5686.8066
6803,5326.2085
6804,4483.8857
6805,7666.7715
6806,6254.305
6807,3476.6294
6808,6716.552
6809,4910.9717
6810,5972.7114
6811,4086.197
6812,6371.2593
6813,6566.656
6814,5133.6846
6815,9993.033
6816,4639.77
6817,4280.475
6818,6645.55
6819,7753.495
6820,4570.7983
6821,4306.075
6822,6220.7437
6823,5078.991
6824,4322.038
6825,5658.1465
6826,4509.506
6827,8127.463
6828,6389.8823
6829,6009.283
6830,6264.377
6831,4421.307
6832,4264.292
6833,5142.4326
6834,6845.6865
6835,6008.458
6836,7298.8486
6837,7032.9204
6838,7629.7573
6839,4766.2837
6840,7308.971
6841,6132.977
6842,4605.175
6843,5205.673
6844,7629.553
6845,6068.022
6846,5362.4272
6847,8250.909
6848,7546.6626
6849,6485.431
6850,4853.907
6851,6558.506
6852,6395.3027
6853,5695.1665
6854,5673.89
6855,3469.4167
6856,4397.006
6857,7437.808
6858,6436.9546
6859,5180.8604
6860,3546.5928
6861,6902.7886
6862,5912.0635
6863,6485.5854
6864,5740.6577
6865,4975.0376
6866,4358.1177
6867,3115.2925
6868,8991.85
6869,5518.866
6870,5904.85
6871,5254.763
6872,4768.039
6873,12442.257
6874,5434.294
6875,6468.559
6876,3372.85
6877,5746.7827
6878,4053.3655
6879,7511.059
6880,6940.0557
6881,5860.4775
6882,11155.659
6883,3745.9834
6884,4606.1763
6885,8823.482
6886,4489.899
6887,5876.7275
6888,2271.4512
6889,7145.44
6890,6923.163
6891,4953.601
6892,5601.1895
6893,5261.71
6894,5434.9316
6895,4941.3403
6896,6484.1816
6897,8611.503
6898,2608.2036
6899,5475.8477
6900,2577.5435
6901,10802.416
6902,3831.5022
6903,7244.0996
6904,8828.457
6905,5237.3394
6906,5418.1816
6907,4397.832
6908,4155.723
6909,2918.753
6910,3838.0757
6911,5571.2866
6912,4302.035
6913,6606.7256
6914,6310.7656
6915,4507.8887
6916,5698.791
6917,5700.085
6918,7499.4053
6919,7993.6772
6920,6884.47
6921,4379.233
6922,3623.3933
6923,8256.578
6924,8768.958
6925,4511.9883
6926,6584.738
6927,4490.687
6928,6108.1543
6929,4473.5684
6930,4406.281
6931,5907.1484
6932,3448.145
6933,5183.0747
6934,4325.849
6935,7800.895
6936,6148.3228
6937,6880.492
6938,6331.2524
6939,4814.895
6940,7254.2637
6941,16196.214
6942,8132.48
6943,4065.1445
6944,2643.3054
6945,5452.0195
6946,6648.9355
6947,4305.484
6948,5645.322
6949,12176.483
6950,5442.7393
6951,9283.475
6952,19034.94
6953,3673.3875
6954,5111.7544
6955,4462.0825
6956,3418.3347
6957,6999.213
6958,4396.733
6959,6747.7393
6960,8153.6597
6961,6543.1973
6962,5079.7036
6963,5959.043
6964,4512.3755
6965,5888.275
6966,3423.8992
6967,5583.9272
6968,5923.2793
6969,8056.8027
6970,5653.572
6971,5495.5796
6972,3752.2527
6973,6541.968
6974,4348.8027
6975,4797.492
6976,3334.7107
6977,7254.9624
6978,4738.2334
6979,5280.952
6980,6022.3604
6981,6358.5586
6982,5246.2544
6983,4868.486
6984,5052.589
6985,4522.1353
6986,5764.895
6987,5728.4165
6988,8115.0615
6989,6511.166
6990,6405.9624
6991,5105.186
6992,3246.7297
6993,5028.525
6994,5773.9805
6995,5032.522
6996,4295.29
6997,2287.903
6998,6792.107
6999,5494.9136
7000,8313.624
7001,5621.802
7002,4702.6577
7003,6206.0166
7004,4320.6777
7005,4020.0688
7006,8334.782
7007,5200.0503
7008,6588.03
7009,7546.015
7010,11754.013
7011,5365.6045
7012,3950.1545
7013,6599.2183
7014,3987.5898
7015,4860.185
7016,5114.8027
7017,6468.7935
7018,4068.543
7019,6619.1006
7020,3380.265
7021,4738.0664
7022,3241.6294
7023,8271.436
7024,4668.8984
7025,12282.495
7026,10629.611
7027,4850.6396
7028,5623.121
7029,4523.214
7030,5553.56
7031,4673.0195
7032,10269.441
7033,6774.205
7034,7088.758
7035,3683.3389
7036,6633.214
7037,4916.516
7038,7159.3843
7039,7514.3696
7040,6015.2476
7041,5367.156
7042,5961.584
7043,6679.013
7044,7416.032
7045,7547.0586
7046,5739.6064
7047,6311.5117
7048,8425.67
7049,5992.4155
7050,5839.352
7051,5300.5127
7052,7438.702
7053,5873.0234
7054,4767.257
7055,4290.7036
7056,5428.1396
7057,4397.849
7058,7518.0903
7059,5536.434
7060,6774.6445
7061,5155.1675
7062,8106.529
7063,4308.0923
7064,6088.5923
7065,7743.4443
7066,6637.34
7067,6869.253
7068,5484.1323
7069,3535.2905
7070,11772.087
7071,7629.575
7072,6835.945
7073,14392.397
7074,7590.597
7075,6072.5845
7076,5688.098
7077,7117.918
7078,8618.71
7079,8934.828
7080,9616.311
7081,5102.888
7082,6267.2817
7083,5054.879
7084,7825.95
7085,3890.2183
7086,8308.661
7087,4875.5684
7088,4695.468
7089,5346.344
7090,6890.783
7091,6413.849
7092,4566.214
7093,6944.1343
7094,4446.1797
7095,3604.4736
7096,6232.979
7097,3960.247
7098,4039.046
7099,5001.922
7100,5244.533
7101,8359.463
7102,8179.395
7103,5884.3223
7104,6093.3213
7105,5479.0605
7106,9079.027
7107,5485.608
7108,5280.8716
7109,4481.649
7110,4387.152
7111,8357.343
7112,4010.394
7113,11607.095
7114,6318.6016
7115,2962.8875
7116,3995.7498
7117,5659.917
7118,5492.0215
7119,4820.727
7120,7750.294
7121,8717.846
7122,9988.23
7123,4977.971
7124,10216.8125
7125,2735.5364
7126,4835.704
7127,5593.4214
7128,4712.2266
7129,5871.758
7130,5049.751
7131,6025.2334
7132,3613.273
7133,4759.1694
7134,10395.581
7135,7564.2896
7136,4003.9568
7137,4635.5493
7138,7976.7085
7139,8122.743
7140,6494.9707
7141,4988.2524
7142,4047.5234
7143,7584.0625
7144,5016.8687
7145,6816.061
7146,4523.4688
7147,4865.4404
7148,6186.0293
7149,6780.0615
7150,3117.005
7151,4009.369
7152,3886.9058
7153,4950.271
7154,8286.043
7155,6668.758
7156,7112.0957
7157,10789.01
7158,4968.2183
7159,9417.612
7160,9736.741
7161,6241.7603
7162,4545.268
7163,2857.4329
7164,6492.078
7165,5114.0464
7166,5203.513
7167,5364.919
7168,5775.523
7169,9579.657
7170,4049.6514
7171,4783.5415
7172,6262.567
7173,4008.3516
7174,7510.83
7175,4899.2886
7176,3848.9172
7177,6213.5034
7178,3040.2888
7179,5691.132
7180,7383.453
7181,5898.6636
7182,6608.66
7183,7488.341
7184,6922.417
7185,4601.6006
7186,6523.6797
7187,8261.737
7188,6155.517
7189,4944.1787
7190,5804.4785
7191,4128.669
7192,8278.688
7193,6084.1567
7194,5447.7773
7195,4318.5513
7196,5814.741
7197,7501.1436
7198,6239.522
7199,5161.308
7200,7551.5806
7201,5092.089
7202,6440.5596
7203,14451.089
7204,5226.874
7205,8932.093
7206,4766.475
7207,5075.9497
7208,5314.369
7209,4574.999
7210,3567.8115
7211,4541.987
7212,8187.2705
7213,11829.849
7214,7628.724
7215,8455.48
7216,7908.1885
7217,10168.652
7218,9145.409
7219,7200.0547
7220,4792.3696
7221,4578.317
7222,9508.608
7223,9790.305
7224,6460.981
7225,6961.9873
7226,7634.911
7227,5289.689
7228,3399.548
7229,9867.918
7230,5396.38
7231,5289.568
7232,5631.253
7233,1947.635
7234,10327.087
7235,8934.309
7236,12276.2295
7237,5441.867
7238,4321.601
7239,4744.1445
7240,5503.653
7241,5470.6167
7242,5533.6255
7243,6434.4067
7244,4691.6714
7245,3870.7292
7246,5672.8457
7247,3029.874
7248,2614.0764
7249,4969.5596
7250,11476.431
7251,6162.1904
7252,16496.941
7253,3701.016
7254,5482.9556
7255,5424.92
7256,5011.0435
7257,4043.4482
7258,4948.9443
7259,4199.4185
7260,3290.9285
7261,7737.0806
7262,5946.398
7263,3327.2117
7264,7761.2344
7265,4389.3076
7266,5127.9287
7267,3898.2163
7268,8228.362
7269,6114.5664
7270,7885.7583
7271,4183.5054
7272,5666.9346
7273,3930.5862
7274,4299.381
7275,4205.692
7276,11947.807
7277,9149.641
7278,5850.48
7279,4080.0237
7280,4678.3184
7281,5590.8022
7282,3798.7844
7283,7248.9585
7284,3905.8467
7285,12720.355
7286,3825.5273
7287,4425.438
7288,5131.0654
7289,8445.502
7290,6382.1284
7291,4469.363
7292,5419.5513
7293,5745.3306
7294,6285.289
7295,6240.177
7296,4946.117
7297,3125.1362
7298,7697.9937
7299,4523.7144
7300,3595.929
7301,5317.67
7302,5990.084
7303,4975.83
7304,5351.8755
7305,7364.0137
7306,7743.0083
7307,6129.17
7308,6339.9785
7309,3597.95
7310,7730.6777
7311,4967.2705
7312,4099.5103
7313,6830.985
7314,6309.9106
7315,5539.625
7316,7585.256
7317,5230.5947
7318,5290.2847
7319,5838.1885
7320,5011.6025
7321,4807.6074
7322,6133.217
7323,7108.5825
7324,5618.425
7325,5186.9272
7326,4725.7847
7327,8066.753
7328,5855.2925
7329,3995.6353
7330,10195.037
7331,4230.554
7332,2867.028
7333,6432.4985
7334,8315.266
7335,7906.205
7336,4512.746
7337,5175.4766
7338,5569.7617
7339,3220.9333
7340,5681.7646
7341,6432.707
7342,5559.1196
7343,5262.212
7344,5245.759
7345,7182.667
7346,2836.5884
7347,4454.8867
7348,4943.193
7349,4329.556
7350,4417.315
7351,6107.298
7352,6411.751
7353,5394.9287
7354,4540.462
7355,6609.4355
7356,5510.8335
7357,7060.511
7358,7561.354
7359,4860.505
7360,5629.3623
7361,5806.6494
7362,6469.824
7363,6434.9287
7364,7823.6216
7365,3111.1582
7366,8731.519
7367,5647.1743
7368,6237.683
7369,8912.12
7370,4207.209
7371,3223.6814
7372,10980.429
7373,6851.291
7374,6915.27
7375,4755.4937
7376,4984.9844
7377,7797.4883
7378,3294.896
7379,5789.273
7380,4467.1123
7381,7275.8975
7382,4873.1924
7383,4718.87
7384,6970.665
7385,4651.584
7386,7110.522
7387,9682.233
7388,14118.15
7389,6342.7065
7390,4147.66
7391,4720.7837
7392,3724.8848
7393,2804.344
7394,9707.931
7395,6730.0376
7396,5376.4556
7397,8020.6978
7398,5131.9805
7399,8618.093
7400,4313.228
7401,5072.6973
7402,5336.196
7403,7067.9297
7404,4782.556
7405,5504.7026
7406,5222.1797
7407,4244.585
7408,6381.1846
7409,4538.925
7410,6088.813
7411,7110.4
7412,7677.477
7413,6627.149
7414,6392.2354
7415,5434.6206
7416,9210.177
7417,4210.063
7418,5096.6274
7419,9785.842
7420,6036.6636
7421,7407.125
7422,6054.1587
7423,15356.46
7424,4549.1543
7425,4167.5215
7426,4234.402
7427,4983.9624
7428,8095.3325
7429,8861.138
7430,6116.322
7431,6488.537
7432,6890.3496
7433,3561.8027
7434,6549.8413
7435,6034.7983
7436,5578.822
7437,6979.267
7438,5172.8066
7439,4390.262
7440,4453.026
7441,3160.005
7442,3981.2917
7443,7105.532
7444,5714.0693
7445,10097.444
7446,14282.172
7447,5728.3125
7448,4259.1167
7449,6184.82
7450,7048.0166
7451,7457.7837
7452,3494.9248
7453,5451.0576
7454,3919.0662
7455,7454.5903
7456,5935.7954
7457,5715.885
7458,10409.531
7459,12814.679
7460,4031.3975
7461,6079.365
7462,3328.726
7463,4864.531
7464,4682.484
7465,7748.202
7466,4290.9653
7467,4121.688
7468,4622.2637
7469,6232.224
7470,5162.8193
7471,3749.7874
7472,5013.898
7473,6598.79
7474,5989.7866
7475,5784.432
7476,2690.0056
7477,9724.806
7478,15395.365
7479,3702.577
7480,6706.744
7481,7064.7554
7482,5747.0186
7483,4002.0742
7484,3329.9075
7485,3553.0913
7486,6366.375
7487,4468.7617
7488,6179.9663
7489,8531.354
7490,3930.3088
7491,4561.142
7492,5582.612
7493,4889.265
7494,4521.648
7495,4738.518
7496,5323.5063
7497,8659.653
7498,6604.1987
7499,7810.0522
7500,5281.7686
7501,3480.2
7502,5366.2905
7503,5197.878
7504,7700.461
7505,5588.9307
7506,4183.254
7507,18144.193
7508,5340.096
7509,5074.594
7510,10404.677
7511,5792.0234
7512,5641.4087
7513,5564.5947
7514,5898.4663
7515,4336.6694
7516,8138.4004
7517,12689.662
7518,4610.5767
7519,4461.1675
7520,5475.6597
7521,10133.952
7522,5518.677
7523,4530.7363
7524,5237.519
7525,4675.8555
7526,5023.563
7527,3993.791
7528,7134.537
7529,3162.6406
7530,5842.461
7531,2616.106
7532,19265.115
7533,7117.9116
7534,3438.537
7535,5176.227
7536,8480.389
7537,5237.01
7538,5425.9707
7539,7067.3096
7540,5262.799
7541,4977.4062
7542,3757.9304
7543,8135.5986
7544,4941.958
7545,5241.7476
7546,5716.55
7547,6575.901
7548,4613.3
7549,7074.6475
7550,5586.9536
7551,3195.6404
7552,6883.6626
7553,8666.826
7554,4033.1323
7555,6986.58
7556,6163.237
7557,4365.2446
7558,8769.426
7559,4460.802
7560,6002.266
7561,6126.9023
7562,7142.2715
7563,3294.3303
7564,4523.037
7565,4355.8276
7566,7194.954
7567,5182.1504
7568,6927.84
7569,3485.9448
7570,6998.078
7571,3314.9033
7572,5491.482
7573,4343.0156
7574,5186.5366
7575,5254.5376
7576,6000.949
7577,5934.448
7578,8041.203
7579,4053.2805
7580,5374.3584
7581,5896.306
7582,6581.4414
7583,5414.157
7584,7342.3843
7585,8422.263
7586,5706.967
7587,2976.0217
7588,5633.5845
7589,4514.9463
7590,5764.895
7591,5611.205
7592,3613.018
7593,10782.457
7594,4779.8423
7595,5648.0366
7596,8696.138
7597,5841.302
7598,3449.9216
7599,8830.571
7600,5231.922
7601,8369.012
7602,4805.5625
7603,6567.7583
7604,7533.301
7605,6146.476
7606,4616.773
7607,6330.1353
7608,4706.966
7609,4719.698
7610,5743.725
7611,7610.337
7612,6803.4927
7613,4805.3286
7614,4123.501
7615,6335.9585
7616,6773.6816
7617,5288.902
7618,6392.6924
7619,5081.4
7620,5172.4414
7621,3643.9346
7622,7053.4165
7623,6305.8916
7624,6325.85
7625,5134.1494
7626,5403.1377
7627,6392.284
7628,7708.236
7629,5304.549
7630,6546.069
7631,4321.8853
7632,5385.335
7633,6443.4717
7634,5691.555
7635,3919.627
7636,3868.9277
7637,6245.3633
7638,7965.7373
7639,4188.2847
7640,4933.4
7641,6919.453
7642,5697.378
7643,4567.6514
7644,5025.9404
7645,4480.0547
7646,2770.6838
7647,6773.9854
7648,3603.274
7649,6140.552
7650,5490.026
7651,5907.199
7652,5540.914
7653,8285.49
7654,7336.294
7655,6096.786
7656,4515.295
7657,6917.803
7658,6358.874
7659,3235.7715
7660,2641.8733
7661,8149.757
7662,3167.5442
7663,5853.8853
7664,10511.734
7665,6737.8545
7666,5806.937
7667,3525.1104
7668,6185.8047
7669,5651.906
7670,5530.892
7671,6323.3887
7672,6923.837
7673,6586.6226
7674,4937.0767
7675,7499.0903
7676,4043.4675
7677,5799.708
7678,4439.1196
7679,4806.6445
7680,5961.6865
7681,5365.1187
7682,4940.412
7683,6507.2915
7684,4436.393
7685,8752.947
7686,5894.7207
7687,3990.4626
7688,4063.551
7689,8096.707
7690,6320.3555
7691,4696.5024
7692,5302.262
7693,6221.2837
7694,4472.868
7695,5458.503
7696,5251.331
7697,6123.4146
7698,4231.45
7699,4356.962
7700,7902.104
7701,5695.916
7702,5501.249
7703,3256.2275
7704,10000.308
7705,5470.4756
7706,4412.371
7707,5474.5264
7708,9149.807
7709,6873.821
7710,6755.6284
7711,7953.044
7712,5738.375
7713,4656.3916
7714,5377.384
7715,6441.26
7716,8753.641
7717,9996.445
7718,4223.321
7719,4696.552
7720,2900.8328
7721,3917.5896
7722,8332.557
7723,12124.982
7724,5119.5474
7725,3859.318
7726,4928.7573
7727,5057.7437
7728,5319.1206
7729,6635.9155
7730,7527.784
7731,5523.2847
7732,3529.5889
7733,7014.1094
7734,4967.891
7735,7714.1562
7736,7964.0737
7737,4650.5635
7738,6084.685
7739,3496.2053
7740,6247.502
7741,6602.958
7742,6204.898
7743,6911.841
7744,5334.944
7745,6105.23
7746,4054.9473
7747,5578.561
7748,6945.777
7749,7186.6416
7750,6457.8877
7751,7136.7627
7752,5061.175
7753,3835.232
7754,8402.324
7755,3994.8464
7756,9974.95
7757,5695.737
7758,4039.6162
7759,4787.7734
7760,5410.1514
7761,5225.7524
7762,6737.0703
7763,7523.994
7764,4632.4556
7765,10035.345
7766,3302.3477
7767,4258.0444
7768,5442.303
7769,6790.708
7770,9536.883
7771,5653.4966
7772,4931.574
7773,4999.389
7774,5284.2627
7775,6106.6685
7776,4319.5938
7777,5634.557
7778,4619.6055
7779,9682.0205
7780,5260.6406
7781,7120.3896
7782,10509.379
7783,7715.275
7784,4439.4707
7785,4085.1682
7786,5028.7983
7787,9777.035
7788,4629.416
7789,6641.6973
7790,4004.1365
7791,8467.958
7792,5777.0933
7793,4798.7466
7794,4631.0767
7795,3995.117
7796,4465.851
7797,5103.5303
7798,4660.182
7799,4180.936
7800,3958.9326
7801,3978.3306
7802,7514.334
7803,5510.487
7804,19393.514
7805,5621.7485
7806,4226.779
7807,2683.5437
7808,4258.2676
7809,9697.927
7810,2088.715
7811,2946.4766
7812,6092.6123
7813,3378.898
7814,6530.5464
7815,5079.9604
7816,5593.309
7817,6099.6133
7818,4522.226
7819,3479.39
7820,5843.3696
7821,5396.6685
7822,2556.3525
7823,4815.9976
7824,4396.7837
7825,6274.74
7826,5219.4155
7827,3366.665
7828,4531.856
7829,7560.481
7830,8548.458
7831,5694.482
7832,7454.3345
7833,2103.6663
7834,7888.5264
7835,3496.2988
7836,5188.6
7837,2355.3188
7838,8222.228
7839,7466.232
7840,8752.096
7841,9688.117
7842,6906.2925
7843,6470.7993
7844,2463.2583
7845,4638.5527
7846,5969.812
7847,8299.988
7848,4196.2466
7849,3585.5947
7850,5700.482
7851,5058.7036
7852,5701.8247
7853,2634.0703
7854,7453.41
7855,4283.469
7856,7640.7173
7857,6085.457
7858,3424.7844
7859,8906.605
7860,2951.0479
7861,8985.026
7862,6373.97
7863,6554.916
7864,2447.9924
7865,5278.4946
7866,4969.583
7867,3812.3032
7868,7310.449
7869,11166.697
7870,2817.2046
7871,6159.129
7872,5464.8066
7873,8497.7
7874,7273.9546
7875,5634.552
7876,6562.16
7877,2449.5474
7878,2528.6926
7879,4655.761
7880,5903.4644
7881,8281.469
7882,7879.668
7883,2405.8123
7884,4075.15
7885,8666.967
7886,8990.126
7887,5751.0767
7888,3203.436
7889,11045.805
7890,5479.118
7891,3651.6458
7892,3923.5137
7893,2148.514
7894,4718.8745
7895,7305.1797
7896,3816.2803
7897,5894.411
7898,3048.575
7899,5650.6553
7900,3769.1926
7901,1664.9326
7902,4329.366
7903,5360.6475
7904,5695.226
7905,8490.951
7906,6791.012
7907,5567.929
7908,3723.208
7909,11191.669
7910,3307.1553
7911,6024.843
7912,7425.5806
7913,12909.146
7914,5073.326
7915,2927.579
7916,6571.035
7917,6091.3745
7918,6489.911
7919,4959.014
7920,10362.479
7921,5893.287
7922,2190.948
7923,7862.9937
7924,4579.889
7925,6031.708
7926,2251.5981
7927,7104.2646
7928,3794.5254
7929,2832.6428
7930,8610.387
7931,4534.4155
7932,5369.9824
7933,7983.4062
7934,7356.221
7935,4436.448
7936,4937.0483
7937,7383.883
7938,3312.106
7939,3117.9
7940,6812.3433
7941,4917.3696
7942,6805.693
7943,3113.3167
7944,4497.34
7945,6456.102
7946,4224.1265
7947,3161.612
7948,5298.162
7949,5604.7437
7950,6156.4917
7951,7425.071
7952,8058.6167
7953,7506.7837
7954,3975.311
7955,7675.105
7956,5547.7046
7957,3164.394
7958,3620.08
7959,8076.869
7960,7288.0176
7961,2828.9417
7962,7121.823
7963,9897.411
7964,6567.2944
7965,4737.745
7966,7025.7197
7967,7344.5977
7968,5587.108
7969,4331.068
7970,2799.9705
7971,5184.677
7972,5233.3994
7973,4552.2275
7974,5371.596
7975,3207.8213
7976,5862.7866
7977,7237.794
7978,6119.3506
7979,6484.256
7980,6188.632
7981,2853.106
7982,1521.319
7983,7123.657
7984,6210.4697
7985,7301.3413
7986,3413.0789
7987,5576.603
7988,4163.933
7989,5270.485
7990,5817.5815
7991,3688.029
7992,4087.308
7993,4914.2046
7994,7131.673
7995,6710.942
7996,7492.6416
7997,15722.181
7998,3991.2737
7999,4780.9644
8000,10395.354
8001,3547.2932
8002,5438.0015
8003,728.3544
8004,7968.1006
8005,6767.6885
8006,5406.803
8007,6471.3423
8008,5555.9604
8009,4716.1294
8010,5109.819
8011,4967.7964
8012,7885.036
8013,3157.0308
8014,5095.976
8015,2592.8289
8016,8918.141
8017,3171.363
8018,7823.771
8019,10556.172
8020,6216.977
8021,6016.401
8022,4452.1553
8023,2172.0159
8024,1779.3237
8025,3513.4707
8026,5321.3843
8027,3061.0364
8028,5719.2007
8029,7373.5933
8030,3867.6362
8031,5347.543
8032,4565.7393
8033,8460.918
8034,7838.575
8035,7220.9004
8036,5106.603
8037,2900.094
8038,8462.6045
8039,9598.113
8040,3614.504
8041,4451.934
8042,3879.9895
8043,5517.329
8044,5410.9614
8045,4003.7468
8046,6616.2856
8047,3034.7136
8048,5114.6367
8049,5004.504
8050,8768.715
8051,5812.584
8052,7296.099
8053,6541.762
8054,4530.14
8055,8575.914
8056,17659.842
8057,8823.86
8058,3578.2856
8059,3489.052
8060,6550.5034
8061,7755.7363
8062,2967.8733
8063,4741.3574
8064,9226.618
8065,6137.161
8066,6818.6685
8067,16981.549
8068,5362.4478
8069,5321.7646
8070,2696.0164
8071,2197.1338
8072,10407.843
8073,3408.0945
8074,6418.2554
8075,8937.956
8076,2946.1238
8077,3358.713
8078,6162.355
8079,3858.501
8080,6680.6187
8081,1982.28
8082,4806.5664
8083,4781.913
8084,10920.053
8085,5857.337
8086,5882.437
8087,3148.9636
8088,7720.4795
8089,5945.0938
8090,6739.6157
8091,1614.8319
8092,9439.717
8093,4856.7324
8094,5880.165
8095,4145.7256
8096,4330.1963
8097,3468.6426
8098,4737.6006
8099,3551.2107
8100,5160.3433
8101,4635.103
8102,4867.446
8103,8210.504
8104,7797.1387
8105,7450.951
8106,4176.0215
8107,4201.5337
8108,4270.125
8109,5116.6914
8110,6504.859
8111,3005.3184
8112,1134.2107
8113,6765.991
8114,5604.5137
8115,7839.7563
8116,5523.2686
8117,4295.548
8118,4562.3564
8119,3341.8188
8120,2512.3455
8121,8935.279
8122,6283.4067
8123,4884.832
8124,5503.17
8125,11642.974
8126,6148.798
8127,1707.8263
8128,7478.655
8129,1911.4326
8130,4199.975
8131,6089.3066
8132,6329.266
8133,2497.227
8134,4147.929
8135,3976.0923
8136,3865.4453
8137,1598.9933
8138,8292.36
8139,4493.6006
8140,9201.59
8141,10514.853
8142,5973.23
8143,5692.755
8144,4156.282
8145,4978.8115
8146,4859.272
8147,11474.384
8148,6421.458
8149,7100.6606
8150,3001.399
8151,5642.0273
8152,5465.526
8153,6710.833
8154,8426.755
8155,6975.4272
8156,5494.578
8157,6430.075
8158,5227.811
8159,8718.728
8160,6154.407
8161,6796.2026
8162,6101.964
8163,9250.859
8164,6868.84
8165,4760.0503
8166,5668.654
8167,8272.461
8168,6068.9077
8169,3227.6755
8170,5529.4624
8171,3156.8652
8172,4919.542
8173,8767.302
8174,6797.668
8175,7287.4614
8176,5954.2476
8177,8233.402
8178,4721.1436
8179,4322.541
8180,4198.1084
8181,6274.0283
8182,6232.551
8183,6499.4014
8184,3184.2532
8185,13452.495
8186,5115.183
8187,5510.655
8188,15984.443
8189,5582.1914
8190,7459.6406
8191,6076.7505
8192,6942.432
8193,8423.838
8194,7518.8936
8195,9703.376
8196,2887.9336
8197,4468.3057
8198,5454.3496
8199,8774.655
8200,2606.1875
8201,5426.1
8202,4602.452
8203,5076.221
8204,5286.3247
8205,5755.9497
8206,3324.461
8207,5712.1675
8208,5101.9
8209,2910.478
8210,3061.0625
8211,7485.1343
8212,4205.291
8213,4958.522
8214,5741.1016
8215,5347.2217
8216,9416.606
8217,11759.899
8218,4836.2573
8219,7478.098
8220,6075.203
8221,9927.153
8222,4902.6963
8223,2841.4595
8224,4057.857
8225,5209.89
8226,11890.717
8227,3932.1501
8228,8892.04
8229,7527.095
8230,2059.171
8231,3772.405
8232,5972.8423
8233,5987.7017
8234,4973.4717
8235,8527.644
8236,9184.343
8237,7579.2246
8238,3940.971
8239,11937.658
8240,2068.5955
8241,3729.749
8242,8251.358
8243,4009.583
8244,5630.909
8245,3634.3567
8246,7232.715
8247,4933.2637
8248,3765.096
8249,13415.365
8250,10992.824
8251,2352.3467
8252,4963.1455
8253,5678.0806
8254,7686.6143
8255,9744.341
8256,5131.814
8257,2646.693
8258,8040.9883
8259,1981.2391
8260,9527.537
8261,4545.684
8262,5353.657
8263,9661.072
8264,5654.8125
8265,1440.924
8266,4832.1167
8267,2290.6396
8268,3908.385
8269,11241.36
8270,7737.951
8271,4279.5605
8272,12906.4375
8273,7324.0166
8274,10748.522
8275,11807.304
8276,6957.4536
8277,4484.373
8278,2019.5336
8279,4707.8955
8280,6522.149
8281,2642.4758
8282,5740.2036
8283,4513.9297
8284,7134.1016
8285,2476.291
8286,5333.4937
8287,8725.433
8288,1751.0455
8289,9293.468
8290,5743.884
8291,2794.132
8292,6939.658
8293,3161.624
8294,3043.4956
8295,9733.64
8296,7022.638
8297,6805.2646
8298,8355.39
8299,5367.852
8300,4832.407
8301,6809.7773
8302,7026.47
8303,8017.4316
8304,5618.3604
8305,6807.0366
8306,3503.036
8307,8512.788
8308,5989.2324
8309,5928.5474
8310,3812.445
8311,4852.597
8312,8115.255
8313,5870.453
8314,3927.749
8315,5170.0195
8316,5516.84
8317,4802.767
8318,15584.892
8319,5021.3594
8320,10313.041
8321,4711.1436
8322,3478.809
8323,6457.506
8324,5429.253
8325,2949.3916
8326,4683.761
8327,8848.926
8328,14383.78
8329,7069.6626
8330,9750.03
8331,6817.069
8332,10887.875
8333,8417.051
8334,6804.57
8335,5195.4097
8336,4296.556
8337,10247.945
8338,7617.505
8339,6910.4634
8340,5317.472
8341,5320.242
8342,5036.575
8343,2437.8062
8344,12187.8
8345,6477.5425
8346,5771.266
8347,4951.7114
8348,1463.2924
8349,8731.152
8350,8036.6333
8351,12289.233
8352,5695.7207
8353,4321.3496
8354,3891.3245
8355,7124.507
8356,4917.2104
8357,4026.455
8358,10226.942
8359,4418.044
8360,4245.054
8361,5480.0693
8362,3453.5042
8363,2581.5278
8364,2232.022
8365,14047.823
8366,4855.644
8367,13223.295
8368,4328.5073
8369,5930.9453
8370,5024.7227
8371,4122.1875
8372,3102.14
8373,6243.0166
8374,3210.7083
8375,2764.5728
8376,10802.3955
8377,5851.055
8378,2642.777
8379,8501.056
8380,2519.7268
8381,5898.298
8382,3485.7651
8383,9431.536
8384,7479.7744
8385,8227.162
8386,2296.8079
8387,5065.7876
8388,2542.5918
8389,4773.4497
8390,3734.16
8391,15833.309
8392,11392.501
8393,4860.083
8394,2721.1565
8395,5727.389
8396,4047.9714
8397,2503.1284
8398,7127.0894
8399,2475.9485
8400,14083.83
8401,4159.983
8402,4766.3657
8403,5887.7695
8404,11572.353
8405,6745.294
8406,5135.266
8407,4986.3687
8408,6124.2437
8409,6455.443
8410,6767.34
8411,3929.053
8412,1123.2585
8413,4662.77
8414,2929.3057
8415,2930.3762
8416,5775.154
8417,6741.898
8418,5771.1943
8419,5245.589
8420,8157.697
8421,5715.1763
8422,3152.6338
8423,7488.605
8424,2267.835
8425,9620.1
8426,4860.338
8427,2704.6323
8428,4595.7
8429,4145.4766
8430,4784.7876
8431,7087.3647
8432,7054.345
8433,3791.7102
8434,5828.129
8435,2426.9954
8436,4615.8086
8437,8049.8896
8438,8870.211
8439,3360.017
8440,2101.996
8441,5058.5493
8442,7213.9473
8443,6234.9116
8444,2533.3882
8445,10843.469
8446,3421.6594
8447,3271.5933
8448,5736.739
8449,10380.72
8450,9211.916
8451,4171.033
8452,4381.218
8453,5842.9624
8454,1370.4231
8455,6824.987
8456,7121.096
8457,4342.3115
8458,4420.8096
8459,2813.808
8460,8462.032
8461,2974.9446
8462,4333.142
8463,3824.0496
8464,3557.0862
8465,2794.2573
8466,7551.4365
8467,6844.4526
8468,5554.5083
8469,3616.8665
8470,5045.851
8471,7545.3096
8472,7596.703
8473,7712.3687
8474,4869.777
8475,5261.1826
8476,5642.022
8477,7830.893
8478,6660.5513
8479,5380.7905
8480,1953.8033
8481,6418.0044
8482,6194.3247
8483,6254.8657
8484,7975.141
8485,5655.3896
8486,2580.9614
8487,7629.619
8488,5450.4336
8489,9867.117
8490,2679.7292
8491,2447.8127
8492,9103.948
8493,1435.5895
8494,5067.9863
8495,4508.938
8496,8186.5913
8497,3700.6526
8498,4517.854
8499,9169.218
8500,2642.0713
8501,6303.252
8502,9879.972
8503,15088.115
8504,6833.8784
8505,2490.4343
8506,5311.278
8507,3469.5525
8508,2234.7761
8509,7601.5444
8510,4958.0303
8511,6325.7715
8512,5102.708
8513,5084.1196
8514,5648.527
8515,4881.446
8516,5021.738
8517,4522.528
8518,9197.939
8519,5164.558
8520,2323.3882
8521,6087.93
8522,4020.303
8523,5722.753
8524,5499.2134
8525,5891.1904
8526,7518.177
8527,8094.5913
8528,8101.2725
8529,5618.762
8530,4919.0073
8531,5794.1675
8532,2929.7402
8533,5785.9
8534,8875.543
8535,6924.7285
8536,6800.6055
8537,6016.401
8538,14079.881
8539,3020.7483
8540,3444.292
8541,4723.2925
8542,4079.9692
8543,8814.28
8544,9733.427
8545,7673.253
8546,7348.7246
8547,7628.2217
8548,1935.7814
8549,7878.661
8550,3023.614
8551,6251.2036
8552,5940.559
8553,5386.3574
8554,2118.9863
8555,5120.6606
8556,3404.8416
8557,2979.135
8558,7296.663
8559,4577.8145
8560,8708.696
8561,17361.762
8562,5364.438
8563,3118.599
8564,4583.0005
8565,8546.714
8566,6465.611
8567,4059.7698
8568,5393.2925
8569,1998.1239
8570,5971.5947
8571,6842.3574
8572,3238.3037
8573,10498.339
8574,11860.068
8575,3054.4556
8576,5347.084
8577,3646.734
8578,3909.6267
8579,4034.248
8580,8588.503
8581,3935.0693
8582,4356.372
8583,4625.898
8584,2719.249
8585,2569.6643
8586,2516.642
8587,5372.0728
8588,5491.5444
8589,4674.3975
8590,7716.563
8591,1074.6136
8592,7410.051
8593,15240.29
8594,3145.127
8595,8170.436
8596,6879.875
8597,4492.5938
8598,4207.3213
8599,2484.6897
8600,4107.6562
8601,4493.871
8602,5169.61
8603,2929.8743
8604,9153.708
8605,4276.488
8606,3947.6794
8607,5902.389
8608,4815.4414
8609,5785.801
8610,4578.8496
8611,5765.6924
8612,10352.708
8613,4377.959
8614,6918.45
8615,5843.715
8616,3580.809
8617,3188.384
8618,4630.202
8619,5576.9385
8620,6290.855
8621,3619.5552
8622,12716.607
8623,5158.409
8624,4685.978
8625,11833.087
8626,4740.539
8627,6493.218
8628,4300.739
8629,5437.0366
8630,5355.317
8631,6521.8193
8632,16890.498
8633,2921.455
8634,5540.8403
8635,3288.807
8636,9476.27
8637,6951.1055
8638,4704.385
8639,3690.401
8640,4047.2764
8641,2485.9512
8642,2036.0684
8643,6671.29
8644,2231.165
8645,3962.261
8646,1214.01
8647,20322.803
8648,8730.769
8649,2111.5803
8650,5417.3135
8651,6153.3213
8652,6795.995
8653,5238.7783
8654,8152.68
8655,5620.976
8656,5919.1113
8657,2814.5667
8658,7595.0654
8659,6107.682
8660,4015.3396
8661,6150.7573
8662,9309.995
8663,4377.4414
8664,8266.734
8665,6552.4155
8666,2942.0876
8667,5689.3623
8668,6487.324
8669,2721.546
8670,8864.528
8671,6682.4604
8672,4500.8936
8673,10165.414
8674,3588.5408
8675,5004.738
8676,8233.929
8677,6208.296
8678,2285.5771
8679,4833.3613
8680,3647.36
8681,2934.277
8682,4887.6377
8683,5615.7886
8684,3244.1755
8685,6063.0234
8686,2315.7078
8687,5601.077
8688,2857.1506
8689,5383.2446
8690,5552.9937
8691,4651.278
8692,5700.0957
8693,8914.246
8694,2610.921
8695,5451.208
8696,7120.519
8697,2899.6748
8698,5553.454
8699,5932.4956
8700,9121.462
8701,6584.97
8702,3778.0374
8703,1998.2803
8704,2102.8806
8705,5540.6025
8706,4688.021
8707,4132.6997
8708,11428.382
8709,5574.646
8710,5635.509
8711,8556.257
8712,6717.654
8713,2229.9998
8714,8665.734
8715,4383.479
8716,7663.9053
8717,6225.279
8718,7335.874
8719,6089.545
8720,8586.104
8721,5281.889
8722,4018.773
8723,2703.1917
8724,3240.037
8725,6462.0103
8726,4160.6616
8727,8147.565
8728,4875.8564
8729,2826.6946
8730,7619.525
8731,7378.835
8732,4704.107
8733,7419.0464
8734,4434.9673
8735,6902.1235
8736,2920.9395
8737,4809.878
8738,3650.9978
8739,4766.898
8740,3283.2302
8741,6264.9507
8742,7566.57
8743,7910.7085
8744,6260.769
8745,5332.3794
8746,4104.155
8747,6157.6543
8748,6775.5103
8749,7473.5845
8750,2805.1748
8751,2951.2197
8752,8695.475
8753,6194.106
8754,2838.5293
8755,3921.5005
8756,7742.669
8757,6322.2188
8758,2249.45
8759,6174.9756
8760,4761.408
8761,1766.3976
8762,5146.3584
8763,2807.4666
8764,4148.1743
8765,6056.5845
8766,5834.108
8767,5206.567
8768,4185.3096
8769,8405.194
8770,6307.925
8771,3632.2424
8772,5430.351
8773,4963.78
8774,2901.4167
8775,1202.584
8776,8519.384
8777,1590.5319
8778,5749.146
8779,9786.02
8780,5595.892
8781,4307.517
8782,3059.816
8783,5325.543
8784,5110.258
8785,4914.622
8786,5569.65
8787,6087.245
8788,7706.376
8789,6495.107
8790,8510.921
8791,3821.322
8792,3882.6775
8793,4584.225
8794,3577.2788
8795,5133.1997
8796,6517.4727
8797,3326.1167
8798,5181.7896
8799,2607.4062
8800,7922.1323
8801,4449.845
8802,4225.94
8803,3984.1223
8804,5414.6426
8805,7594.5513
8806,3228.1438
8807,6479.4336
8808,4505.868
8809,5132.999
8810,5263.9736
8811,5869.5405
8812,7647.972
8813,4481.0464
8814,3610.341
8815,9748.617
8816,6639.4736
8817,6424.6562
8818,1994.9835
8819,4605.5264
8820,4955.052
8821,3945.6504
8822,4680.6035
8823,10388.068
8824,8009.223
8825,9630.226
8826,9927.106
8827,6160.4097
8828,5078.0903
8829,6072.9263
8830,5975.287
8831,7518.621
8832,10492.042
8833,3080.0237
8834,1793.3862
8835,1331.0046
8836,3961.6262
8837,5064.995
8838,9819.838
8839,2369.5603
8840,1799.808
8841,5301.954
8842,5502.099
8843,5637.8745
8844,8793.1455
8845,6795.5547
8846,6446.226
8847,2601.9355
8848,7850.906
8849,6193.238
8850,6274.585
8851,6936.6143
8852,3431.685
8853,6243.975
8854,3105.628
8855,6542.0054
8856,5760.1406
8857,5026.9424
8858,6258.4404
8859,3747.0735
8860,6259.2764
8861,4865.111
8862,6643.8325
8863,4877.2383
8864,8372.94
8865,5453.481
8866,8547.129
8867,5161.8643
8868,3498.5942
8869,8243.791
8870,2714.5757
8871,10465.927
8872,5481.0312
8873,4726.596
8874,3141.058
8875,7052.4277
8876,4591.542
8877,4401.051
8878,6656.049
8879,4389.651
8880,12429.127
8881,2818.839
8882,3014.326
8883,5525.698
8884,6132.0063
8885,10581.251
8886,2851.963
8887,4579.9985
8888,6090.544
8889,5765.918
8890,4584.82
8891,3490.1572
8892,6045.347
8893,3115.0547
8894,10930.941
8895,2841.896
8896,6708.4653
8897,13359.9375
8898,6890.5996
8899,6201.6733
8900,3180.2217
8901,4849.5107
8902,7619.1323
8903,2650.4202
8904,7157.991
8905,2916.5066
8906,8411.217
8907,6719.3066
8908,5672.705
8909,5985.675
8910,4594.3022
8911,2867.3713
8912,5404.5654
8913,2199.2888
8914,3660.3994
8915,3178.0593
8916,2769.5833
8917,7944.265
8918,5608.123
8919,21871.799
8920,7292.92
8921,0.0
8922,0.0
8923,0.0
8924,0.0
8925,0.0
8926,0.0
8927,0.0
8928,0.0
8929,0.0
8930,0.0
8931,0.0
8932,0.0
8933,0.0
8934,0.0
8935,0.0
8936,0.0
8937,0.0
8938,0.0
8939,0.0
8940,0.0
8941,0.0
8942,0.0
8943,0.0
8944,0.0
8945,0.0
8946,0.0
8947,0.0
8948,0.0
8949,0.0
8950,0.0
8951,0.0
8952,0.0
8953,0.0
8954,0.0
8955,0.0
8956,0.0
8957,0.0
8958,0.0
8959,0.0
8960,0.0
8961,0.0
8962,0.0
8963,0.0
8964,0.0
8965,0.0
8966,0.0
8967,0.0
8968,0.0
8969,0.0
8970,0.0
8971,0.0
8972,0.0
8973,0.0
8974,0.0
8975,0.0
8976,0.0
8977,0.0
8978,0.0
8979,0.0
8980,0.0
8981,0.0
8982,0.0
8983,0.0
8984,0.0
8985,0.0
8986,0.0
8987,0.0
8988,0.0
8989,0.0
8990,0.0
8991,0.0
8992,0.0
8993,0.0
8994,0.0
8995,0.0
8996,0.0
8997,0.0
8998,0.0
8999,0.0
9000,0.0
9001,0.0
9002,0.0
9003,0.0
9004,0.0
9005,12755.551
9006,0.0
9007,0.0
9008,0.0
9009,0.0
9010,0.0
9011,0.0
9012,0.0
9013,0.0
9014,0.0
9015,0.0
9016,0.0
9017,0.0
9018,0.0
9019,0.0
9020,0.0
9021,0.0
9022,0.0
9023,0.0
9024,0.0
9025,0.0
9026,0.0
9027,0.0
9028,0.0
9029,0.0
9030,0.0
9031,0.0
9032,0.0
9033,0.0
9034,0.0
9035,0.0
9036,0.0
9037,0.0
9038,0.0
9039,0.0
9040,0.0
9041,0.0
9042,3261.5933
9043,0.0
9044,0.0
9045,0.0
9046,0.0
9047,0.0
9048,0.0
9049,0.0
9050,0.0
9051,0.0
9052,0.0
9053,0.0
9054,0.0
9055,0.0
9056,0.0
9057,0.0
9058,0.0
9059,0.0
9060,0.0
9061,0.0
9062,0.0
9063,0.0
9064,0.0
9065,0.0
9066,0.0
9067,0.0
9068,0.0
9069,0.0
9070,0.0
9071,0.0
9072,0.0
9073,0.0
9074,0.0
9075,0.0
9076,0.0
9077,0.0
9078,0.0
9079,0.0
9080,0.0
9081,0.0
9082,0.0
9083,0.0
9084,0.0
9085,0.0
9086,0.0
9087,0.0
9088,0.0
9089,0.0
9090,0.0
9091,0.0
9092,0.0
9093,0.0
9094,0.0
9095,0.0
9096,0.0
9097,0.0
9098,0.0
9099,0.0
9100,0.0
9101,0.0
9102,0.0
9103,0.0
9104,0.0
9105,0.0
9106,0.0
9107,0.0
9108,0.0
9109,0.0
9110,0.0
9111,0.0
9112,0.0
9113,0.0
9114,0.0
9115,0.0
9116,0.0
9117,0.0
9118,0.0
9119,0.0
9120,0.0
9121,0.0
9122,0.0
9123,0.0
9124,0.0
9125,0.0
9126,0.0
9127,0.0
9128,0.0
9129,2348.0828
9130,0.0
9131,0.0
9132,0.0
9133,0.0
9134,0.0
9135,0.0
9136,0.0
9137,0.0
9138,0.0
9139,0.0
9140,0.0
9141,0.0
9142,0.0
9143,0.0
9144,0.0
9145,0.0
9146,0.0
9147,0.0
9148,0.0
9149,0.0
9150,0.0
9151,0.0
9152,0.0
9153,0.0
9154,0.0
9155,0.0
9156,0.0
9157,0.0
9158,0.0
9159,0.0
9160,0.0
9161,0.0
9162,0.0
9163,0.0
9164,0.0
9165,0.0
9166,0.0
9167,0.0
9168,0.0
9169,0.0
9170,0.0
9171,0.0
9172,0.0
9173,0.0
9174,0.0
9175,0.0
9176,0.0
9177,0.0
9178,0.0
9179,17055.45
9180,0.0
9181,0.0
9182,29544.42
9183,0.0
9184,0.0
9185,0.0
9186,0.0
9187,0.0
9188,0.0
9189,0.0
9190,0.0
9191,0.0
9192,0.0
9193,0.0
9194,7705.3174
9195,0.0
9196,0.0
9197,0.0
9198,0.0
9199,0.0
9200,0.0
9201,0.0
9202,0.0
9203,0.0
9204,0.0
9205,0.0
9206,0.0
9207,0.0
9208,0.0
9209,0.0
9210,0.0
9211,0.0
9212,0.0
9213,0.0
9214,0.0
9215,0.0
9216,0.0
9217,0.0
9218,0.0
9219,3870.4597
9220,0.0
9221,0.0
9222,0.0
9223,0.0
9224,0.0
9225,0.0
9226,0.0
9227,0.0
9228,0.0
9229,0.0
9230,2834.7786
9231,0.0
9232,0.0
9233,0.0
9234,0.0
9235,0.0
9236,0.0
9237,0.0
9238,0.0
9239,0.0
9240,0.0
9241,0.0
9242,0.0
9243,0.0
9244,0.0
9245,0.0
9246,0.0
9247,0.0
9248,0.0
9249,0.0
9250,0.0
9251,0.0
9252,0.0
9253,0.0
9254,0.0
9255,8910.038
9256,0.0
9257,0.0
9258,0.0
9259,0.0
9260,0.0
9261,0.0
9262,0.0
9263,0.0
9264,0.0
9265,0.0
9266,0.0
9267,0.0
9268,0.0
9269,0.0
9270,0.0
9271,0.0
9272,0.0
9273,9591.46
9274,0.0
9275,0.0
9276,0.0
9277,0.0
9278,0.0
9279,0.0
9280,0.0
9281,0.0
9282,0.0
9283,0.0
9284,0.0
9285,0.0
9286,0.0
9287,0.0
9288,0.0
9289,0.0
9290,0.0
9291,0.0
9292,0.0
9293,0.0
9294,0.0
9295,0.0
9296,0.0
9297,0.0
9298,0.0
9299,0.0
9300,0.0
9301,0.0
9302,0.0
9303,0.0
9304,0.0
9305,0.0
9306,0.0
9307,0.0
9308,0.0
9309,0.0
9310,0.0
9311,0.0
9312,0.0
9313,0.0
9314,0.0
9315,0.0
9316,0.0
9317,0.0
9318,0.0
9319,0.0
9320,0.0
9321,0.0
9322,0.0
9323,0.0
9324,0.0
9325,0.0
9326,0.0
9327,0.0
9328,0.0
9329,0.0
9330,0.0
9331,0.0
9332,0.0
9333,0.0
9334,0.0
9335,0.0
9336,0.0
9337,0.0
9338,0.0
9339,0.0
9340,0.0
9341,0.0
9342,0.0
9343,14690.664
9344,0.0
9345,0.0
9346,0.0
9347,0.0
9348,0.0
9349,0.0
9350,0.0
9351,0.0
9352,0.0
9353,1745.3862
9354,0.0
9355,0.0
9356,0.0
9357,0.0
9358,0.0
9359,0.0
9360,0.0
9361,0.0
9362,0.0
9363,0.0
9364,0.0
9365,0.0
9366,0.0
9367,0.0
9368,0.0
9369,0.0
9370,0.0
9371,0.0
9372,0.0
9373,4246.63
9374,0.0
9375,0.0
9376,0.0
9377,0.0
9378,0.0
9379,0.0
9380,0.0
9381,0.0
9382,0.0
9383,0.0
9384,0.0
9385,0.0
9386,0.0
9387,0.0
9388,0.0
9389,0.0
9390,0.0
9391,0.0
9392,0.0
9393,0.0
9394,0.0
9395,0.0
9396,0.0
9397,0.0
9398,0.0
9399,0.0
9400,0.0
9401,0.0
9402,0.0
9403,0.0
9404,0.0
9405,0.0
9406,0.0
9407,0.0
9408,0.0
9409,0.0
9410,0.0
9411,0.0
9412,0.0
9413,0.0
9414,8694.977
9415,0.0
9416,0.0
9417,0.0
9418,0.0
9419,0.0
9420,0.0
9421,0.0
9422,0.0
9423,0.0
9424,0.0
9425,0.0
9426,0.0
9427,0.0
9428,0.0
9429,0.0
9430,0.0
9431,0.0
9432,7621.153
9433,0.0
9434,0.0
9435,0.0
9436,0.0
9437,0.0
9438,0.0
9439,0.0
9440,0.0
9441,0.0
9442,0.0
9443,0.0
9444,2185.9543
9445,0.0
9446,0.0
9447,0.0
9448,0.0
9449,0.0
9450,4456.961
9451,0.0
9452,0.0
9453,0.0
9454,0.0
9455,0.0
9456,0.0
9457,0.0
9458,0.0
9459,0.0
9460,0.0
9461,0.0
9462,0.0
9463,0.0
9464,0.0
9465,0.0
9466,0.0
9467,0.0
9468,0.0
9469,0.0
9470,0.0
9471,0.0
9472,0.0
9473,0.0
9474,0.0
9475,0.0
9476,0.0
9477,0.0
9478,0.0
9479,0.0
9480,0.0
9481,0.0
9482,19278.275
9483,0.0
9484,0.0
9485,0.0
9486,0.0
9487,0.0
9488,0.0
9489,0.0
9490,0.0
9491,0.0
9492,0.0
9493,0.0
9494,0.0
9495,0.0
9496,0.0
9497,0.0
9498,5839.6196
9499,0.0
9500,0.0
9501,0.0
9502,0.0
9503,0.0
9504,0.0
9505,0.0
9506,0.0
9507,0.0
9508,0.0
9509,0.0
9510,0.0
9511,0.0
9512,0.0
9513,0.0
9514,0.0
9515,0.0
9516,0.0
9517,0.0
9518,0.0
9519,0.0
9520,0.0
9521,0.0
9522,0.0
9523,0.0
9524,0.0
9525,0.0
9526,0.0
9527,0.0
9528,0.0
9529,0.0
9530,0.0
9531,0.0
9532,0.0
9533,0.0
9534,0.0
9535,0.0
9536,0.0
9537,0.0
9538,0.0
9539,0.0
9540,0.0
9541,0.0
9542,0.0
9543,0.0
9544,0.0
9545,0.0
9546,0.0
9547,0.0
9548,0.0
9549,0.0
9550,0.0
9551,0.0
9552,0.0
9553,0.0
9554,0.0
9555,0.0
9556,0.0
9557,0.0
9558,0.0
9559,0.0
9560,0.0
9561,0.0
9562,0.0
9563,0.0
9564,0.0
9565,0.0
9566,0.0
9567,0.0
9568,0.0
9569,0.0
9570,0.0
9571,0.0
9572,0.0
9573,0.0
9574,0.0
9575,0.0
9576,0.0
9577,0.0
9578,0.0
9579,0.0
9580,0.0
9581,0.0
9582,0.0
9583,0.0
9584,0.0
9585,0.0
9586,0.0
9587,0.0
9588,0.0
9589,0.0
9590,0.0
9591,0.0
9592,0.0
9593,0.0
9594,0.0
9595,0.0
9596,13999.152
9597,0.0
9598,0.0
9599,0.0
9600,0.0
9601,0.0
9602,7859.2373
9603,0.0
9604,0.0
9605,0.0
9606,0.0
9607,0.0
9608,0.0
9609,0.0
9610,0.0
9611,0.0
9612,0.0
9613,0.0
9614,0.0
9615,0.0
9616,0.0
9617,0.0
9618,0.0
9619,0.0
9620,0.0
9621,0.0
9622,0.0
9623,0.0
9624,0.0
9625,0.0
9626,0.0
9627,0.0
9628,0.0
9629,0.0
9630,0.0
9631,0.0
9632,0.0
9633,0.0
9634,0.0
9635,0.0
9636,0.0
9637,0.0
9638,0.0
9639,0.0
9640,0.0
9641,0.0
9642,0.0
9643,0.0
9644,0.0
9645,0.0
9646,0.0
9647,0.0
9648,0.0
9649,0.0
9650,0.0
9651,0.0
9652,2981.1892
9653,16161.095
9654,0.0
9655,0.0
9656,0.0
9657,0.0
9658,0.0
9659,0.0
9660,0.0
9661,0.0
9662,0.0
9663,0.0
9664,0.0
9665,0.0
9666,0.0
9667,0.0
9668,0.0
9669,0.0
9670,0.0
9671,0.0
9672,0.0
9673,0.0
9674,0.0
9675,0.0
9676,0.0
9677,0.0
9678,0.0
9679,0.0
9680,0.0
9681,0.0
9682,0.0
9683,0.0
9684,0.0
9685,0.0
9686,0.0
9687,0.0
9688,0.0
9689,12415.738
9690,0.0
9691,0.0
9692,0.0
9693,0.0
9694,0.0
9695,0.0
9696,0.0
9697,0.0
9698,0.0
9699,0.0
9700,0.0
9701,0.0
9702,0.0
9703,0.0
9704,0.0
9705,0.0
9706,0.0
9707,0.0
9708,0.0
9709,0.0
9710,0.0
9711,0.0
9712,0.0
9713,0.0
9714,0.0
9715,0.0
9716,0.0
9717,0.0
9718,0.0
9719,0.0
9720,0.0
9721,0.0
9722,0.0
9723,0.0
9724,0.0
9725,0.0
9726,0.0
9727,0.0
9728,0.0
9729,0.0
9730,0.0
9731,0.0
9732,0.0
9733,0.0
9734,0.0
9735,0.0
9736,0.0
9737,0.0
9738,0.0
9739,0.0
9740,0.0
9741,0.0
9742,0.0
9743,0.0
9744,0.0
9745,0.0
9746,0.0
9747,0.0
9748,0.0
9749,0.0
9750,0.0
9751,0.0
9752,0.0
9753,0.0
9754,0.0
9755,0.0
9756,0.0
9757,0.0
9758,0.0
9759,0.0
9760,0.0
9761,0.0
9762,0.0
9763,0.0
9764,0.0
9765,0.0
9766,0.0
9767,0.0
9768,0.0
9769,0.0
9770,0.0
9771,0.0
9772,0.0
9773,0.0
9774,0.0
9775,0.0
9776,0.0
9777,0.0
9778,0.0
9779,0.0
9780,0.0
9781,0.0
9782,0.0
9783,2432.603
9784,0.0
9785,0.0
9786,0.0
9787,1980.2838
9788,0.0
9789,0.0
9790,0.0
9791,0.0
9792,0.0
9793,0.0
9794,0.0
9795,0.0
9796,0.0
9797,0.0
9798,0.0
9799,0.0
9800,0.0
9801,0.0
9802,0.0
9803,0.0
9804,0.0
9805,0.0
9806,0.0
9807,0.0
9808,0.0
9809,0.0
9810,0.0
9811,0.0
9812,0.0
9813,0.0
9814,0.0
9815,0.0
9816,0.0
9817,0.0
9818,0.0
9819,0.0
9820,0.0
9821,0.0
9822,0.0
9823,0.0
9824,0.0
9825,0.0
9826,0.0
9827,0.0
9828,0.0
9829,0.0
9830,0.0
9831,0.0
9832,0.0
9833,0.0
9834,0.0
9835,0.0
9836,0.0
9837,0.0
9838,0.0
9839,0.0
9840,0.0
9841,0.0
9842,0.0
9843,0.0
9844,0.0
9845,0.0
9846,0.0
9847,0.0
9848,0.0
9849,0.0
9850,0.0
9851,2094.063
9852,0.0
9853,0.0
9854,0.0
9855,0.0
9856,0.0
9857,0.0
9858,0.0
9859,0.0
9860,0.0
9861,0.0
9862,0.0
9863,0.0
9864,0.0
9865,0.0
9866,0.0
9867,0.0
9868,11635.447
9869,0.0
9870,0.0
9871,0.0
9872,0.0
9873,0.0
9874,0.0
9875,0.0
9876,0.0
9877,0.0
9878,0.0
9879,0.0
9880,0.0
9881,0.0
9882,0.0
9883,0.0
9884,0.0
9885,0.0
9886,0.0
9887,0.0
9888,0.0
9889,0.0
9890,0.0
9891,0.0
9892,0.0
9893,0.0
9894,0.0
9895,0.0
9896,0.0
9897,0.0
9898,0.0
9899,0.0
9900,0.0
9901,0.0
9902,0.0
9903,0.0
9904,0.0
9905,0.0
9906,0.0
9907,0.0
9908,0.0
9909,0.0
9910,0.0
9911,0.0
9912,0.0
9913,0.0
9914,0.0
9915,0.0
9916,0.0
9917,0.0
9918,0.0
9919,0.0
9920,0.0
9921,0.0
9922,0.0
9923,0.0
9924,0.0
9925,0.0
9926,0.0
9927,0.0
9928,0.0
9929,0.0
9930,0.0
9931,0.0
9932,0.0
9933,0.0
9934,0.0
9935,0.0
9936,0.0
9937,0.0
9938,0.0
9939,0.0
9940,0.0
9941,0.0
9942,0.0
9943,0.0
9944,0.0
9945,0.0
9946,0.0
9947,0.0
9948,0.0
9949,0.0
9950,0.0
9951,0.0
9952,0.0
9953,0.0
9954,0.0
9955,0.0
9956,0.0
9957,0.0
9958,0.0
9959,0.0
9960,0.0
9961,0.0
9962,0.0
9963,0.0
9964,0.0
9965,4400.182
9966,0.0
9967,0.0
9968,0.0
9969,0.0
9970,0.0
9971,0.0
9972,0.0
9973,0.0
9974,0.0
9975,0.0
9976,0.0
9977,0.0
9978,0.0
9979,0.0
9980,0.0
9981,0.0
9982,0.0
9983,0.0
9984,0.0
9985,0.0
9986,0.0
9987,0.0
9988,0.0
9989,0.0
9990,0.0
9991,0.0
9992,0.0
9993,0.0
9994,0.0
9995,0.0
9996,0.0
9997,0.0
9998,0.0
9999,0.0
10000,0.0
10001,5671.3687
10002,0.0
10003,0.0
10004,0.0
10005,0.0
10006,0.0
10007,0.0
10008,0.0
10009,0.0
10010,0.0
10011,0.0
10012,0.0
10013,0.0
10014,0.0
10015,0.0
10016,0.0
10017,13447.646
10018,0.0
10019,4885.582
10020,0.0
10021,0.0
10022,0.0
10023,0.0
10024,0.0
10025,0.0
10026,0.0
10027,0.0
10028,0.0
10029,0.0
10030,0.0
10031,0.0
10032,0.0
10033,0.0
10034,0.0
10035,0.0
10036,5864.946
10037,7911.5835
10038,10592.924
10039,12665.214
10040,7650.7373
10041,7062.5386
10042,13022.443
10043,10014.339
10044,10652.68
10045,8010.1323
10046,10679.251
10047,12418.842
10048,8579.874
10049,8395.539
10050,10425.976
10051,11553.373
10052,10590.297
10053,10963.246
10054,9929.9375
10055,11019.866
10056,9573.209
10057,7337.4834
10058,9004.337
10059,15328.643
10060,14685.985
10061,10890.057
10062,15483.834
10063,7654.0947
10064,13676.404
10065,6069.388
10066,8040.1143
10067,6928.124
10068,10743.685
10069,11149.5
10070,19418.37
10071,12323.894
10072,9443.625
10073,9990.879
10074,8534.349
10075,5175.9453
10076,9249.756
10077,15674.346
10078,10015.036
10079,8363.57
10080,7891.5063
10081,9723.174
10082,11259.72
10083,4942.731
10084,10978.46
10085,7333.6704
10086,10605.459
10087,10767.155
10088,7802.711
10089,11273.3125
10090,7931.2656
10091,10973.037
10092,15307.927
10093,12380.028
10094,9541.769
10095,14535.989
10096,7805.1675
10097,8987.7
10098,11090.743
10099,16986.977
10100,8708.904
10101,8637.439
10102,12437.154
10103,8822.573
10104,12593.905
10105,10115.229
10106,13166.225
10107,8909.656
10108,7024.48
10109,8799.555
10110,8124.618
10111,13614.7295
10112,12486.622
10113,5964.6387
10114,8747.256
10115,11404.623
10116,9315.725
10117,14065.439
10118,5218.3203
10119,17815.986
10120,9193.843
10121,7428.1235
10122,8636.385
10123,9999.983
10124,8692.157
10125,11728.436
10126,7581.032
10127,10763.408
10128,9127.649
10129,11279.669
10130,11005.948
10131,9978.166
10132,10859.086
10133,8129.517
10134,8707.924
10135,11419.033
10136,11040.591
10137,10426.721
10138,6478.0366
10139,12416.295
10140,7769.256
10141,11526.496
10142,9950.748
10143,17464.81
10144,9135.897
10145,6134.264
10146,10598.917
10147,7482.4004
10148,7737.228
10149,7597.4854
10150,10437.068
10151,9976.339
10152,5383.229
10153,13937.112
10154,8595.847
10155,11331.967
10156,6523.8228
10157,9959.17
10158,12992.558
10159,6264.945
10160,16826.01
10161,8542.826
10162,9527.527
10163,13602.893
10164,12989.126
10165,7586.7104
10166,7407.874
10167,11122.819
10168,9163.666
10169,6242.7485
10170,9576.807
10171,9371.843
10172,11972.172
10173,12298.93
10174,10613.878
10175,11477.317
10176,8344.431
10177,6191.389
10178,10489.4
10179,9988.192
10180,11691.758
10181,13210.677
10182,11791.841
10183,12128.452
10184,9276.579
10185,12749.141
10186,11258.409
10187,8664.693
10188,11043.36
10189,13897.981
10190,11478.292
10191,11721.346
10192,14019.622
10193,9924.758
10194,12807.249
10195,8311.824
10196,9389.782
10197,12887.778
10198,9070.043
10199,11611.568
10200,6073.6445
10201,7647.5127
10202,14394.347
10203,11823.159
10204,8854.962
10205,6066.795
10206,13123.85
10207,9003.856
10208,11765.599
10209,8601.555
10210,8123.828
10211,8286.13
10212,6682.932
10213,16634.41
10214,11195.565
10215,10406.037
10216,11452.069
10217,8396.717
10218,8785.491
10219,9696.058
10220,10818.191
10221,6183.2686
10222,9116.226
10223,9062.46
10224,12078.388
10225,10949.243
10226,8466.948
10227,16710.416
10228,8321.112
10229,6824.407
10230,15065.237
10231,8759.787
10232,9860.701
10233,5910.6597
10234,13196.019
10235,9788.755
10236,7051.2373
10237,9024.9375
10238,9756.961
10239,7971.1333
10240,9808.661
10241,12375.153
10242,18021.504
10243,4211.421
10244,8607.39
10245,4793.906
10246,20018.781
10247,6481.7944
10248,13959.714
10249,13685.355
10250,11126.013
10251,10391.269
10252,6979.1675
10253,7351.515
10254,4278.5405
10255,6811.6743
10256,8810.145
10257,7902.172
10258,12121.814
10259,11728.368
10260,8032.518
10261,9927.579
10262,9169.839
10263,10838.041
10264,14074.31
10265,11351.459
10266,8280.687
10267,5649.8687
10268,12914.121
10269,18599.223
10270,9699.888
10271,10993.443
10272,6283.6226
10273,10669.661
10274,8212.587
10275,6986.4536
10276,9577.967
10277,7730.685
10278,11643.918
10279,10011.416
10280,12005.137
10281,9802.218
10282,13456.641
10283,11475.861
10284,7483.5566
10285,15378.034
10286,25117.959
10287,16398.04
10288,9452.23
10289,4956.29
10290,9428.154
10291,12235.948
10292,7130.632
10293,8591.215
10294,13994.106
10295,7829.7656
10296,22951.027
10297,22271.21
10298,5648.155
10299,11124.198
10300,8887.25
10301,5954.793
10302,10895.063
10303,7337.784
10304,15056.231
10305,13080.101
10306,14888.745
10307,10796.164
10308,11706.766
10309,5162.5635
10310,10049.971
10311,5633.026
10312,10104.979
10313,10336.853
10314,19193.994
10315,8400.93
10316,8010.614
10317,6670.565
10318,10072.311
10319,8668.728
10320,7187.3613
10321,6802.195
10322,11135.748
10323,9277.252
10324,9262.257
10325,11029.739
10326,12576.572
10327,8779.67
10328,9586.119
10329,8908.865
10330,7804.4824
10331,10105.894
10332,10844.503
10333,12345.882
10334,9718.334
10335,10492.522
10336,7368.7354
10337,5632.0264
10338,9629.775
10339,9929.256
10340,9419.606
10341,6807.5625
10342,4398.302
10343,12895.856
10344,11172.621
10345,13781.745
10346,9549.999
10347,8899.218
10348,11394.163
10349,8075.9526
10350,6132.702
10351,15691.441
10352,8375.712
10353,11136.641
10354,10333.472
10355,20564.57
10356,8180.9243
10357,9028.554
10358,11034.054
10359,9801.675
10360,8874.408
10361,8204.179
10362,11874.182
10363,6371.156
10364,10356.955
10365,5782.082
10366,8379.899
10367,5905.8525
10368,13564.622
10369,7054.8164
10370,22771.63
10371,19577.865
10372,6720.589
10373,10556.303
10374,6987.58
10375,9930.515
10376,7852.1343
10377,16074.075
10378,12319.393
10379,15393.324
10380,6982.43
10381,10027.48
10382,6632.4985
10383,11145.8
10384,11016.44
10385,10940.225
10386,9423.569
10387,8953.698
10388,7569.313
10389,12101.148
10390,13046.226
10391,8376.167
10392,11647.261
10393,15378.973
10394,8926.336
10395,10137.104
10396,9613.321
10397,13378.681
10398,10137.954
10399,7162.0615
10400,8766.649
10401,10081.4795
10402,8808.591
10403,18289.541
10404,8878.701
10405,11461.106
10406,10471.378
10407,13965.68
10408,6556.8545
10409,10434.143
10410,16296.791
10411,12953.509
10412,11578.899
10413,9345.77
10414,6232.9907
10415,19658.676
10416,13757.752
10417,12499.085
10418,22045.64
10419,15300.337
10420,11852.673
10421,11181.575
10422,13541.536
10423,15368.797
10424,15472.836
10425,16967.336
10426,9196.975
10427,11495.427
10428,8774.161
10429,12572.315
10430,5404.55
10431,16191.164
10432,9731.227
10433,8637.332
10434,9191.572
10435,14915.579
10436,12765.116
10437,8792.692
10438,10331.58
10439,7393.446
10440,8607.947
10441,10599.452
10442,6344.31
10443,7561.188
10444,9219.563
10445,10406.3545
10446,14671.537
10447,12744.85
10448,10226.8545
10449,9576.405
10450,8789.363
10451,15987.904
10452,11228.887
10453,8782.082
10454,8158.724
10455,7968.146
10456,11905.515
10457,5787.0537
10458,12877.334
10459,10822.381
10460,4742.203
10461,7534.472
10462,13444.44
10463,9083.297
10464,8575.529
10465,12267.686
10466,13196.976
10467,15500.634
10468,8135.133
10469,13476.985
10470,4418.8657
10471,8573.575
10472,10762.967
10473,10408.042
10474,11021.769
10475,8322.073
10476,9128.529
10477,7588.4834
10478,8449.966
10479,13895.132
10480,10126.87
10481,7805.219
10482,7065.4897
10483,12281.605
10484,16546.309
10485,11370.758
10486,8229.854
10487,7476.08
10488,11967.914
10489,9271.467
10490,9465.204
10491,8722.079
10492,8945.486
10493,10468.852
10494,14113.492
10495,6284.9473
10496,6987.073
10497,6952.2393
10498,9107.301
10499,12426.543
10500,12352.972
10501,12032.648
10502,17717.674
10503,7537.606
10504,16825.512
10505,16599.275
10506,10506.572
10507,7288.6987
10508,5071.0234
10509,12081.417
10510,8813.507
10511,9708.449
10512,9863.617
10513,10539.11
10514,16396.084
10515,7526.6934
10516,9355.598
10517,10720.163
10518,8553.694
10519,9451.915
10520,8111.9507
10521,7573.407
10522,10977.779
10523,5207.719
10524,13546.948
10525,10620.126
10526,10812.569
10527,11953.917
10528,14293.6455
10529,10682.358
10530,9373.461
10531,12311.054
10532,12254.542
10533,8722.911
10534,8139.782
10535,8196.475
10536,6981.7974
10537,15098.681
10538,12042.143
10539,9434.982
10540,7747.101
10541,11528.937
10542,12990.799
10543,11764.2295
10544,9949.125
10545,11836.574
10546,7030.144
10547,6968.179
10548,23770.428
10549,10592.499
10550,11858.292
10551,9614.834
10552,9215.994
10553,10803.333
10554,8215.259
10555,5670.925
10556,7191.6606
10557,13146.048
10558,18073.365
10559,11839.714
10560,12920.294
10561,16698.182
10562,14222.702
10563,16854.629
10564,11733.649
10565,6797.5513
10566,6519.2695
10567,13551.083
10568,16257.205
10569,13533.531
10570,12198.103
10571,12345.61
10572,9210.291
10573,5918.4165
10574,14164.155
10575,11705.292
10576,10269.529
10577,9638.605
10578,5255.2495
10579,22460.777
10580,17349.049
10581,18844.23
10582,8332.406
10583,8501.664
10584,6200.159
10585,9260.455
10586,9131.394
10587,14699.129
10588,9377.735
10589,6655.966
10590,7632.887
10591,11263.983
10592,6334.5024
10593,4112.7417
10594,10685.038
10595,19743.34
10596,9912.479
10597,23044.684
10598,6620.9443
10599,8438.167
10600,9982.364
10601,8211.569
10602,8255.885
10603,7699.073
10604,6113.9946
10605,6215.009
10606,12010.771
10607,10352.086
10608,6099.8926
10609,13479.774
10610,11485.465
10611,10408.35
10612,6502.167
10613,12740.486
10614,11806.448
10615,12722.54
10616,8734.425
10617,10276.79
10618,6754.0757
10619,7185.682
10620,7136.7964
10621,19426.04
10622,16366.353
10623,8736.05
10624,9149.064
10625,7744.0796
10626,7879.142
10627,6152.312
10628,12787.099
10629,6336.9194
10630,21897.178
10631,6163.207
10632,7173.2393
10633,8074.4272
10634,13221.983
10635,10885.57
10636,7736.615
10637,9311.017
10638,11254.126
10639,11181.256
10640,11567.388
10641,8349.438
10642,7695.9746
10643,16843.703
10644,6658.9062
10645,6825.2666
10646,7675.0977
10647,11169.147
10648,9511.675
10649,8800.428
10650,13546.16
10651,11394.468
10652,10656.358
10653,10233.675
10654,7643.1445
10655,11388.449
10656,8154.313
10657,6203.46
10658,10089.974
10659,10060.578
10660,9853.951
10661,14490.906
10662,9650.334
10663,9476.115
10664,9725.595
10665,9548.332
10666,7951.899
10667,9676.085
10668,9282.288
10669,11687.89
10670,9928.706
10671,13038.339
10672,13741.163
10673,7942.28
10674,6487.405
10675,17082.506
10676,8385.439
10677,4349.3257
10678,10946.539
10679,11890.434
10680,15810.508
10681,6906.4766
10682,8716.856
10683,9590.628
10684,6375.0405
10685,8476.418
10686,10131.855
10687,11358.271
10688,8911.364
10689,11077.19
10690,15039.598
10691,4838.043
10692,9710.005
10693,8909.902
10694,8430.589
10695,8829.408
10696,9818.433
10697,14066.15
10698,7278.9517
10699,8597.822
10700,12749.64
10701,11168.402
10702,13488.057
10703,12979.776
10704,7285.071
10705,10016.115
10706,9802.778
10707,11463.238
10708,11955.022
10709,12580.46
10710,6275.6504
10711,9947.958
10712,11690.498
10713,12152.745
10714,14213.847
10715,6364.572
10716,5492.713
10717,16753.008
10718,13096.916
10719,14635.844
10720,10140.246
10721,10512.817
10722,12310.854
10723,6209.2437
10724,10042.19
10725,7746.798
10726,12669.588
10727,10368.914
10728,14165.06
10729,10947.51
10730,10712.416
10731,11960.656
10732,17288.53
10733,21265.22
10734,10617.908
10735,7931.3184
10736,10369.992
10737,6953.7383
10738,4613.3394
10739,16151.572
10740,12880.725
10741,8064.5527
10742,12561.444
10743,7166.2163
10744,14762.52
10745,8825.258
10746,10077.624
10747,9523.957
10748,13746.983
10749,7444.8345
10750,10151.626
10751,8566.415
10752,9250.321
10753,10888.695
10754,7342.132
10755,10542.367
10756,9773.147
10757,12560.426
10758,11914.295
10759,9449.689
10760,7793.1533
10761,17622.29
10762,6918.331
10763,7502.4814
10764,16989.746
10765,10113.53
10766,14001.209
10767,9415.906
10768,16619.916
10769,8320.874
10770,9768.805
10771,8060.2925
10772,10049.453
10773,11749.966
10774,17924.297
10775,11105.128
10776,11914.409
10777,12147.797
10778,7202.8574
10779,9652.424
10780,13660.475
10781,10837.927
10782,12031.559
10783,9345.118
10784,7671.314
10785,8529.466
10786,5684.2905
10787,8922.676
10788,12537.59
10789,10824.611
10790,15508.501
10791,23180.113
10792,10316.74
10793,6971.8423
10794,11264.693
10795,9279.605
10796,13328.209
10797,6305.9097
10798,8525.334
10799,5390.9316
10800,12985.447
10801,9807.249
10802,9268.239
10803,20015.078
10804,13391.038
10805,8146.003
10806,9580.142
10807,5277.8604
10808,6869.9995
10809,7784.0977
10810,12990.315
10811,8007.5044
10812,6120.0103
10813,8544.497
10814,11853.113
10815,10333.462
10816,7998.436
10817,8462.823
10818,10030.732
10819,11465.774
10820,11870.933
10821,6064.7007
10822,15669.637
10823,25247.387
10824,3964.4766
10825,10500.281
10826,12956.4
10827,11651.728
10828,9199.5625
10829,4124.701
10830,7662.765
10831,11354.329
10832,6988.2397
10833,12451.076
10834,12783.709
10835,7352.3213
10836,8264.37
10837,10337.208
10838,9065.849
10839,7407.012
10840,9093.058
10841,11768.741
10842,13031.576
10843,11313.37
10844,14930.152
10845,8261.69
10846,5318.2026
10847,10153.844
10848,7876.0615
10849,13824.043
10850,8761.442
10851,6614.746
10852,28302.535
10853,11104.101
10854,8007.3745
10855,16050.974
10856,10194.629
10857,11216.043
10858,8813.742
10859,10575.449
10860,6918.0674
10861,12415.135
10862,17314.617
10863,8847.313
10864,8224.181
10865,10256.5205
10866,18197.326
10867,9907.555
10868,8516.613
10869,9037.9795
10870,8263.472
10871,9848.088
10872,6062.954
10873,12856.411
10874,6707.8
10875,9885.363
10876,4253.6235
10877,24932.324
10878,12043.131
10879,7045.0796
10880,6590.9585
10881,14811.514
10882,9385.699
10883,10384.552
10884,11648.294
10885,10195.699
10886,7067.3364
10887,7420.773
10888,12999.103
10889,9596.722
10890,9756.16
10891,9951.535
10892,10374.256
10893,7175.2236
10894,10345.7295
10895,8343.197
10896,5080.3384
10897,12122.936
10898,11591.032
10899,6544.427
10900,10537.08
10901,11164.717
10902,6833.741
10903,13776.384
10904,10514.853
10905,8991.43
10906,9055.254
10907,10868.671
10908,5179.763
10909,7037.665
10910,8296.949
10911,15251.763
10912,8599.684
10913,13173.07
10914,6681.377
10915,10971.7295
10916,7103.6753
10917,8076.1836
10918,6577.5566
10919,9734.364
10920,7470.171
10921,9842.857
10922,11204.538
10923,12008.366
10924,6559.0874
10925,10553.665
10926,10425.866
10927,12086.592
10928,9019.474
10929,12489.505
10930,13371.168
10931,8725.425
10932,4165.149
10933,11396.261
10934,9948.556
10935,8936.029
10936,10961.97
10937,5441.3584
10938,15804.944
10939,8925.2295
10940,10072.186
10941,14994.297
10942,7920.1304
10943,7853.7817
10944,17742.31
10945,9927.484
10946,14117.424
10947,7155.1245
10948,12523.236
10949,13191.678
10950,8439.439
10951,7047.5933
10952,9169.848
10953,8063.0454
10954,8872.58
10955,8248.597
10956,13389.161
10957,9802.498
10958,6781.174
10959,7396.479
10960,8609.524
10961,12268.083
10962,9973.97
10963,14132.606
10964,8205.619
10965,9452.149
10966,5529.1094
10967,11409.127
10968,11356.17
10969,10208.494
10970,8349.805
10971,8739.441
10972,12669.588
10973,13330.942
10974,8613.277
10975,11608.202
10976,8475.448
10977,10027.509
10978,9387.597
10979,9505.916
10980,6030.989
10981,6456.5947
10982,10165.462
10983,8719.201
10984,8970.255
10985,8947.21
10986,12614.173
10987,7618.58
10988,8423.179
10989,10240.822
10990,8017.2407
10991,5165.795
10992,13763.408
10993,5441.6855
10994,10567.001
10995,10924.156
10996,8707.799
10997,10806.744
10998,19665.107
10999,13116.566
11000,11886.079
11001,6501.472
11002,11793.359
11003,10690.716
11004,5236.495
11005,4997.935
11006,12323.212
11007,5733.347
11008,11723.8955
11009,16436.227
11010,11171.886
11011,10690.441
11012,9498.112
11013,11383.464
11014,11011.041
11015,9961.402
11016,11542.491
11017,13565.683
11018,13584.923
11019,10517.722
11020,12504.678
11021,7585.5093
11022,10308.469
11023,6376.5605
11024,8515.298
11025,9432.2295
11026,7543.1367
11027,7583.5996
11028,12731.097
11029,8981.401
11030,13888.759
11031,13224.519
11032,8862.516
11033,6122.661
11034,15867.17
11035,9928.573
11036,10198.053
11037,9381.009
11038,11938.079
11039,9232.226
11040,8224.557
11041,10161.003
11042,10533.412
11043,8321.343
11044,6905.561
11045,13974.461
11046,10488.01
11047,8783.422
11048,6264.628
11049,18335.51
11050,9053.786
11051,9547.085
11052,9285.21
11053,15786.851
11054,15691.277
11055,11429.461
11056,11423.761
11057,11824.027
11058,9571.264
11059,8508.722
11060,9675.301
11061,14267.25
11062,23023.77
11063,9264.572
11064,8062.6455
11065,5705.9814
11066,8420.673
11067,15082.921
11068,21077.422
11069,10809.837
11070,7909.026
11071,7268.524
11072,8886.885
11073,8483.18
11074,11354.74
11075,13645.643
11076,7777.285
11077,6250.5596
11078,11342.434
11079,9579.959
11080,11492.379
11081,14343.23
11082,7793.577
11083,12075.542
11084,5820.851
11085,10515.825
11086,12449.7705
11087,10827.946
11088,13958.076
11089,9629.775
11090,10970.243
11091,7928.8677
11092,8606.158
11093,10420.984
11094,12013.28
11095,10911.547
11096,11517.178
11097,10427.427
11098,7078.9404
11099,12910.488
11100,6350.4004
11101,14079.867
11102,8780.465
11103,6991.8535
11104,10578.6875
11105,10372.366
11106,8549.421
11107,10780.267
11108,12463.35
11109,8943.166
11110,14321.742
11111,6367.4805
11112,7117.409
11113,12964.349
11114,13289.305
11115,14338.922
11116,9361.988
11117,9688.653
11118,8219.601
11119,8718.628
11120,10745.222
11121,11058.464
11122,9328.154
11123,8437.765
11124,14720.384
11125,11168.412
11126,12983.825
11127,15327.795
11128,11458.581
11129,7085.4453
11130,7745.0396
11131,9082.656
11132,11602.723
11133,8240.2295
11134,11770.257
11135,8731.368
11136,16418.79
11137,9369.081
11138,8735.675
11139,8488.74
11140,9247.437
11141,7673.414
11142,11471.386
11143,10315.412
11144,8213.574
11145,8310.802
11146,8107.4023
11147,15508.472
11148,8686.92
11149,25963.709
11150,10572.817
11151,5411.044
11152,8090.5083
11153,10807.898
11154,12564.044
11155,6857.3906
11156,6873.4995
11157,12844.62
11158,9154.817
11159,9393.679
11160,7309.0127
11161,11180.647
11162,12261.989
11163,8796.098
11164,8473.727
11165,10287.509
11166,11235.861
11167,10882.84
11168,10984.607
11169,9564.347
11170,11335.966
11171,10075.202
11172,6686.031
11173,7636.528
11174,15400.534
11175,14789.831
11176,9406.418
11177,15988.393
11178,6949.687
11179,11020.318
11180,6382.5786
11181,7691.3735
11182,6729.319
11183,10391.943
11184,10624.918
11185,18185.459
11186,12697.665
11187,8319.739
11188,8390.504
11189,8305.675
11190,5358.0454
11191,7904.0186
11192,15826.952
11193,9347.098
11194,7662.59
11195,6675.816
11196,8961.276
11197,11886.782
11198,4451.1445
11199,10114.64
11200,6166.718
11201,9268.894
11202,9681.975
11203,7329.5654
11204,10817.469
11205,7112.7876
11206,10345.967
11207,13476.946
11208,11183.196
11209,9611.332
11210,13612.405
11211,7263.292
11212,8822.648
11213,10729.318
11214,15957.012
11215,8780.223
11216,8430.315
11217,11844.344
11218,9023.793
11219,12995.508
11220,9228.009
11221,12255.921
11222,8134.295
11223,6592.499
11224,8251.846
11225,7699.7485
11226,11923.765
11227,11342.953
11228,5707.9033
11229,7933.2476
11230,10144.87
11231,8888.25
11232,13319.898
11233,4615.7207
11234,16800.736
11235,8783.698
11236,7106.108
11237,8202.285
11238,9517.129
11239,8632.144
11240,11514.486
11241,7432.234
11242,9677.146
11243,9109.029
11244,9982.659
11245,10547.809
11246,10012.161
11247,9939.488
11248,7544.9644
11249,7686.4087
11250,10143.352
11251,10866.297
11252,10094.295
11253,5853.5054
11254,11538.287
11255,6886.519
11256,11604.328
11257,9404.534
11258,15162.869
11259,8666.636
11260,5805.6636
11261,10231.196
11262,7102.51
11263,6713.81
11264,7085.6685
11265,10547.416
11266,9321.795
11267,4819.412
11268,11431.237
11269,8096.429
11270,11129.802
11271,6103.984
11272,9341.955
11273,12294.696
11274,6710.91
11275,16427.748
11276,8365.078
11277,8551.924
11278,12558.282
11279,12896.409
11280,7500.149
11281,6162.4844
11282,10606.825
11283,8819.502
11284,5642.786
11285,8932.237
11286,8976.058
11287,11509.019
11288,11445.911
11289,10341.882
11290,11793.449
11291,8061.4844
11292,5467.5386
11293,9451.519
11294,9106.623
11295,11142.7705
11296,12544.229
11297,10405.987
11298,11792.876
11299,8738.508
11300,11758.194
11301,10308.085
11302,8143.2065
11303,10423.967
11304,12515.738
11305,10379.581
11306,10870.785
11307,12874.891
11308,10976.533
11309,10834.299
11310,7841.7905
11311,9404.212
11312,12366.445
11313,8741.926
11314,11462.932
11315,5668.286
11316,7807.0137
11317,14398.384
11318,10840.418
11319,8357.741
11320,5895.4233
11321,11649.705
11322,9377.109
11323,11574.87
11324,8083.1655
11325,8141.5366
11326,7278.743
11327,6139.9834
11328,14780.187
11329,10536.115
11330,9810.851
11331,10615.266
11332,7709.7505
11333,8177.3906
11334,8783.012
11335,9529.154
11336,5952.544
11337,9350.2
11338,7899.828
11339,11786.726
11340,11197.5625
11341,8747.522
11342,16678.715
11343,7657.198
11344,6425.0728
11345,14569.772
11346,8163.9473
11347,9465.709
11348,6247.323
11349,11945.46
11350,10064.753
11351,6232.878
11352,8397.982
11353,9372.004
11354,7655.3433
11355,9048.157
11356,12503.616
11357,16077.816
11358,3946.6816
11359,8224.408
11360,4777.463
11361,18662.193
11362,6061.9595
11363,13444.62
11364,13087.925
11365,10514.521
11366,10074.318
11367,6521.552
11368,7409.1035
11369,3924.3335
11370,6402.517
11371,8402.172
11372,7372.63
11373,11469.1
11374,10506.923
11375,7034.6514
11376,9655.314
11377,8559.081
11378,10862.422
11379,14425.998
11380,10844.493
11381,7362.1455
11382,4764.834
11383,12727.285
11384,16185.22
11385,9443.103
11386,10752.531
11387,5543.367
11388,10575.4795
11389,6942.293
11390,6202.4424
11391,8484.458
11392,6454.3164
11393,11470.292
11394,8885.826
11395,11919.251
11396,9542.396
11397,13121.158
11398,11898.386
11399,6782.526
11400,14148.0205
11401,24049.375
11402,15007.788
11403,8726.531
11404,4554.6816
11405,8891.142
11406,11237.641
11407,7079.528
11408,8358.49
11409,14685.565
11410,7285.6333
11411,19929.666
11412,22791.25
11413,5316.3667
11414,10016.708
11415,8131.386
11416,5547.8477
11417,11008.814
11418,6765.307
11419,13761.269
11420,12136.691
11421,15565.091
11422,10668.1045
11423,10234.437
11424,5322.2676
11425,9908.537
11426,5249.1724
11427,9742.491
11428,9916.866
11429,16531.97
11430,7577.042
11431,7586.1025
11432,5972.1646
11433,9987.525
11434,8910.846
11435,6429.26
11436,6060.346
11437,10640.972
11438,8203.732
11439,7948.244
11440,10258.203
11441,11600.487
11442,8374.921
11443,9245.822
11444,8883.123
11445,7872.6816
11446,10550.545
11447,9832.424
11448,10398.467
11449,8720.191
11450,11339.892
11451,7286.266
11452,5227.2227
11453,9598.369
11454,10091.532
11455,8247.817
11456,6386.458
11457,4227.117
11458,12313.062
11459,10322.302
11460,12846.115
11461,9482.228
11462,7847.1704
11463,9950.615
11464,7443.713
11465,5898.3594
11466,13721.637
11467,7452.5005
11468,9875.525
11469,10303.839
11470,20077.5
11471,7778.272
11472,8939.857
11473,10483.88
11474,10508.526
11475,9018.209
11476,6972.82
11477,11144.333
11478,5748.5864
11479,9705.625
11480,5615.339
11481,8746.922
11482,5277.533
11483,13236.96
11484,6654.785
11485,24042.748
11486,19705.998
11487,6218.525
11488,10486.97
11489,7125.3833
11490,9196.685
11491,7774.222
11492,15326.684
11493,11471.8125
11494,15393.677
11495,6531.0635
11496,9377.226
11497,6119.018
11498,11046.489
11499,10590.136
11500,10463.371
11501,9055.323
11502,8114.419
11503,8098.5454
11504,10812.58
11505,12178.027
11506,8238.626
11507,10964.866
11508,13422.596
11509,8087.3916
11510,9526.364
11511,9299.692
11512,12729.3
11513,9510.404
11514,6810.5825
11515,8228.849
11516,9479.388
11517,7468.689
11518,16623.34
11519,8023.2607
11520,10905.543
11521,10249.382
11522,13873.48
11523,6169.1123
11524,10390.981
11525,16591.582
11526,12362.389
11527,12734.534
11528,9089.91
11529,5754.786
11530,18548.064
11531,13786.978
11532,11197.669
11533,21846.553
11534,15775.201
11535,10074.107
11536,10778.52
11537,12822.332
11538,13575.105
11539,14529.281
11540,16442.875
11541,8886.385
11542,10075.309
11543,7818.303
11544,11920.263
11545,5128.3203
11546,15753.476
11547,9364.283
11548,8512.261
11549,8787.905
11550,15014.574
11551,12291.46
11552,8344.049
11553,9706.449
11554,6835.599
11555,7559.789
11556,9866.13
11557,5680.518
11558,7001.5034
11559,9571.803
11560,9821.936
11561,13158.354
11562,12678.859
11563,9678.762
11564,8908.534
11565,8135.2417
11566,14989.063
11567,11198.513
11568,8601.898
11569,7907.306
11570,6989.4463
11571,12462.981
11572,5312.24
11573,12275.047
11574,10681.9
11575,4227.347
11576,7051.513
11577,13408.803
11578,7916.286
11579,7339.0024
11580,10924.167
11581,12223.002
11582,14793.146
11583,7738.8
11584,13458.168
11585,4049.6475
11586,7719.294
11587,10490.091
11588,9994.11
11589,10063.188
11590,8363.515
11591,8423.918
11592,7013.661
11593,7534.5513
11594,13659.953
11595,10186.679
11596,7412.822
11597,6312.2285
11598,11434.857
11599,16574.248
11600,11110.383
11601,8003.511
11602,7290.659
11603,11042.35
11604,8682.024
11605,9054.166
11606,8592.321
11607,7244.9355
11608,9673.677
11609,14178.0625
11610,5619.2124
11611,6639.968
11612,6934.365
11613,8299.83
11614,11731.792
11615,11168.253
11616,11196.217
11617,17294.664
11618,7355.4004
11619,16412.621
11620,16580.24
11621,10024.372
11622,6927.926
11623,4693.538
11624,11162.289
11625,8384.752
11626,8717.23
11627,8872.817
11628,10085.355
11629,17740.45
11630,7106.237
11631,8242.367
11632,9850.277
11633,9747.203
11634,9133.624
11635,7047.1157
11636,6864.4453
11637,10900.583
11638,4656.076
11639,13813.17
11640,10704.5205
11641,9610.892
11642,12694.94
11643,13711.721
11644,10829.516
11645,8444.214
11646,11132.382
11647,12058.187
11648,8539.73
11649,7806.299
11650,7589.0044
11651,6515.5024
11652,16264.772
11653,11113.276
11654,9464.075
11655,7299.538
11656,10954.56
11657,12728.244
11658,11423.979
11659,9957.717
11660,11208.824
11661,6510.1787
11662,7322.4033
11663,23266.8
11664,10438.273
11665,12253.653
11666,9305.051
11667,8818.821
11668,10005.202
11669,7633.586
11670,5394.265
11671,6661.479
11672,12715.322
11673,17837.0
11674,11103.105
11675,11735.731
11676,16557.139
11677,13706.138
11678,16187.782
11679,10681.635
11680,6143.4634
11681,6074.6646
11682,13176.174
11683,13936.381
11684,12226.896
11685,11260.278
11686,12792.112
11687,9515.322
11688,5356.7373
11689,13866.43
11690,10918.761
11691,9818.498
11692,9651.944
11693,4832.5225
11694,24088.008
11695,16715.357
11696,18045.084
11697,7683.616
11698,7830.2734
11699,5607.0586
11700,8335.315
11701,10185.562
11702,13963.842
11703,9569.046
11704,5919.094
11705,6632.461
11706,10819.378
11707,5570.3887
11708,4241.792
11709,10429.019
11710,18780.322
11711,8947.671
11712,23095.904
11713,6539.1294
11714,7824.659
11715,9138.451
11716,8366.658
11717,7930.2974
11718,7222.3467
11719,5529.874
11720,5662.3525
11721,11337.545
11722,9954.184
11723,6161.356
11724,12149.6045
11725,10450.586
11726,10019.335
11727,6065.7075
11728,11766.183
11729,10642.88
11730,12453.071
11731,8129.246
11732,9865.903
11733,5723.654
11734,6671.8945
11735,7129.8228
11736,18642.607
11737,15791.173
11738,8255.325
11739,8268.375
11740,6635.9097
11741,7680.6265
11742,5719.975
11743,12314.142
11744,5756.5044
11745,20678.975
11746,5778.1787
11747,7121.4224
11748,8226.919
11749,11956.71
11750,10458.603
11751,7035.6914
11752,9067.154
11753,12463.766
11754,9981.45
11755,11553.087
11756,8000.405
11757,7060.41
11758,17266.45
11759,6062.2603
11760,5657.8013
11761,7598.819
11762,10073.454
11763,9565.204
11764,8608.161
11765,12361.151
11766,11424.981
11767,10528.36
11768,9037.9795
11769,7187.0186
11770,11288.903
11771,8073.3726
11772,5695.0034
11773,10443.74
11774,9045.767
11775,9414.945
11776,12676.15
11777,8769.033
11778,9792.387
11779,8467.465
11780,9420.586
11781,8079.5967
11782,9074.422
11783,9112.306
11784,9944.988
11785,9799.525
11786,12190.95
11787,13265.549
11788,7781.2476
11789,5961.7773
11790,15315.447
11791,8243.735
11792,4630.4717
11793,12219.866
11794,12976.038
11795,16513.47
11796,6529.5938
11797,8132.5264
11798,8632.803
11799,5495.5845
11800,8129.3003
11801,9801.217
11802,10031.135
11803,8659.034
11804,10310.475
11805,13667.681
11806,5034.5483
11807,9917.197
11808,8627.329
11809,8089.7754
11810,8518.904
11811,9116.252
11812,13301.554
11813,7098.433
11814,7381.1367
11815,13102.013
11816,10287.185
11817,12097.768
11818,12406.695
11819,6622.3403
11820,9922.08
11821,10342.572
11822,11325.073
11823,11528.871
11824,12421.092
11825,5919.139
11826,10577.387
11827,10449.359
11828,12116.937
11829,12673.358
11830,6224.5366
11831,5459.5444
11832,16963.145
11833,12090.224
11834,12664.694
11835,9138.704
11836,9677.017
11837,11470.959
11838,6241.82
11839,9160.617
11840,7680.231
11841,11758.363
11842,9670.291
11843,12605.562
11844,11504.19
11845,9680.238
11846,11885.988
11847,17094.86
11848,20807.07
11849,11504.179
11850,7201.154
11851,10084.971
11852,6568.948
11853,4377.792
11854,14658.656
11855,12496.094
11856,7263.174
11857,12293.3125
11858,7060.6055
11859,14377.032
11860,7424.8794
11861,9348.1045
11862,9303.968
11863,13778.894
11864,7029.192
11865,9416.176
11866,7957.5967
11867,9150.627
11868,10836.966
11869,6847.2144
11870,10486.68
11871,9654.412
11872,12066.517
11873,11083.395
11874,9019.826
11875,7361.591
11876,16936.826
11877,6367.201
11878,6999.427
11879,14813.718
11880,9917.68
11881,12647.181
11882,8739.025
11883,16606.766
11884,7899.022
11885,8364.16
11886,7930.5693
11887,9740.104
11888,11037.653
11889,16789.22
11890,9967.028
11891,11288.968
11892,10725.502
11893,6429.7134
11894,10353.202
11895,12366.812
11896,9531.817
11897,11784.848
11898,8643.2
11899,7287.7046
11900,7165.738
11901,5094.4937
11902,7983.0254
11903,12192.625
11904,10452.589
11905,14438.4
11906,26721.602
11907,9098.758
11908,6319.6685
11909,11118.683
11910,8828.701
11911,12666.82
11912,5402.9883
11913,7912.3457
11914,5418.7246
11915,12956.783
11916,8344.749
11917,8300.867
11918,18720.076
11919,13929.657
11920,7005.017
11921,8825.384
11922,5142.9233
11923,6868.2764
11924,7224.9717
11925,12068.427
11926,7324.5967
11927,5742.3555
11928,8905.162
11929,11337.566
11930,10811.992
11931,7554.325
11932,8030.618
11933,9094.593
11934,10659.266
11935,10319.397
11936,5901.984
11937,14693.831
11938,24080.658
11939,4198.9136
11940,9395.094
11941,11661.956
11942,10886.92
11943,7434.716
11944,4207.177
11945,7004.2686
11946,10366.591
11947,7619.714
11948,11531.687
11949,11990.821
11950,6160.8325
11951,7198.1323
11952,9843.928
11953,8272.69
11954,6852.8726
11955,7749.2295
11956,11377.517
11957,12405.866
11958,11508.086
11959,13788.767
11960,7477.706
11961,4916.2676
11962,9427.085
11963,7556.0117
11964,12266.013
11965,9004.844
11966,6463.471
11967,27036.16
11968,10237.785
11969,7716.7466
11970,16211.931
11971,10169.933
11972,10272.713
11973,8291.19
11974,10088.848
11975,7187.786
11976,11607.648
11977,16175.93
11978,8015.7646
11979,7970.13
11980,10060.319
11981,18504.016
11982,9473.251
11983,8081.57
11984,8535.357
11985,7620.8623
11986,8953.468
11987,5657.0996
11988,11978.831
11989,5860.925
11990,9430.098
11991,3802.4426
11992,23495.408
11993,11986.717
11994,6631.866
11995,6260.7573
11996,14535.934
11997,9556.223
11998,10774.007
11999,10865.955
12000,9492.181
12001,6301.148
12002,7115.868
12003,12404.589
12004,9125.499
12005,9844.266
12006,9417.873
12007,10121.463
12008,6901.709
12009,9314.374
12010,8625.264
12011,5179.9707
12012,12834.444
12013,11600.632
12014,6466.3877
12015,9775.571
12016,10520.159
12017,6321.3203
12018,13139.918
12019,10389.8125
12020,9094.063
12021,8157.4014
12022,9851.62
12023,4809.1255
12024,5959.3325
12025,7438.3115
12026,16437.324
12027,8184.382
12028,12205.016
12029,5552.305
12030,10510.702
12031,6806.05
12032,7841.402
12033,6052.4844
12034,8330.833
12035,7559.6953
12036,9250.824
12037,10589.419
12038,11353.105
12039,5840.1265
12040,9453.809
12041,10798.42
12042,10980.669
12043,9193.624
12044,12001.576
12045,12142.781
12046,8411.017
12047,4250.4272
12048,10843.282
12049,9724.973
12050,8844.107
12051,10089.781
12052,5329.2524
12053,13761.492
12054,7898.1934
12055,9296.277
12056,14632.326
12057,8824.5
12058,7172.364
12059,17596.36
12060,9580.205
12061,12513.613
12062,7130.8022
12063,12768.051
12064,13143.754
12065,8253.9
12066,6885.2124
12067,8912.494
12068,7453.332
12069,9410.151
12070,8708.53
12071,12742.443
12072,8790.714
12073,6506.963
12074,7041.915
12075,9816.261
12076,11416.6045
12077,9168.807
12078,12566.645
12079,7960.3296
12080,8900.746
12081,5899.592
12082,11356.484
12083,10683.815
12084,10081.932
12085,7832.0137
12086,8286.968
12087,11745.316
12088,12347.683
12089,7517.99
12090,10929.951
12091,8511.579
12092,9386.415
12093,8461.66
12094,9381.0
12095,5672.7754
12096,6446.4595
12097,11104.175
12098,8778.372
12099,7951.33
12100,8114.62
12101,12669.467
12102,7216.48
12103,8343.349
12104,9841.703
12105,6622.985
12106,4833.6104
12107,12841.473
12108,4983.292
12109,10279.564
12110,10612.684
12111,8360.73
12112,10297.974
12113,18616.223
12114,12720.477
12115,11437.246
12116,6067.935
12117,11783.185
12118,10619.751
12119,5629.964
12120,5100.5425
12121,11915.818
12122,4901.7236
12123,11625.808
12124,16854.887
12125,10655.007
12126,9688.007
12127,8092.8467
12128,11084.8955
12129,10467.244
12130,9093.509
12131,10263.331
12132,11666.228
12133,12492.697
12134,10129.111
12135,12763.145
12136,7584.1855
12137,10037.106
12138,5720.03
12139,8392.881
12140,8508.072
12141,6913.8984
12142,7207.5923
12143,12262.293
12144,8105.4463
12145,12594.446
12146,12875.603
12147,7936.298
12148,6070.349
12149,15525.075
12150,10395.938
12151,10174.095
12152,8748.24
12153,11395.272
12154,7618.304
12155,7829.4966
12156,9761.168
12157,9691.519
12158,7837.4985
12159,6720.4604
12160,13736.853
12161,10378.234
12162,7865.229
12163,5371.719
12164,18363.95
12165,8445.357
12166,8582.615
12167,9364.149
12168,14966.379
12169,14284.106
12170,11044.835
12171,11165.228
12172,10246.352
12173,8685.188
12174,7894.563
12175,9762.778
12176,13716.115
12177,21893.46
12178,8627.106
12179,8120.768
12180,5514.972
12181,7164.1797
12182,15635.779
12183,20015.441
12184,10468.5625
12185,7496.2515
12186,6734.1924
12187,8477.938
12188,7350.169
12189,10973.9795
12190,12770.815
12191,8356.146
12192,6409.44
12193,11052.971
12194,9549.426
12195,10463.401
12196,12684.012
12197,7525.0063
12198,11974.216
12199,5758.344
12200,9393.473
12201,13216.108
12202,10170.0205
12203,13292.081
12204,9183.317
12205,10546.099
12206,6340.6074
12207,7816.5435
12208,10150.3
12209,11742.371
12210,10591.975
12211,10187.485
12212,10332.457
12213,6089.1787
12214,12807.53
12215,6066.2456
12216,13614.911
12217,7963.701
12218,6586.2017
12219,10508.136
12220,9798.348
12221,8613.122
12222,10487.86
12223,12632.991
12224,7743.23
12225,13415.557
12226,6161.338
12227,6096.7515
12228,12815.485
12229,13415.198
12230,13638.331
12231,8983.878
12232,9465.953
12233,7618.115
12234,9105.155
12235,10167.634
12236,9944.334
12237,8560.306
12238,8371.136
12239,13305.716
12240,10957.663
12241,11585.804
12242,15464.796
12243,11452.911
12244,6665.0635
12245,7365.0815
12246,8508.3
12247,12343.668
12248,7653.518
12249,10757.24
12250,8480.268
12251,14082.526
12252,9612.561
12253,8207.701
12254,7786.296
12255,7710.743
12256,7334.195
12257,11154.393
12258,9410.923
12259,7932.0674
12260,7160.668
12261,7257.5854
12262,12884.938
12263,8339.164
12264,25128.693
12265,9050.954
12266,5480.697
12267,6441.309
12268,8240.175
12269,12079.102
12270,6828.3076
12271,6612.696
12272,11656.974
12273,8256.443
12274,8897.529
12275,7054.89
12276,9449.806
12277,9192.598
12278,6840.4453
12279,5990.5293
12280,7643.254
12281,10836.687
12282,7451.5195
12283,8108.5854
12284,8768.097
12285,9865.235
12286,5666.486
12287,5284.812
12288,7083.871
12289,11332.6045
12290,13227.041
12291,8806.406
12292,11161.32
12293,6268.555
12294,10148.384
12295,5232.6655
12296,7762.2563
12297,5789.9854
12298,9753.815
12299,10537.652
12300,12440.749
12301,10952.982
12302,8117.9023
12303,7546.843
12304,6673.5557
12305,4751.0186
12306,6581.14
12307,12013.498
12308,7057.865
12309,7339.8564
12310,6716.955
12311,6160.198
12312,9718.631
12313,4400.5723
12314,10014.233
12315,5897.797
12316,7022.022
12317,7789.854
12318,7060.417
12319,10510.771
12320,6602.6685
12321,9470.216
12322,12556.09
12323,7496.738
12324,6382.061
12325,12499.943
12326,5737.368
12327,8225.35
12328,9485.148
12329,12352.995
12330,5747.682
12331,6399.0737
12332,11540.3125
12333,9859.695
12334,10191.022
12335,8683.979
12336,11555.137
12337,5177.6934
12338,5940.004
12339,7893.065
12340,7670.6187
12341,11661.688
12342,9196.114
12343,4981.0015
12344,7077.273
12345,9561.747
12346,7723.418
12347,10635.898
12348,4685.093
12349,17916.502
12350,8784.302
12351,5846.887
12352,7840.938
12353,9048.969
12354,7038.7256
12355,11015.547
12356,5634.761
12357,8083.975
12358,6535.039
12359,9676.195
12360,9885.486
12361,6739.2554
12362,9344.219
12363,5941.9473
12364,7201.154
12365,9808.371
12366,10587.025
12367,9561.4
12368,5775.0713
12369,12097.41
12370,6511.4824
12371,11656.74
12372,9165.057
12373,14391.162
12374,8796.006
12375,5612.747
12376,7234.902
12377,7016.204
12378,7063.071
12379,6731.437
12380,8304.232
12381,9416.867
12382,4677.475
12383,10993.098
12384,8294.955
12385,7787.9893
12386,5707.081
12387,9610.534
12388,11928.621
12389,5869.876
12390,15486.773
12391,7361.528
12392,5764.845
12393,9545.409
12394,10097.3
12395,5504.209
12396,6224.5664
12397,7869.1606
12398,8336.794
12399,5811.675
12400,6776.674
12401,7179.4683
12402,10379.868
12403,10612.229
12404,7548.614
12405,8794.714
12406,7237.739
12407,5472.537
12408,8615.537
12409,9307.403
12410,10196.137
12411,9672.874
12412,10294.86
12413,11158.479
12414,6250.4463
12415,11457.029
12416,9399.809
12417,7547.6416
12418,9628.177
12419,11939.446
12420,7149.7964
12421,9695.55
12422,12747.974
12423,10527.315
12424,10013.164
12425,7189.6445
12426,8968.698
12427,8432.93
12428,8813.153
12429,7451.2637
12430,4338.4985
12431,6597.286
12432,13765.863
12433,10591.4795
12434,7850.681
12435,4768.2256
12436,10832.667
12437,7750.3896
12438,11101.295
12439,6466.4927
12440,7678.986
12441,6786.292
12442,5278.399
12443,13482.7705
12444,9853.998
12445,9875.158
12446,7283.4727
12447,7109.43
12448,7330.1807
12449,8216.732
12450,9760.618
12451,4631.3374
12452,8055.9575
12453,6833.5913
12454,11630.743
12455,9401.88
12456,7513.954
12457,13744.414
12458,7805.0107
12459,6017.0435
12460,13950.65
12461,5929.82
12462,9838.006
12463,3495.682
12464,11437.944
12465,9426.806
12466,6334.5024
12467,8189.067
12468,10139.54
12469,6206.1406
12470,8899.668
12471,9011.064
12472,15558.308
12473,3848.6052
12474,7002.6787
12475,4075.0837
12476,18492.514
12477,6629.7476
12478,10359.267
12479,10816.107
12480,8244.979
12481,9048.036
12482,6473.5522
12483,6930.0405
12484,3766.084
12485,6020.017
12486,8178.935
12487,6757.4136
12488,8610.666
12489,8018.227
12490,6495.1562
12491,9594.891
12492,8149.0493
12493,9871.607
12494,10545.042
12495,10850.846
12496,6273.9087
12497,4546.074
12498,12267.358
12499,15161.973
12500,6234.84
12501,10663.872
12502,5573.652
12503,9444.751
12504,6668.2363
12505,6278.7876
12506,8263.999
12507,4784.5137
12508,10112.393
12509,6212.9463
12510,11473.629
12511,9708.189
12512,11609.542
12513,9484.326
12514,6890.317
12515,12018.209
12516,22798.338
12517,13367.343
12518,7282.521
12519,3930.08
12520,8054.6133
12521,11301.432
12522,6759.818
12523,6047.054
12524,14537.002
12525,7329.88
12526,14542.1875
12527,21666.076
12528,4730.6553
12529,9402.875
12530,6426.979
12531,5140.8438
12532,10594.167
12533,7130.149
12534,12256.996
12535,12197.126
12536,10196.477
12537,7351.101
12538,9551.958
12539,4928.2827
12540,8538.606
12541,5006.562
12542,7930.6074
12543,10066.702
12544,10922.073
12545,7638.604
12546,7565.7905
12547,5926.919
12548,8488.189
12549,6285.127
12550,6284.042
12551,5751.905
12552,9219.792
12553,7202.8643
12554,7734.166
12555,9755.854
12556,10672.531
12557,7849.027
12558,8715.95
12559,7827.2417
12560,7393.552
12561,9414.819
12562,9713.33
12563,10602.921
12564,8722.77
12565,7991.0625
12566,7346.7134
12567,4652.587
12568,8745.871
12569,9740.939
12570,7814.128
12571,5249.6133
12572,3619.1892
12573,10263.292
12574,8979.312
12575,12516.036
12576,9067.414
12577,7081.5605
12578,9160.503
12579,6469.719
12580,5677.5874
12581,12400.638
12582,5628.3745
12583,10233.401
12584,10360.809
12585,18323.676
12586,7587.3325
12587,5765.401
12588,9834.431
12589,6256.489
12590,7695.417
12591,6352.5513
12592,10482.96
12593,5556.7026
12594,9240.516
12595,5287.2324
12596,7140.31
12597,4932.332
12598,13143.804
12599,6419.272
12600,19073.102
12601,17730.977
12602,5859.5327
12603,7621.4365
12604,6486.8477
12605,9049.486
12606,6929.7036
12607,12642.839
12608,9089.329
12609,11049.145
12610,5052.3916
12611,9284.607
12612,5946.404
12613,9376.903
12614,10393.281
12615,7298.8
12616,7639.486
12617,8553.711
12618,7424.986
12619,10467.234
12620,12053.369
12621,7287.9062
12622,10543.222
12623,12926.986
12624,8328.044
12625,9318.018
12626,8160.187
12627,12211.897
12628,9664.915
12629,6508.055
12630,6893.7417
12631,8074.3506
12632,7314.606
12633,13401.579
12634,7751.0107
12635,8317.177
12636,9274.695
12637,10830.652
12638,4967.5547
12639,10093.583
12640,10940.13
12641,11428.055
12642,11211.894
12643,8495.804
12644,5520.456
12645,18124.078
12646,11866.449
12647,10616.166
12648,20516.32
12649,10177.831
12650,9986.23
12651,8517.702
12652,11835.638
12653,12961.109
12654,13971.436
12655,16259.902
12656,7187.032
12657,9809.335
12658,7498.9043
12659,11281.918
12660,4897.4243
12661,13738.595
12662,7882.472
12663,6248.39
12664,6456.675
12665,10649.277
12666,9223.222
12667,6050.0947
12668,9539.895
12669,6846.568
12670,5360.0596
12671,9016.867
12672,4846.6157
12673,6079.464
12674,6612.0586
12675,9305.565
12676,12685.186
12677,9648.135
12678,9529.845
12679,7015.903
12680,7277.841
12681,14192.633
12682,8767.661
12683,6941.3794
12684,7161.3647
12685,5584.971
12686,11277.518
12687,5538.0347
12688,12704.788
12689,7900.612
12690,4123.969
12691,6562.185
12692,8285.72
12693,7590.489
12694,5963.353
12695,10821.215
12696,12014.827
12697,14314.723
12698,7543.122
12699,11392.544
12700,3641.971
12701,6969.116
12702,7322.2705
12703,6278.8594
12704,9952.476
12705,6761.585
12706,8345.92
12707,5865.9863
12708,6726.2256
12709,13308.432
12710,10282.143
12711,6421.6416
12712,6299.8257
12713,10882.248
12714,11899.157
12715,10339.387
12716,5826.1055
12717,6306.535
12718,12309.128
12719,8654.097
12720,10159.588
12721,7751.521
12722,5890.016
12723,8959.644
12724,12672.536
12725,4904.6797
12726,5374.4663
12727,5993.5757
12728,7728.068
12729,12363.097
12730,11197.231
12731,10405.401
12732,16837.102
12733,7266.5557
12734,14955.721
12735,16108.329
12736,8679.689
12737,6693.1133
12738,4234.228
12739,10245.98
12740,7803.001
12741,7959.882
12742,6586.7544
12743,9762.788
12744,14203.128
12745,6966.1055
12746,7254.997
12747,9761.513
12748,5731.5425
12749,9091.011
12750,5534.196
12751,5263.2656
12752,8267.177
12753,4598.954
12754,8973.054
12755,9378.961
12756,8946.75
12757,9267.205
12758,9795.703
12759,10481.391
12760,6142.356
12761,11144.599
12762,11668.098
12763,7473.107
12764,6954.05
12765,6248.491
12766,7325.5117
12767,12167.788
12768,7575.4736
12769,8874.798
12770,6439.724
12771,9645.016
12772,9285.166
12773,8070.955
12774,6712.8306
12775,10680.29
12776,6583.7393
12777,7066.871
12778,21448.352
12779,7033.3564
12780,10560.472
12781,7989.8584
12782,7807.803
12783,6046.287
12784,5931.4717
12785,5042.199
12786,6772.6675
12787,8821.033
12788,16536.307
12789,10761.57
12790,11650.694
12791,14280.061
12792,12908.543
12793,12116.15
12794,10742.394
12795,6292.7573
12796,5987.9243
12797,12619.3955
12798,13607.563
12799,8153.9165
12800,10611.723
12801,10560.049
12802,6887.301
12803,5001.779
12804,12215.683
12805,7546.7563
12806,8613.442
12807,7008.5723
12808,3633.0913
12809,15096.766
12810,15092.721
12811,17469.092
12812,7224.6685
12813,6747.8037
12814,5945.8364
12815,8308.297
12816,9123.202
12817,9489.827
12818,7189.8364
12819,6173.792
12820,6096.2686
12821,10063.093
12822,5735.431
12823,4068.7874
12824,8477.574
12825,18200.346
12826,8929.248
12827,21076.717
12828,5558.8706
12829,6183.068
12830,9185.49
12831,6497.3496
12832,6646.976
12833,5587.092
12834,5460.357
12835,5374.6147
12836,8823.39
12837,7246.1035
12838,4757.5264
12839,11628.369
12840,6074.966
12841,9609.004
12842,5741.107
12843,11580.8545
12844,10201.302
12845,12337.089
12846,7189.775
12847,9427.669
12848,5466.939
12849,6190.1606
12850,7067.822
12851,19233.393
12852,11147.831
12853,8352.808
12854,6943.7036
12855,5456.915
12856,7377.6455
12857,5469.693
12858,12141.4375
12859,5686.9966
12860,18945.18
12861,5767.1606
12862,6194.49
12863,6502.446
12864,12008.974
12865,9667.211
12866,5272.396
12867,8191.5195
12868,8466.827
12869,9685.115
12870,7917.8345
12871,7662.9624
12872,4646.985
12873,11003.587
12874,5922.5674
12875,5135.864
12876,6429.499
12877,6687.1978
12878,7111.512
12879,8246.764
12880,12008.332
12881,10406.434
12882,7392.1064
12883,8905.688
12884,6011.6626
12885,9383.936
12886,7769.8857
12887,5654.3325
12888,7675.398
12889,9101.674
12890,8112.074
12891,12010.439
12892,8390.552
12893,9046.759
12894,8681.163
12895,9143.683
12896,7410.0366
12897,8992.845
12898,7250.3
12899,9454.377
12900,7997.887
12901,6615.2695
12902,10979.245
12903,7545.691
12904,5684.914
12905,15357.178
12906,7516.728
12907,4536.9595
12908,10165.346
12909,9841.778
12910,13424.708
12911,6180.0312
12912,7848.7046
12913,8636.262
12914,5173.9365
12915,7057.7036
12916,9326.473
12917,9190.818
12918,7369.7124
12919,9432.022
12920,11469.274
12921,3684.407
12922,7578.5957
12923,6387.158
12924,7318.982
12925,6022.2856
12926,8787.134
12927,11989.495
12928,6847.6978
12929,6812.2
12930,9752.644
12931,9283.412
12932,11597.258
12933,12115.354
12934,5607.2246
12935,8716.466
12936,7638.575
12937,10887.294
12938,9893.966
12939,11322.902
12940,4033.2747
12941,11013.131
12942,9220.829
12943,8631.996
12944,12972.066
12945,6158.4004
12946,5053.3555
12947,15872.407
12948,11916.363
12949,9331.26
12950,6832.4966
12951,8294.425
12952,11035.38
12953,4493.725
12954,8772.078
12955,7052.098
12956,8771.584
12957,8652.834
12958,7780.884
12959,9792.079
12960,6200.467
12961,11828.957
12962,12741.288
12963,20180.418
12964,9207.989
12965,5591.8745
12966,6382.9805
12967,5426.752
12968,3983.803
12969,13956.466
12970,10463.631
12971,6686.2285
12972,11227.174
12973,5028.9854
12974,13541.29
12975,5260.7915
12976,6905.1987
12977,6583.507
12978,12128.973
12979,5738.873
12980,9838.024
12981,6085.602
12982,6226.5317
12983,9980.193
12984,5840.5723
12985,10007.178
12986,9894.834
12987,12087.411
12988,9637.328
12989,8478.658
12990,7281.3403
12991,15139.186
12992,5869.5347
12993,5650.86
12994,13690.173
12995,10107.272
12996,10759.774
12997,8861.772
12998,16691.207
12999,7285.696
13000,7459.804
13001,5697.927
13002,7333.929
13003,10495.585
13004,12031.271
13005,9400.122
13006,11062.378
13007,10219.727
13008,4670.043
13009,9087.292
13010,9170.696
13011,8837.16
13012,10885.165
13013,6168.883
13014,5924.76
13015,5597.547
13016,5021.5654
13017,6752.761
13018,10906.9375
13019,10115.99
13020,13322.389
13021,19772.096
13022,8702.61
13023,6310.326
13024,10206.635
13025,8904.89
13026,12512.909
13027,5125.244
13028,8219.186
13029,5218.848
13030,9387.955
13031,8329.721
13032,8009.361
13033,17599.549
13034,13577.384
13035,7092.5044
13036,8296.008
13037,5112.5884
13038,6734.1216
13039,7242.8696
13040,9183.624
13041,5439.096
13042,5647.826
13043,6855.54
13044,10097.377
13045,8724.317
13046,6684.532
13047,6256.602
13048,8627.205
13049,8422.03
13050,8958.781
13051,4921.4146
13052,13395.969
13053,22261.443
13054,4157.991
13055,9092.078
13056,11014.875
13057,9703.265
13058,6805.5503
13059,3819.2046
13060,6378.0083
13061,10175.143
13062,5787.23
13063,10632.765
13064,11798.04
13065,6331.79
13066,6626.58
13067,9103.957
13068,7901.215
13069,5192.8433
13070,7327.4404
13071,9355.16
13072,12133.357
13073,10127.536
13074,12891.232
13075,7589.736
13076,4948.6797
13077,8673.996
13078,7325.5815
13079,11279.39
13080,7543.1006
13081,5896.897
13082,25960.96
13083,8695.69
13084,7725.3115
13085,13523.261
13086,9846.67
13087,10443.093
13088,8266.641
13089,10144.29
13090,5566.973
13091,11134.356
13092,16508.006
13093,6920.318
13094,7451.271
13095,7609.256
13096,17646.61
13097,7908.174
13098,7071.8677
13099,8040.5127
13100,6561.578
13101,8433.734
13102,4951.494
13103,11513.992
13104,5587.534
13105,9335.311
13106,3706.588
13107,22883.055
13108,12100.307
13109,5860.4834
13110,5081.3223
13111,10244.437
13112,8489.655
13113,7746.207
13114,10782.591
13115,7092.1323
13116,6296.1855
13117,5092.8174
13118,12210.732
13119,6771.918
13120,7973.0117
13121,9713.932
13122,9735.181
13123,5666.4966
13124,9248.848
13125,7642.2554
13126,4911.3555
13127,9366.409
13128,10582.2705
13129,5725.3247
13130,9423.894
13131,9025.627
13132,5989.0327
13133,10778.674
13134,6757.078
13135,8946.972
13136,7895.9487
13137,9774.63
13138,4833.163
13139,5876.4473
13140,6795.5547
13141,13016.26
13142,9003.951
13143,11740.858
13144,4805.347
13145,10197.7705
13146,5822.078
13147,7457.9546
13148,5705.9434
13149,7771.5757
13150,7226.6396
13151,8697.647
13152,7697.428
13153,11473.279
13154,5521.304
13155,6627.503
13156,9950.814
13157,10317.567
13158,7696.2173
13159,11698.919
13160,12131.333
13161,8490.416
13162,3847.7607
13163,9642.725
13164,5844.4116
13165,6976.4253
13166,9899.724
13167,4794.025
13168,13525.169
13169,5909.8423
13170,8841.881
13171,13710.544
13172,8138.897
13173,4789.3857
13174,14987.705
13175,6474.0586
13176,12841.436
13177,7268.1704
13178,11868.0
13179,12074.552
13180,6915.956
13181,6427.065
13182,8296.901
13183,7281.2847
13184,7479.2183
13185,7052.3335
13186,11991.131
13187,8698.876
13188,6376.141
13189,5114.783
13190,7142.6733
13191,8245.867
13192,8528.522
13193,10823.6
13194,8091.5347
13195,8600.34
13196,4556.7935
13197,8252.665
13198,10532.227
13199,7535.816
13200,7625.145
13201,8239.459
13202,9020.239
13203,11751.569
13204,7140.126
13205,10601.728
13206,6064.134
13207,6662.578
13208,8858.206
13209,10041.367
13210,5638.4067
13211,5213.9717
13212,8877.973
13213,9076.179
13214,7380.6157
13215,7231.8594
13216,9149.117
13217,7130.4346
13218,6949.064
13219,8550.807
13220,6416.7373
13221,4135.1133
13222,11456.275
13223,4978.1753
13224,10269.167
13225,8971.128
13226,8182.961
13227,8805.004
13228,15163.664
13229,12055.83
13230,11603.808
13231,5805.6855
13232,9303.285
13233,10258.418
13234,4874.5312
13235,3623.4453
13236,10802.88
13237,4377.124
13238,8153.854
13239,14383.259
13240,8432.825
13241,9438.349
13242,5238.259
13243,10629.297
13244,7215.895
13245,8711.122
13246,10232.25
13247,11073.071
13248,10821.865
13249,7210.7
13250,8857.403
13251,6871.212
13252,9445.661
13253,5823.839
13254,6110.852
13255,8136.615
13256,6569.5938
13257,6730.8853
13258,9161.123
13259,5606.9307
13260,12508.853
13261,8321.819
13262,5649.195
13263,5442.3345
13264,10205.185
13265,8821.866
13266,6379.1885
13267,8960.772
13268,8387.512
13269,7470.9976
13270,7459.669
13271,8465.002
13272,9535.791
13273,7610.7583
13274,5491.7803
13275,11840.719
13276,9200.3
13277,6004.631
13278,4655.677
13279,13088.611
13280,8176.088
13281,7335.587
13282,9244.8
13283,14129.547
13284,9357.338
13285,10848.0
13286,10436.79
13287,9782.017
13288,6371.758
13289,7989.15
13290,9421.314
13291,11798.3545
13292,14855.115
13293,5964.007
13294,7667.0493
13295,4952.524
13296,6370.676
13297,10430.49
13298,18685.953
13299,8647.133
13300,6194.9985
13301,5684.193
13302,8427.004
13303,7137.5044
13304,11318.356
13305,10120.382
13306,6941.035
13307,5334.043
13308,10580.534
13309,6836.9946
13310,10004.248
13311,12112.465
13312,6242.2485
13313,8952.17
13314,4584.8374
13315,9781.298
13316,9386.621
13317,9214.922
13318,12758.836
13319,8419.46
13320,10507.054
13321,5083.271
13322,8076.0527
13323,9219.37
13324,11454.976
13325,9589.484
13326,9749.323
13327,8572.079
13328,5969.152
13329,11947.898
13330,5750.6597
13331,12533.967
13332,7468.732
13333,5240.8823
13334,8735.2
13335,9393.347
13336,7999.9165
13337,9500.8125
13338,10273.85
13339,5744.2896
13340,12712.242
13341,4942.986
13342,5734.884
13343,8943.508
13344,9772.8125
13345,12131.229
13346,8519.181
13347,8643.694
13348,6638.6694
13349,6769.6123
13350,10127.682
13351,8554.8125
13352,8737.667
13353,6027.452
13354,12784.343
13355,8241.228
13356,11053.551
13357,13202.288
13358,11043.866
13359,5310.695
13360,5430.154
13361,7509.899
13362,12634.617
13363,7043.2114
13364,9099.616
13365,5680.117
13366,13109.088
13367,7934.625
13368,6866.1606
13369,5646.5176
13370,6648.815
13371,5871.164
13372,6778.7554
13373,8193.95
13374,5735.9507
13375,6252.456
13376,5400.6025
13377,12128.868
13378,8434.635
13379,25689.15
13380,8960.362
13381,4882.847
13382,5503.296
13383,8083.312
13384,10625.557
13385,5671.244
13386,5702.483
13387,10299.407
13388,8078.248
13389,8005.0225
13390,6479.866
13391,8507.025
13392,8765.705
13393,5948.1396
13394,6123.969
13395,7328.8174
13396,9280.57
13397,7306.072
13398,7436.6235
13399,7934.5947
13400,9856.094
13401,5976.4155
13402,5080.2173
13403,6510.2964
13404,10772.641
13405,12381.127
13406,8434.441
13407,10838.961
13408,6062.8325
13409,9016.687
13410,5535.922
13411,6538.618
13412,5029.6333
13413,8950.411
13414,9066.531
13415,12229.462
13416,10175.579
13417,7977.926
13418,6634.549
13419,5845.382
13420,4930.3374
13421,6604.6777
13422,11418.848
13423,7141.788
13424,6458.245
13425,6373.733
13426,6124.425
13427,8927.894
13428,4105.8345
13429,8538.525
13430,5315.4844
13431,7358.4883
13432,7775.2383
13433,6188.986
13434,9000.447
13435,6031.121
13436,9123.881
13437,10985.7705
13438,7222.526
13439,6088.9
13440,10614.223
13441,5306.1025
13442,7657.885
13443,8535.903
13444,12481.942
13445,5931.183
13446,6417.9736
13447,9955.02
13448,8257.216
13449,9706.625
13450,7422.26
13451,10459.879
13452,5217.962
13453,5656.1772
13454,7020.4077
13455,6774.037
13456,10363.773
13457,8995.307
13458,4381.0254
13459,6420.27
13460,9377.207
13461,7030.7407
13462,10799.202
13463,4299.2783
13464,15642.237
13465,8033.905
13466,5614.3584
13467,7033.3296
13468,7745.047
13469,6755.925
13470,10027.768
13471,5389.3584
13472,7398.7017
13473,6528.884
13474,8574.843
13475,8559.48
13476,6393.278
13477,8687.566
13478,5877.3667
13479,6628.4194
13480,8918.277
13481,9121.148
13482,8356.474
13483,5339.0366
13484,10923.4795
13485,5809.0034
13486,9908.093
13487,8394.747
13488,13272.534
13489,7466.2744
13490,4993.4937
13491,7434.7017
13492,6524.5386
13493,6248.032
13494,5830.6865
13495,7953.6587
13496,8452.884
13497,4355.707
13498,9564.849
13499,6975.7866
13500,8022.779
13501,5117.6577
13502,8116.029
13503,9577.0625
13504,5188.714
13505,14105.163
13506,6616.6074
13507,5564.637
13508,9206.427
13509,9716.48
13510,5361.108
13511,5850.7534
13512,7855.8574
13513,7586.638
13514,5271.3145
13515,6802.1367
13516,6443.4106
13517,9909.879
13518,9763.477
13519,7268.6904
13520,8494.15
13521,6440.7744
13522,5066.203
13523,7614.861
13524,8925.289
13525,9005.729
13526,9352.725
13527,8823.104
13528,10070.956
13529,6130.901
13530,9962.656
13531,8413.255
13532,6558.2866
13533,8499.783
13534,10612.714
13535,7189.116
13536,9772.514
13537,10954.863
13538,8956.3545
13539,8948.149
13540,6790.7534
13541,8105.0366
13542,8517.694
13543,7819.2275
13544,7239.4854
13545,4101.4546
13546,6373.198
13547,11525.572
13548,9109.056
13549,7374.6553
13550,4822.4146
13551,9781.923
13552,7354.769
13553,9728.582
13554,6212.8276
13555,6823.125
13556,6252.8555
13557,4607.0815
13558,12225.951
13559,8928.481
13560,8724.667
13561,7246.2144
13562,6515.5894
13563,6829.3823
13564,7347.1826
13565,8849.111
13566,4423.7285
13567,7082.986
13568,6020.649
13569,10164.318
13570,8419.034
13571,7157.152
13572,12985.707
13573,6040.9663
13574,5452.758
13575,12196.323
13576,5728.908
13577,7769.6187
13578,3538.9482
13579,10175.1045
13580,8664.578
13581,6324.8364
13582,7362.1177
13583,7606.8535
13584,6002.449
13585,7914.301
13586,9244.121
13587,13410.235
13588,3572.8352
13589,7096.9844
13590,3716.7532
13591,17196.998
13592,5485.597
13593,9584.501
13594,9981.231
13595,7429.293
13596,8016.2773
13597,5812.734
13598,6274.7944
13599,3512.9949
13600,5558.4253
13601,7217.1064
13602,6106.325
13603,7744.419
13604,7892.5376
13605,6171.584
13606,8262.368
13607,7425.623
13608,9112.132
13609,10406.771
13610,9348.1045
13611,5534.3013
13612,4344.449
13613,10898.441
13614,12517.457
13615,6405.6387
13616,8984.718
13617,5172.456
13618,8610.0
13619,6290.0986
13620,5712.5654
13621,7295.842
13622,4719.2886
13623,8893.686
13624,5935.19
13625,10177.385
13626,8460.53
13627,10171.592
13628,8881.148
13629,6232.1885
13630,10402.484
13631,22200.656
13632,11715.959
13633,6276.7217
13634,3699.4983
13635,7217.189
13636,9959.046
13637,6115.214
13638,6215.4473
13639,14626.424
13640,6872.7524
13641,15115.77
13642,22304.244
13643,4492.1265
13644,8772.354
13645,6202.4243
13646,5052.931
13647,10547.678
13648,5787.705
13649,10626.135
13650,11109.524
13651,9826.442
13652,7480.1743
13653,8636.748
13654,4942.467
13655,7541.734
13656,4608.255
13657,6998.3584
13658,8554.959
13659,10525.408
13660,6849.5464
13661,6766.094
13662,5589.9653
13663,7968.2905
13664,5919.5063
13665,5671.4116
13666,5348.196
13667,8727.03
13668,6673.1484
13669,6960.633
13670,8335.769
13671,9246.643
13672,7108.4536
13673,7356.818
13674,7205.276
13675,6517.429
13676,8407.463
13677,8353.214
13678,9754.82
13679,7831.7524
13680,8107.1396
13681,6328.282
13682,4249.9976
13683,7784.803
13684,8691.909
13685,7226.4536
13686,5004.37
13687,3445.7478
13688,9695.55
13689,8555.008
13690,10662.703
13691,7837.476
13692,6712.44
13693,8539.119
13694,6078.693
13695,5115.393
13696,11163.833
13697,5417.515
13698,8887.301
13699,9058.424
13700,17179.21
13701,6910.4697
13702,6435.2295
13703,8845.271
13704,6372.025
13705,8770.689
13706,6249.3496
13707,8937.862
13708,5083.305
13709,8589.732
13710,4907.464
13711,6811.999
13712,4307.0366
13713,11618.459
13714,5837.3027
13715,18334.916
13716,16347.897
13717,5522.5576
13718,7481.287
13719,5890.3477
13720,7675.3833
13721,6568.654
13722,11940.277
13723,9199.036
13724,10836.015
13725,4829.8447
13726,8228.896
13727,5565.253
13728,9227.243
13729,9134.007
13730,7630.157
13731,7116.2754
13732,7405.4087
13733,7243.1187
13734,9127.171
13735,10893.079
13736,6466.1284
13737,9255.28
13738,11055.3955
13739,7586.978
13740,8419.259
13741,7308.03
13742,10620.197
13743,8684.095
13744,6030.529
13745,6275.722
13746,7293.504
13747,6472.781
13748,11495.372
13749,7109.179
13750,8504.859
13751,7912.633
13752,10045.554
13753,4774.0693
13754,8919.638
13755,10830.095
13756,10227.85
13757,10153.321
13758,7925.5938
13759,4936.959
13760,16438.5
13761,10675.738
13762,9531.263
13763,19861.604
13764,10646.789
13765,8569.315
13766,8113.0107
13767,10533.473
13768,11544.804
13769,12488.54
13770,13991.144
13771,6740.1235
13772,8758.267
13773,6718.0317
13774,10095.913
13775,4668.2974
13776,13475.275
13777,7125.8525
13778,5978.5137
13779,6501.4478
13780,10219.006
13781,8786.782
13782,5791.7085
13783,8647.752
13784,5996.332
13785,5361.4043
13786,8191.504
13787,4627.6504
13788,5376.4194
13789,6666.354
13790,7770.434
13791,11065.935
13792,9319.751
13793,8766.558
13794,7040.4175
13795,6155.517
13796,13123.312
13797,8361.098
13798,6437.4087
13799,6401.235
13800,5363.6245
13801,9958.856
13802,4944.0747
13803,12382.544
13804,7687.6406
13805,3999.006
13806,5899.1416
13807,8327.123
13808,7120.8516
13809,5755.291
13810,9762.536
13811,11170.106
13812,13336.169
13813,6607.9985
13814,11001.404
13815,3367.2722
13816,6392.821
13817,6927.767
13818,6278.7637
13819,8474.494
13820,6024.2046
13821,7660.7046
13822,5404.225
13823,6322.1763
13824,11414.068
13825,9977.624
13826,5839.146
13827,5635.143
13828,9601.803
13829,11591.606
13830,10687.383
13831,5885.372
13832,5882.8857
13833,9980.384
13834,6987.6064
13835,8454.683
13836,7086.3037
13837,5868.958
13838,8145.677
13839,11633.872
13840,4721.8916
13841,4792.0454
13842,5748.581
13843,7185.065
13844,10464.189
13845,9232.877
13846,9207.683
13847,16125.637
13848,6137.4775
13849,12562.199
13850,14456.74
13851,8115.7505
13852,5956.1787
13853,4297.995
13854,8937.188
13855,7225.3647
13856,6948.3213
13857,6802.3896
13858,8263.991
13859,13041.995
13860,6016.0107
13861,6679.3955
13862,8320.478
13863,6311.193
13864,8388.248
13865,5324.5933
13866,5344.978
13867,7956.367
13868,4019.6702
13869,9286.078
13870,8766.006
13871,7897.794
13872,8810.674
13873,9687.84
13874,9456.596
13875,6364.517
13876,9277.827
13877,10193.695
13878,7218.132
13879,6363.3457
13880,6002.856
13881,5628.713
13882,11643.54
13883,8178.5215
13884,7668.505
13885,5976.826
13886,8490.497
13887,9404.624
13888,8074.4507
13889,6662.6416
13890,9323.298
13891,6046.7427
13892,6885.127
13893,20532.41
13894,6925.1777
13895,9771.228
13896,7512.313
13897,7045.348
13898,6191.401
13899,5606.4277
13900,4378.581
13901,6370.257
13902,9480.861
13903,15005.098
13904,9623.944
13905,10484.89
13906,13388.356
13907,11429.45
13908,11864.073
13909,9284.563
13910,6090.759
13911,5550.3086
13912,11912.977
13913,12030.388
13914,8220.824
13915,9772.225
13916,9729.556
13917,6834.4194
13918,4626.4233
13919,11445.387
13920,7517.9688
13921,7666.106
13922,6912.876
13923,3439.5212
13924,14456.727
13925,13794.856
13926,17107.988
13927,6602.8447
13928,6064.319
13929,5307.211
13930,7326.979
13931,7765.9663
13932,9180.9
13933,7172.446
13934,5536.344
13935,5751.581
13936,8816.088
13937,4902.5186
13938,3775.8755
13939,7747.7437
13940,16400.963
13941,8167.8647
13942,20255.58
13943,5356.3594
13944,6175.164
13945,7706.5376
13946,6383.303
13947,6147.936
13948,5481.6533
13949,5085.691
13950,4993.2793
13951,8862.862
13952,7664.8267
13953,4326.654
13954,10142.046
13955,6182.0947
13956,8520.952
13957,5273.2007
13958,10409.144
13959,8835.601
13960,10817.252
13961,6390.498
13962,8620.913
13963,4970.337
13964,5629.4966
13965,6013.257
13966,17101.969
13967,10920.708
13968,7275.266
13969,6460.217
13970,5393.1997
13971,6489.8926
13972,5906.112
13973,12345.6455
13974,5186.027
13975,17016.975
13976,5109.5557
13977,5982.9346
13978,6491.9727
13979,10397.168
13980,8483.844
13981,5048.937
13982,7518.7
13983,8426.32
13984,8754.96
13985,8017.8906
13986,6748.943
13987,4591.971
13988,11056.576
13989,5510.697
13990,4841.561
13991,5921.1494
13992,7120.641
13993,6690.8535
13994,7411.8887
13995,10510.581
13996,9610.929
13997,7363.754
13998,7882.134
13999,5345.3755
14000,8867.082
14001,7157.7524
14002,5033.3335
14003,7925.473
14004,8220.252
14005,7475.7305
14006,10856.445
14007,7357.625
14008,7506.297
14009,7866.632
14010,8126.1064
14011,6601.119
14012,8178.615
14013,7258.4507
14014,8628.16
14015,7621.6763
14016,6648.428
14017,10557.562
14018,7083.5464
14019,5264.5513
14020,13352.192
14021,7092.295
14022,3918.2437
14023,9050.781
14024,9334.545
14025,12111.333
14026,5886.8037
14027,6983.1025
14028,7579.492
14029,4527.0645
14030,6674.9883
14031,8578.981
14032,8667.537
14033,6742.8174
14034,8266.9
14035,10087.674
14036,3649.41
14037,7257.835
14038,6324.414
14039,6590.1543
14040,5841.179
14041,7903.0083
14042,10015.064
14043,6078.2056
14044,6121.242
14045,9506.858
14046,8262.076
14047,10080.249
14048,10254.887
14049,5380.904
14050,7717.77
14051,7461.5264
14052,9448.59
14053,9152.224
14054,10132.241
14055,5729.859
14056,10461.017
14057,8459.676
14058,8702.386
14059,11027.299
14060,5299.4004
14061,4556.1025
14062,14978.974
14063,10250.789
14064,9159.035
14065,6884.365
14066,7971.681
14067,9842.942
14068,4305.533
14069,8245.6
14070,6620.1807
14071,9057.31
14072,8184.3506
14073,7837.8125
14074,9227.921
14075,6573.317
14076,10452.669
14077,12069.371
14078,19090.299
14079,8630.563
14080,5495.0186
14081,6380.059
14082,4980.3604
14083,3762.17
14084,12292.234
14085,9515.005
14086,6185.793
14087,9966.629
14088,5054.9224
14089,12352.418
14090,5312.656
14091,6955.735
14092,6595.3105
14093,10729.175
14094,5483.301
14095,7946.728
14096,5879.9463
14097,6238.7188
14098,8921.263
14099,5724.631
14100,8501.924
14101,8537.711
14102,10843.924
14103,8674.318
14104,7949.1157
14105,6638.233
14106,13535.222
14107,5334.282
14108,5595.7373
14109,11874.873
14110,8348.698
14111,10228.356
14112,8018.3877
14113,17505.434
14114,6604.709
14115,6384.5635
14116,5840.9565
14117,7250.57
14118,9717.787
14119,11493.025
14120,8344.973
14121,9419.876
14122,8934.223
14123,4412.939
14124,8418.231
14125,8491.874
14126,8003.3813
14127,9639.249
14128,6416.756
14129,5677.9507
14130,5472.97
14131,4633.5425
14132,6164.983
14133,9747.297
14134,9130.784
14135,12189.241
14136,19036.01
14137,7710.089
14138,5742.7827
14139,8622.738
14140,8162.935
14141,10743.5
14142,4929.59
14143,7002.4585
14144,4974.155
14145,9457.804
14146,7512.349
14147,6922.8794
14148,16193.696
14149,13147.151
14150,6494.4067
14151,7853.4897
14152,4596.1343
14153,6110.194
14154,6235.0425
14155,9267.789
14156,5332.395
14157,5150.626
14158,6416.8784
14159,8920.974
14160,8714.6875
14161,5817.1323
14162,6372.25
14163,8296.608
14164,7975.7344
14165,8105.4385
14166,4428.4277
14167,11465.075
14168,21331.785
14169,3922.997
14170,8333.956
14171,9965.603
14172,8586.947
14173,5988.1357
14174,3673.8782
14175,5345.095
14176,9033.723
14177,5415.898
14178,9073.625
14179,10627.959
14180,5814.675
14181,6220.406
14182,8046.044
14183,6942.757
14184,5066.1836
14185,6674.2114
14186,8231.754
14187,10712.641
14188,9148.751
14189,11191.53
14190,6782.3384
14191,4580.1206
14192,7851.3853
14193,6632.29
14194,10359.85
14195,7245.1016
14196,5427.6323
14197,24601.64
14198,7964.666
14199,6775.4717
14200,12677.215
14201,8607.438
14202,8782.308
14203,7252.548
14204,8645.435
14205,5294.131
14206,9919.818
14207,15869.939
14208,6208.663
14209,6753.3604
14210,6876.929
14211,16500.389
14212,7156.8716
14213,6393.1987
14214,7243.229
14215,6141.9634
14216,7191.7705
14217,4758.8926
14218,10049.99
14219,5010.398
14220,8213.52
14221,3149.4023
14222,21858.516
14223,10252.1
14224,4887.81
14225,5077.3203
14226,10549.791
14227,7533.2505
14228,7307.556
14229,9121.253
14230,7102.5166
14231,5711.4976
14232,5026.6978
14233,10671.666
14234,6464.889
14235,7258.0356
14236,8588.758
14237,8295.065
14238,5372.3237
14239,8239.789
14240,7057.9995
14241,4397.0728
14242,8951.555
14243,9486.461
14244,5122.2046
14245,8942.672
14246,8441.653
14247,5470.0166
14248,10234.816
14249,6678.714
14250,7991.337
14251,7358.0317
14252,9166.604
14253,4306.8022
14254,5519.482
14255,6157.0728
14256,12675.026
14257,6786.0913
14258,9959.597
14259,4782.319
14260,8905.416
14261,4901.5786
14262,6828.9263
14263,5282.932
14264,7230.025
14265,6857.142
14266,7744.028
14267,7915.335
14268,9938.759
14269,5231.348
14270,6716.1865
14271,8716.516
14272,9375.526
14273,7117.8438
14274,9734.1875
14275,10489.761
14276,7560.5317
14277,3494.1282
14278,8965.346
14279,5817.515
14280,6738.709
14281,8425.573
14282,4561.1465
14283,12473.814
14284,5887.4214
14285,8214.412
14286,12522.604
14287,7983.8403
14288,4864.285
14289,0.0
14290,6593.6562
14291,11013.604
14292,6026.377
14293,10434.7295
14294,11180.669
14295,6633.397
14296,5957.8325
14297,7681.689
14298,6327.141
14299,6721.5117
14300,6823.0728
14301,10576.771
14302,8128.61
14303,5905.543
14304,5167.1895
14305,6898.9644
14306,8313.251
14307,7866.902
14308,9403.136
14309,6898.8525
14310,7949.6084
14311,4845.123
14312,8335.688
14313,8739.05
14314,7372.1587
14315,6928.3887
14316,7528.043
14317,8656.21
14318,10590.227
14319,6571.831
14320,9027.486
14321,5913.1914
14322,7045.0527
14323,8054.3213
14324,8541.311
14325,4978.4033
14326,5049.0093
14327,7623.0215
14328,8825.932
14329,6634.0615
14330,6527.2524
14331,8950.343
14332,6459.194
14333,6764.9263
14334,7572.353
14335,5944.3965
14336,4089.9446
14337,9595.367
14338,4655.37
14339,8805.768
14340,7957.8926
14341,7163.4487
14342,7874.2437
14343,14188.763
14344,10721.718
14345,9480.482
14346,5481.8364
14347,9696.65
14348,8729.878
14349,4311.476
14350,3740.306
14351,9915.996
14352,3945.2327
14353,7979.638
14354,13317.638
14355,9042.722
14356,8354.744
14357,5311.982
14358,8860.2
14359,7346.0825
14360,7594.9424
14361,8827.564
14362,9670.217
14363,10099.756
14364,7113.018
14365,8906.486
14366,6173.309
14367,8363.083
14368,5543.0923
14369,5958.639
14370,7483.714
14371,6375.673
14372,6265.841
14373,8801.939
14374,5580.12
14375,10966.132
14376,8134.5513
14377,5674.9507
14378,4844.91
14379,10406.464
14380,8119.467
14381,6422.083
14382,7600.9717
14383,8140.5117
14384,6728.1187
14385,6980.4854
14386,7380.334
14387,8212.258
14388,6804.7583
14389,5161.3867
14390,10546.391
14391,8317.082
14392,6397.7065
14393,4300.2954
14394,13131.449
14395,7490.541
14396,6480.8984
14397,8092.8623
14398,12260.34
14399,9423.92
14400,9044.36
14401,9542.479
14402,8740.551
14403,6144.196
14404,6805.7446
14405,8461.813
14406,10269.931
14407,13571.506
14408,5787.131
14409,6881.542
14410,4683.1626
14411,5800.698
14412,10273.869
14413,17294.367
14414,8085.2397
14415,6207.3486
14416,5585.5894
14417,7968.0703
14418,6626.8584
14419,9810.822
14420,9842.304
14421,6659.897
14422,4877.666
14423,8806.28
14424,6707.5054
14425,9748.422
14426,10597.765
14427,5780.781
14428,8557.121
14429,4485.4727
14430,8698.336
14431,9143.089
14432,8414.627
14433,10775.385
14434,7249.8643
14435,8794.319
14436,4737.1035
14437,7339.6675
14438,8288.407
14439,10051.4375
14440,8659.216
14441,9418.35
14442,7825.144
14443,5285.019
14444,10914.846
14445,5103.2236
14446,11646.961
14447,6938.798
14448,4839.9126
14449,6511.2837
14450,7953.0063
14451,7296.002
14452,8656.284
14453,9912.621
14454,5718.704
14455,11856.867
14456,4823.7583
14457,5272.451
14458,8388.64
14459,9507.049
14460,11184.988
14461,7771.1157
14462,7991.314
14463,6049.685
14464,6767.1787
14465,8662.313
14466,7700.762
14467,7507.607
14468,6229.5376
14469,11566.682
14470,7527.562
14471,9572.935
14472,12205.865
14473,9512.02
14474,4968.763
14475,5302.7935
14476,6852.507
14477,11626.717
14478,6266.606
14479,8984.023
14480,5819.1797
14481,11587.517
14482,7528.51
14483,6225.932
14484,5805.497
14485,6053.2866
14486,5600.3296
14487,6629.6147
14488,7384.763
14489,5432.755
14490,5881.7915
14491,5382.577
14492,10426.224
14493,7686.981
14494,24558.53
14495,7982.957
14496,4491.257
14497,5117.7114
14498,7904.863
14499,9930.345
14500,5380.673
14501,5489.324
14502,9926.718
14503,6566.9814
14504,7691.77
14505,6203.667
14506,7956.9365
14507,8509.055
14508,5844.6685
14509,6228.272
14510,7726.645
14511,8884.19
14512,6971.6025
14513,8229.893
14514,7775.379
14515,8576.576
14516,6524.974
14517,5549.774
14518,6258.984
14519,10912.046
14520,11262.834
14521,7914.0063
14522,10282.839
14523,5315.0684
14524,8618.727
14525,4211.975
14526,6417.068
14527,4803.578
14528,8545.809
14529,8490.57
14530,11920.638
14531,9890.268
14532,7413.649
14533,6295.2305
14534,5458.961
14535,4447.52
14536,6648.1494
14537,11047.827
14538,7421.0493
14539,6020.27
14540,5930.114
14541,6341.4546
14542,8323.375
14543,3866.854
14544,8464.462
14545,5032.373
14546,8362.342
14547,7738.335
14548,5884.8555
14549,8789.564
14550,5656.1284
14551,8811.632
14552,9902.019
14553,7754.575
14554,6166.9
14555,9479.226
14556,5362.0234
14557,7005.4644
14558,8246.692
14559,12750.819
14560,6002.409
14561,6599.5264
14562,8853.822
14563,7791.533
14564,9463.047
14565,7116.228
14566,10030.235
14567,5155.32
14568,4899.6855
14569,6346.646
14570,6679.5356
14571,10310.681
14572,8781.294
14573,4181.985
14574,6087.1113
14575,8872.775
14576,7572.635
14577,10251.2295
14578,4232.819
14579,13821.788
14580,7468.8315
14581,5180.262
14582,6233.8647
14583,7012.765
14584,6734.0444
14585,9028.123
14586,4993.1987
14587,6767.198
14588,7279.1875
14589,7949.8057
14590,7889.369
14591,5623.7114
14592,8025.511
14593,5954.9517
14594,6389.9556
14595,8738.684
14596,8614.789
14597,7782.034
14598,5345.7734
14599,10379.62
14600,5625.466
14601,9586.019
14602,8012.0044
14603,13666.378
14604,7170.5444
14605,4442.4575
14606,7906.7104
14607,6252.8257
14608,6456.9517
14609,5693.075
14610,8850.513
14611,7863.069
14612,4152.2007
14613,9043.731
14614,6391.839
14615,8035.4834
14616,5026.5923
14617,7762.9004
14618,8616.712
14619,5928.898
14620,12669.237
14621,5938.4062
14622,5931.5054
14623,9022.364
14624,9835.125
14625,5245.4336
14626,5410.7397
14627,7969.978
14628,7045.6777
14629,4914.2515
14630,6999.894
14631,6126.271
14632,9939.764
14633,8475.618
14634,8009.62
14635,8136.7085
14636,5916.0293
14637,5086.642
14638,7122.482
14639,8666.735
14640,8207.474
14641,9330.868
14642,8832.365
14643,9379.927
14644,6469.682
14645,9157.018
14646,8085.5713
14647,6177.7153
14648,7697.0024
14649,9828.308
14650,8024.279
14651,7769.641
14652,10207.307
14653,9000.782
14654,8798.942
14655,6301.677
14656,7908.3696
14657,8743.711
14658,7167.5767
14659,7651.1606
14660,4316.6567
14661,5954.8096
14662,10094.314
14663,8499.264
14664,6702.255
14665,4853.4165
14666,8886.343
14667,7102.5845
14668,8796.266
14669,6738.9087
14670,6521.403
14671,5657.105
14672,4160.6577
14673,11555.081
14674,7747.0938
14675,7804.2295
14676,7522.222
14677,6233.3535
14678,6317.716
14679,7111.77
14680,8818.468
14681,4491.415
14682,7373.734
14683,5715.1924
14684,9650.5
14685,8573.231
14686,7102.4014
14687,13716.782
14688,5177.447
14689,5484.012
14690,11517.342
14691,5624.607
14692,8015.7495
14693,3657.3142
14694,9611.579
14695,8313.005
14696,6212.3477
14697,6952.9023
14698,6751.8726
14699,6309.5254
14700,7080.068
14701,8514.933
14702,11790.076
14703,3465.2856
14704,6580.619
14705,3675.196
14706,14576.374
14707,5022.859
14708,9309.765
14709,10335.088
14710,7470.884
14711,7419.089
14712,5229.3374
14713,5594.931
14714,3403.835
14715,5000.5054
14716,6973.731
14717,5570.872
14718,8405.9795
14719,7900.0693
14720,5665.07
14721,7588.0635
14722,7118.2983
14723,8764.593
14724,10507.855
14725,8671.184
14726,5759.031
14727,4823.413
14728,10082.894
14729,11928.895
14730,6422.4746
14731,8409.3
14732,4919.4624
14733,8145.8477
14734,5899.063
14735,5326.518
14736,7267.0894
14737,4829.6836
14738,7597.5435
14739,5978.7476
14740,9432.022
14741,7915.267
14742,9360.372
14743,8281.935
14744,5907.3794
14745,9865.951
14746,20020.615
14747,11061.249
14748,5495.469
14749,3789.9312
14750,6967.973
14751,8916.023
14752,5546.165
14753,6825.937
14754,14104.234
14755,6314.095
14756,13814.935
14757,22074.549
14758,4651.979
14759,7765.144
14760,5823.7334
14761,4301.5347
14762,8783.64
14763,5543.018
14764,9386.424
14765,10292.622
14766,9318.613
14767,7356.439
14768,8085.2856
14769,5253.5
14770,7835.3687
14771,4229.8604
14772,7611.5493
14773,7909.6973
14774,11014.833
14775,6844.9814
14776,6603.0337
14777,4872.444
14778,7910.905
14779,6082.1724
14780,5680.323
14781,4961.276
14782,8629.082
14783,6524.2397
14784,6642.641
14785,7869.6787
14786,8451.224
14787,6541.812
14788,6531.6494
14789,6531.4126
14790,5892.5957
14791,7654.788
14792,7949.3735
14793,9931.093
14794,7420.8013
14795,8221.835
14796,6234.0015
14797,4432.5737
14798,7237.656
14799,7825.1216
14800,6610.6396
14801,4995.838
14802,3224.9548
14803,9506.115
14804,7476.123
14805,10513.77
14806,7147.049
14807,6365.343
14808,8077.054
14809,5512.837
14810,4844.051
14811,10776.73
14812,6484.627
14813,8600.463
14814,9155.568
14815,14672.125
14816,6626.308
14817,5420.787
14818,8284.179
14819,5334.18
14820,6414.4307
14821,6275.704
14822,8048.293
14823,4788.9697
14824,8413.864
14825,4658.48
14826,6183.941
14827,3911.8984
14828,10660.181
14829,5733.6367
14830,16388.596
14831,14160.953
14832,5630.4526
14833,7608.37
14834,5707.876
14835,7419.6973
14836,6049.9043
14837,12037.664
14838,9034.032
14839,9879.558
14840,4745.3936
14841,8073.3955
14842,5718.393
14843,9625.68
14844,8757.916
14845,7947.5615
14846,6836.9688
14847,7336.5386
14848,7252.4097
14849,9128.268
14850,9680.174
14851,6567.733
14852,8452.368
14853,10701.856
14854,7349.867
14855,7979.638
14856,7203.139
14857,9321.138
14858,7761.464
14859,5765.3896
14860,5928.1626
14861,6915.567
14862,5959.7593
14863,11106.378
14864,7075.14
14865,8565.989
14866,7309.8423
14867,9756.253
14868,4933.1836
14869,8002.4194
14870,10537.622
14871,9351.44
14872,9252.042
14873,7049.778
14874,4555.5464
14875,14671.244
14876,9492.452
14877,9213.19
14878,18250.824
14879,9414.361
14880,8662.008
14881,7865.7393
14882,9677.607
14883,10698.346
14884,11320.225
14885,13135.182
14886,6469.102
14887,7845.5913
14888,6345.0723
14889,9800.517
14890,4559.772
14891,10744.126
14892,6623.4585
14893,6269.5776
14894,6818.7793
14895,9375.454
14896,8275.12
14897,5646.189
14898,8322.231
14899,5446.863
14900,5003.5015
14901,7846.437
14902,4691.367
14903,5257.4155
14904,6511.489
14905,7231.0317
14906,10629.135
14907,9739.574
14908,7884.269
14909,7126.4844
14910,5794.151
14911,11411.564
14912,7790.939
14913,6508.695
14914,5753.447
14915,5553.491
14916,10153.9795
14917,4674.977
14918,13283.539
14919,7882.0884
14920,3709.1594
14921,5206.2935
14922,8519.522
14923,6898.445
14924,6533.8677
14925,9485.148
14926,10358.348
14927,12027.909
14928,6018.4385
14929,11777.454
14930,3300.2627
14931,6140.3
14932,7277.6323
14933,6201.218
14934,7945.0527
14935,6262.382
14936,7615.478
14937,5280.177
14938,6041.4272
14939,12087.18
14940,9333.066
14941,5499.2866
14942,5373.7534
14943,9423.336
14944,10959.263
14945,8659.282
14946,6007.7246
14947,5565.269
14948,9387.507
14949,6418.476
14950,8654.237
14951,6172.426
14952,6381.5986
14953,7923.5454
14954,9760.842
14955,4266.2935
14956,4911.29
14957,4981.876
14958,6259.611
14959,10213.656
14960,8953.732
14961,9199.764
14962,13392.9795
14963,5932.043
14964,12240.162
14965,13469.622
14966,8134.7217
14967,5668.07
14968,3828.7983
14969,8592.239
14970,6649.259
14971,6520.2085
14972,7321.663
14973,7794.856
14974,12204.107
14975,5314.0293
14976,6201.898
14977,8147.355
14978,4918.8804
14979,9021.375
14980,5933.9272
14981,4910.1846
14982,8073.2183
14983,3974.746
14984,7834.225
14985,8673.698
14986,7941.7876
14987,8698.527
14988,9429.477
14989,8847.837
14990,6253.786
14991,8897.597
14992,9885.778
14993,6966.7236
14994,6098.2344
14995,6611.983
14996,5389.641
14997,11240.342
14998,8233.858
14999,6861.1396
15000,5480.3726
15001,7759.125
15002,9377.663
15003,8345.617
15004,6686.101
15005,9046.94
15006,5773.8813
15007,7434.815
15008,18449.459
15009,7146.5444
15010,10116.897
15011,6439.6934
15012,6716.6924
15013,7021.5864
15014,5769.8623
15015,4304.0176
15016,6188.2954
15017,9787.793
15018,13925.459
15019,8895.026
15020,10312.53
15021,10976.994
15022,11500.087
15023,12135.857
15024,8976.614
15025,5471.347
15026,5084.095
15027,11228.716
15028,11980.637
15029,9251.38
15030,8696.885
15031,9566.755
15032,6861.0938
15033,4179.465
15034,11565.181
15035,7411.8887
15036,6968.7305
15037,7205.7915
15038,3087.3958
15039,13633.207
15040,12227.934
15041,14601.309
15042,6490.196
15043,5718.726
15044,5727.553
15045,7116.6353
15046,7133.4277
15047,8740.067
15048,7592.842
15049,5036.138
15050,5446.988
15051,7786.407
15052,4247.7075
15053,3512.0232
15054,6682.913
15055,14533.092
15056,7727.1167
15057,19699.045
15058,4827.1274
15059,6271.7007
15060,7243.3394
15061,6526.113
15062,5518.5767
15063,5769.7026
15064,4720.5312
15065,4409.943
15066,9377.234
15067,7811.706
15068,4628.184
15069,9944.059
15070,6687.3574
15071,7663.84
15072,5061.8125
15073,9975.388
15074,8314.583
15075,9759.139
15076,5817.8423
15077,7747.005
15078,4881.8413
15079,5444.0425
15080,5643.12
15081,14806.895
15082,11509.896
15083,7168.144
15084,5982.9004
15085,5543.2666
15086,6775.077
15087,4601.653
15088,9300.597
15089,4754.691
15090,15754.753
15091,4650.67
15092,5546.202
15093,6265.5063
15094,10359.336
15095,8384.64
15096,5550.653
15097,6870.406
15098,7899.022
15099,8386.384
15100,8374.649
15101,6265.4946
15102,4567.2856
15103,10249.909
15104,5417.9956
15105,4531.4883
15106,5966.408
15107,8036.8174
15108,6500.5796
15109,6635.707
15110,9651.052
15111,9415.951
15112,7765.418
15113,7868.3804
15114,5106.5303
15115,9104.504
15116,6507.6455
15117,4935.9746
15118,8263.195
15119,7647.082
15120,6938.8574
15121,10031.479
15122,7016.2773
15123,7108.7314
15124,7461.9673
15125,7129.5913
15126,6094.356
15127,7718.7856
15128,8569.095
15129,7765.24
15130,6979.008
15131,7478.3267
15132,10154.261
15133,7265.343
15134,5165.11
15135,12804.367
15136,6076.693
15137,3675.438
15138,8848.579
15139,10207.248
15140,10886.993
15141,5526.547
15142,6739.082
15143,7513.366
15144,4458.2363
15145,6845.275
15146,7935.821
15147,7936.0327
15148,6451.8174
15149,7068.968
15150,9486.243
15151,3763.6633
15152,6863.247
15153,6175.718
15154,5804.733
15155,5790.598
15156,7771.1084
15157,9598.451
15158,6135.6045
15159,5930.3286
15160,9088.437
15161,7981.6323
15162,9461.584
15163,9751.667
15164,5761.393
15165,7633.5425
15166,7596.464
15167,8569.454
15168,8649.501
15169,10245.629
15170,4145.7295
15171,10110.888
15172,7953.886
15173,8386.76
15174,10937.167
15175,5066.8315
15176,4347.484
15177,13654.248
15178,9250.259
15179,9280.827
15180,6761.1978
15181,6746.6777
15182,9236.727
15183,4342.2866
15184,7727.213
15185,5978.08
15186,9142.601
15187,6722.249
15188,7642.2627
15189,8934.462
15190,6405.058
15191,9473.766
15192,12171.537
15193,16914.324
15194,8440.606
15195,5377.6196
15196,6764.1006
15197,5147.689
15198,3542.4575
15199,11711.657
15200,8612.5625
15201,6562.2915
15202,9555.857
15203,6026.544
15204,10898.732
15205,5628.8364
15206,7209.3867
15207,7167.2485
15208,9865.96
15209,5571.106
15210,7641.038
15211,6649.05
15212,6129.5444
15213,8416.642
15214,5602.723
15215,7945.523
15216,8741.984
15217,10013.316
15218,8535.374
15219,7497.5386
15220,6372.815
15221,12295.588
15222,5209.468
15223,5969.0093
15224,12090.293
15225,7856.187
15226,9630.63
15227,7301.7803
15228,17272.379
15229,6404.117
15230,5988.9067
15231,5774.1787
15232,6686.5474
15233,9365.186
15234,12069.417
15235,8272.012
15236,8460.24
15237,8570.084
15238,4679.1616
15239,8224.486
15240,8163.9863
15241,7660.7485
15242,9055.798
15243,6575.286
15244,5760.827
15245,5773.953
15246,4052.6426
15247,5645.101
15248,9051.334
15249,7796.469
15250,11845.666
15251,19119.816
15252,7363.473
15253,5353.586
15254,8223.467
15255,7748.7046
15256,9813.92
15257,4669.241
15258,6722.7944
15259,4866.0996
15260,9011.726
15261,7499.2407
15262,7206.85
15263,14184.0
15264,14083.185
15265,5501.868
15266,7615.028
15267,4371.9536
15268,5803.011
15269,5687.5444
15270,9402.875
15271,5248.4014
15272,5026.429
15273,6179.383
15274,8417.18
15275,6944.0347
15276,5086.8022
15277,6303.793
15278,7983.5664
15279,8182.1025
15280,7739.568
15281,3709.6265
15282,11829.577
15283,19131.234
15284,3940.6665
15285,8228.535
15286,8938.57
15287,7817.4155
15288,5552.559
15289,3446.1423
15290,5059.7705
15291,8158.576
15292,5775.33
15293,8337.971
15294,10174.056
15295,5242.222
15296,5837.247
15297,7834.9873
15298,6517.4106
15299,5301.0283
15300,6367.1826
15301,7812.0117
15302,10432.988
15303,8225.64
15304,10390.893
15305,6494.023
15306,4130.603
15307,6996.7837
15308,6211.7197
15309,9761.019
15310,7014.6245
15311,5008.2573
15312,21888.41
15313,7451.946
15314,6327.419
15315,12473.779
15316,7646.9434
15317,8137.391
15318,6914.393
15319,7698.339
15320,5306.791
15321,9657.838
15322,14734.992
15323,5886.8315
15324,6055.4004
15325,6872.0312
15326,13346.132
15327,7134.4214
15328,6187.1562
15329,6614.3926
15330,6030.1665
15331,6477.0728
15332,5116.6963
15333,9387.525
15334,4364.782
15335,7539.4395
15336,3271.069
15337,22309.307
15338,9520.016
15339,4675.1777
15340,5742.153
15341,10868.225
15342,7119.867
15343,7480.5454
15344,8802.174
15345,6876.352
15346,5912.4585
15347,4718.231
15348,9987.078
15349,6507.6826
15350,6890.961
15351,7702.951
15352,8272.153
15353,5240.1426
15354,8241.338
15355,6997.284
15356,4421.51
15357,8686.116
15358,10054.438
15359,4976.5376
15360,8526.358
15361,8172.8213
15362,5455.39
15363,10201.389
15364,6063.9834
15365,7465.8687
15366,7194.4805
15367,8995.299
15368,3966.4058
15369,5390.325
15370,5814.525
15371,9749.881
15372,6244.196
15373,9394.288
15374,4631.2183
15375,8603.244
15376,4412.514
15377,6675.154
15378,5070.414
15379,6851.0493
15380,6261.0674
15381,7520.3066
15382,7978.23
15383,9904.012
15384,5273.995
15385,7036.6045
15386,8082.4946
15387,9333.823
15388,6677.2935
15389,9915.694
15390,10104.535
15391,7002.0845
15392,3850.0557
15393,7809.449
15394,5910.1523
15395,6893.926
15396,7674.6294
15397,4245.2607
15398,13085.467
15399,6236.904
15400,7282.674
15401,11509.896
15402,7348.5073
15403,4940.6807
15404,0.0
15405,6573.8374
15406,10517.14
15407,5647.902
15408,9605.521
15409,9735.998
15410,7610.5186
15411,5708.3657
15412,7679.5205
15413,6109.716
15414,6378.8604
15415,6965.7334
15416,9457.948
15417,8064.3525
15418,5550.0015
15419,5063.744
15420,7917.683
15421,8609.195
15422,6971.6357
15423,8758.451
15424,6451.565
15425,7285.835
15426,4375.4956
15427,8969.682
15428,7984.7617
15429,7927.885
15430,6380.424
15431,7083.3374
15432,8786.883
15433,9913.131
15434,6556.7417
15435,8525.806
15436,5638.396
15437,7059.575
15438,7805.9414
15439,7718.2266
15440,4711.4263
15441,4899.522
15442,8032.74
15443,8664.975
15444,6171.649
15445,6493.6265
15446,8847.128
15447,6857.548
15448,6041.9
15449,6961.3696
15450,5729.5806
15451,3324.4958
15452,9141.346
15453,4316.196
15454,8029.148
15455,7665.3677
15456,7489.5264
15457,7736.512
15458,11091.483
15459,9789.212
15460,8566.814
15461,5377.707
15462,8797.223
15463,7943.6665
15464,4145.4727
15465,3259.699
15466,8992.579
15467,4083.8005
15468,7889.038
15469,12868.408
15470,8552.553
15471,7707.089
15472,5284.303
15473,8207.811
15474,7648.6577
15475,7300.3315
15476,8219.131
15477,9040.988
15478,9366.052
15479,6800.6836
15480,9113.679
15481,5640.3057
15482,7879.2095
15483,4762.448
15484,6092.043
15485,7837.8125
15486,6343.4326
15487,5889.23
15488,8553.687
15489,5702.7876
15490,10690.931
15491,8003.3735
15492,5618.3066
15493,4865.6494
15494,10547.175
15495,8075.552
15496,6060.445
15497,7182.29
15498,8368.916
15499,6553.453
15500,6427.5063
15501,6860.0664
15502,8190.504
15503,6209.522
15504,5011.1963
15505,10318.866
15506,7744.9287
15507,6534.123
15508,4036.5732
15509,13597.133
15510,7070.849
15511,6044.436
15512,7229.446
15513,11521.726
15514,9800.965
15515,8938.9795
15516,9281.686
15517,7887.6084
15518,6102.238
15519,6660.786
15520,8087.731
15521,10859.397
15522,14720.51
15523,5721.3667
15524,5924.036
15525,4125.2793
15526,5190.4956
15527,10278.721
15528,15477.309
15529,7107.6807
15530,5381.3247
15531,5805.785
15532,6751.4023
15533,6650.204
15534,9100.259
15535,9338.623
15536,6592.87
15537,4525.0654
15538,8978.593
15539,6489.911
15540,8846.301
15541,10173.338
15542,5699.454
15543,8344.359
15544,4443.555
15545,8514.64
15546,8848.655
15547,7736.5195
15548,9765.014
15549,6748.5825
15550,8187.7236
15551,5317.9995
15552,6949.051
15553,8163.3945
15554,9195.501
15555,8066.3145
15556,8888.411
15557,7069.3926
15558,4982.9307
15559,10240.002
15560,5071.5024
15561,11307.912
15562,7149.9395
15563,4967.5215
15564,5965.6455
15565,7352.791
15566,6520.3887
15567,8175.7295
15568,9521.813
15569,5789.3667
15570,11434.988
15571,4692.007
15572,5155.2266
15573,8458.328
15574,9332.017
15575,11207.018
15576,7260.009
15577,6657.998
15578,5979.734
15579,6196.8184
15580,8359.83
15581,6884.0825
15582,7282.292
15583,5940.9727
15584,11423.924
15585,6875.3555
15586,9182.792
15587,12473.969
15588,8982.37
15589,5214.678
15590,5018.6875
15591,6671.2075
15592,11418.097
15593,5874.363
15594,8460.458
15595,5874.7437
15596,10935.509
15597,7157.1245
15598,5956.014
15599,6041.5713
15600,5618.832
15601,5350.0327
15602,7195.613
15603,6470.3794
15604,5387.3696
15605,5239.3228
15606,5236.0156
15607,9481.35
15608,6807.238
15609,22633.559
15610,7827.8765
15611,4353.3145
15612,3128.9666
15613,4787.4673
15614,9356.409
15615,2109.473
15616,2904.0503
15617,6247.9194
15618,3592.86
15619,6842.5986
15620,4958.101
15621,5728.411
15622,6227.054
15623,4619.0767
15624,3800.9375
15625,5861.0312
15626,5634.702
15627,2969.6477
15628,4912.63
15629,4666.24
15630,5875.4272
15631,5214.5737
15632,3639.1094
15633,4728.6387
15634,8241.982
15635,8607.808
15636,5714.14
15637,8127.8193
15638,2390.4336
15639,7819.3916
15640,3734.3665
15641,5199.361
15642,2663.6409
15643,8421.556
15644,7185.497
15645,9320.399
15646,9451.816
15647,6941.2207
15648,6382.3413
15649,3315.7383
15650,4861.0845
15651,6306.9985
15652,8816.298
15653,4435.3906
15654,3691.4995
15655,5771.2
15656,5334.5366
15657,6013.4463
15658,2541.864
15659,7711.3315
15660,4422.2437
15661,8149.3525
15662,6779.2725
15663,3622.3357
15664,8800.73
15665,3193.0076
15666,8800.957
15667,6509.837
15668,6743.506
15669,2756.0828
15670,5435.7354
15671,5010.924
15672,4041.2966
15673,7133.142
15674,11117.399
15675,3288.4902
15676,6018.909
15677,5712.3584
15678,8575.767
15679,7486.677
15680,5686.85
15681,6987.7065
15682,2741.4224
15683,2629.5269
15684,4960.3623
15685,5896.9194
15686,8416.2
15687,7958.2114
15688,2620.881
15689,4251.8306
15690,8698.677
15691,8672.481
15692,6131.9126
15693,3274.4783
15694,11259.537
15695,5655.147
15696,4062.741
15697,3875.9463
15698,2371.8506
15699,4607.077
15700,7686.4824
15701,3844.833
15702,5880.4507
15703,3528.9458
15704,5952.3228
15705,3932.7314
15706,1894.442
15707,4293.5205
15708,5466.527
15709,5910.107
15710,8547.252
15711,6826.9985
15712,6133.3516
15713,3980.6653
15714,10969.981
15715,3513.9836
15716,6261.5337
15717,7448.919
15718,12464.6455
15719,5256.167
15720,3077.5828
15721,6775.3486
15722,5981.8394
15723,6527.1587
15724,4864.4614
15725,10106.915
15726,5840.6
15727,2348.2485
15728,7774.4004
15729,4645.425
15730,6139.521
15731,2404.9092
15732,7845.816
15733,3948.218
15734,3101.702
15735,8588.348
15736,4624.5215
15737,5615.542
15738,7929.4727
15739,7953.067
15740,4196.7153
15741,5080.7554
15742,7267.394
15743,3578.3062
15744,3181.2107
15745,6645.588
15746,5048.735
15747,7255.6616
15748,3394.9463
15749,4663.9443
15750,6395.2847
15751,4505.941
15752,3325.8884
15753,5492.938
15754,5930.295
15755,6337.6567
15756,7840.2876
15757,8155.9155
15758,7536.772
15759,4267.657
15760,7445.161
15761,5684.773
15762,3567.6787
15763,3821.7922
15764,8115.0073
15765,7550.551
15766,3295.443
15767,7347.155
15768,9853.97
15769,6782.5195
15770,4936.907
15771,6997.691
15772,7588.0273
15773,5651.421
15774,4735.075
15775,2945.4634
15776,5664.594
15777,5406.2666
15778,4947.514
15779,5604.1074
15780,3509.8796
15781,6055.7124
15782,7186.9707
15783,6081.105
15784,6524.0654
15785,5999.038
15786,3214.205
15787,1604.8702
15788,7108.2773
15789,6649.7666
15790,7050.0337
15791,3794.3442
15792,5638.8853
15793,4583.5474
15794,5616.6562
15795,6152.9165
15796,3867.5366
15797,4251.8545
15798,5084.7163
15799,7268.9053
15800,6661.549
15801,7621.5312
15802,14843.317
15803,4241.092
15804,4818.8096
15805,10673.305
15806,3704.9265
15807,5512.8945
15808,855.0121
15809,8274.418
15810,6752.1494
15811,5550.9756
15812,6337.282
15813,5559.9473
15814,4631.086
15815,5317.746
15816,5611.628
15817,8261.65
15818,3147.6123
15819,5605.353
15820,2933.7678
15821,8956.072
15822,3327.8433
15823,8063.268
15824,10160.306
15825,6308.0273
15826,6171.09
15827,4336.467
15828,2434.1343
15829,1914.2297
15830,3755.823
15831,5300.5024
15832,3356.2883
15833,5791.1284
15834,7442.215
15835,3887.0986
15836,5494.5205
15837,4775.0347
15838,8425.87
15839,8193.356
15840,7212.2065
15841,5077.7124
15842,3297.8206
15843,8405.418
15844,9895.315
15845,3721.0386
15846,4514.2656
15847,3816.2256
15848,5622.333
15849,5607.2407
15850,3971.9185
15851,6697.903
15852,3417.399
15853,5575.598
15854,5298.824
15855,8663.71
15856,5614.696
15857,7327.4263
15858,6828.5093
15859,4616.337
15860,8417.605
15861,18538.744
15862,9111.437
15863,3916.8086
15864,3841.68
15865,6520.613
15866,8115.394
15867,3087.4487
15868,4842.799
15869,9883.855
15870,6095.036
15871,7097.194
15872,17947.166
15873,5554.8794
15874,5843.241
15875,3046.5225
15876,2457.9375
15877,9915.069
15878,3685.247
15879,6954.09
15880,8857.1
15881,3223.8782
15882,3863.816
15883,6542.817
15884,4183.8843
15885,7158.961
15886,2114.6348
15887,5240.0176
15888,5121.9697
15889,10643.814
15890,5865.354
15891,5828.568
15892,3275.5032
15893,7750.678
15894,5993.4614
15895,6622.9214
15896,1686.6443
15897,8962.251
15898,5173.8276
15899,5898.95
15900,4493.884
15901,4558.8545
15902,3681.0557
15903,4631.691
15904,3690.5664
15905,5598.7803
15906,4880.9614
15907,5230.5396
15908,8330.674
15909,8729.745
15910,7667.4077
15911,4160.5146
15912,4333.6836
15913,4754.07
15914,5427.0522
15915,6473.503
15916,3059.9385
15917,1364.0098
15918,7327.699
15919,5813.7373
15920,8142.6006
15921,5502.944
15922,4373.4844
15923,4666.0044
15924,3571.7175
15925,2688.2803
15926,9022.235
15927,6447.4434
15928,5009.9634
15929,5648.365
15930,11654.217
15931,6002.787
15932,2094.138
15933,7598.7393
15934,2142.9065
15935,4490.37
15936,6142.0396
15937,6293.8496
15938,2716.6133
15939,4435.0645
15940,4326.3647
15941,3936.9692
15942,1668.594
15943,8343.237
15944,4663.615
15945,10118.827
15946,10748.819
15947,5867.43
15948,5878.774
15949,4400.8745
15950,5084.755
15951,5046.9194
15952,11008.5625
15953,6921.6113
15954,7378.103
15955,3310.3718
15956,6020.1665
15957,5663.109
15958,8300.273
15959,8281.698
15960,7042.419
15961,5550.2505
15962,6447.2095
15963,5401.8184
15964,8722.812
15965,6357.9824
15966,6679.8667
15967,6249.022
15968,9436.639
15969,6987.3936
15970,5130.209
15971,5660.695
15972,8084.877
15973,5981.223
15974,3537.5374
15975,5609.6963
15976,3359.1487
15977,4906.8647
15978,8784.318
15979,7014.805
15980,7469.758
15981,6089.214
15982,8505.379
15983,4812.3604
15984,4358.159
15985,4416.1562
15986,6306.018
15987,6376.5244
15988,6644.8335
15989,3216.125
15990,13079.29
15991,5065.198
15992,5712.9087
15993,16333.996
15994,5629.1265
15995,7635.0713
15996,6673.492
15997,7386.3906
15998,8643.249
15999,7695.0425
16000,10095.239
16001,3230.8147
16002,4681.796
16003,5488.1357
16004,8484.814
16005,2768.6929
16006,5688.174
16007,4869.2056
16008,5212.8433
16009,5461.2944
16010,6113.1377
16011,3800.3647
16012,5672.965
16013,5253.6504
16014,3226.2688
16015,3514.805
16016,7350.758
16017,4242.9453
16018,4902.2383
16019,5703.9355
16020,5644.4014
16021,9147.625
16022,11344.63
16023,5236.2954
16024,7568.093
16025,5189.872
16026,10036.676
16027,5402.0503
16028,3253.5012
16029,4051.197
16030,5453.2417
16031,11323.82
16032,3931.6174
16033,9107.657
16034,7792.938
16035,2187.058
16036,3982.72
16037,6582.81
16038,6037.2915
16039,5518.287
16040,8573.403
16041,9210.361
16042,7495.315
16043,4059.3167
16044,11640.098
16045,2244.277
16046,3801.0972
16047,8029.99
16048,4127.0703
16049,5767.623
16050,3894.8523
16051,7221.906
16052,5070.569
16053,3875.1772
16054,13365.901
16055,11271.108
16056,2768.94
16057,4908.9624
16058,5720.75
16059,7949.3965
16060,9612.35
16061,5182.4272
16062,2891.5615
16063,8754.551
16064,2218.1865
16065,9929.464
16066,4929.9565
16067,5743.243
16068,9272.121
16069,5897.1274
16070,1643.3043
16071,4974.226
16072,2443.363
16073,4014.3477
16074,10785.811
16075,7717.9614
16076,4640.6597
16077,12734.437
16078,7078.8457
16079,10321.563
16080,12578.768
16081,7100.126
16082,4341.9927
16083,2276.9797
16084,4804.3706
16085,6617.125
16086,2822.1716
16087,5915.95
16088,4586.534
16089,7291.195
16090,2645.3362
16091,5343.153
16092,8613.138
16093,1708.8752
16094,9032.723
16095,6000.0166
16096,3132.1023
16097,6957.885
16098,3310.4128
16099,3251.289
16100,9360.828
16101,7152.3135
16102,7407.6055
16103,8328.949
16104,5591.7837
16105,5090.234
16106,6769.238
16107,7112.957
16108,7926.781
16109,5690.616
16110,6895.767
16111,3635.9934
16112,9316.702
16113,6160.7915
16114,5914.5903
16115,4150.165
16116,5151.1665
16117,8361.034
16118,6508.6265
16119,4118.2964
16120,5350.9053
16121,5390.8496
16122,5175.9355
16123,15570.376
16124,5421.2886
16125,9966.372
16126,5045.88
16127,3898.2422
16128,6584.543
16129,5359.9575
16130,3125.8755
16131,5014.9785
16132,8825.098
16133,14437.023
16134,7253.876
16135,9758.822
16136,7197.082
16137,10651.288
16138,9075.5205
16139,6749.632
16140,5798.48
16141,4226.226
16142,10712.334
16143,8011.2554
16144,7355.0566
16145,5678.422
16146,5709.9395
16147,5264.235
16148,2409.9243
16149,11728.402
16150,6760.7466
16151,6016.464
16152,5205.0723
16153,1551.475
16154,8988.832
16155,8772.814
16156,11691.881
16157,5580.11
16158,4508.8906
16159,3927.183
16160,7190.3716
16161,5220.451
16162,4437.4854
16163,10379.225
16164,4308.8076
16165,4515.536
16166,5467.596
16167,3831.6409
16168,2730.327
16169,2472.639
16170,13791.252
16171,5157.125
16172,13607.317
16173,4715.2075
16174,5991.644
16175,5215.7974
16176,4297.1626
16177,3365.063
16178,6233.003
16179,3215.0269
16180,3040.46
16181,10429.814
16182,6368.8716
16183,2793.1738
16184,8357.853
16185,2858.5425
16186,5974.0103
16187,3681.8071
16188,9657.01
16189,7620.637
16190,8457.997
16191,2536.6436
16192,5353.2334
16193,2789.9873
16194,4714.133
16195,3761.8076
16196,16469.902
16197,11371.723
16198,5003.793
16199,3281.3767
16200,6007.467
16201,4310.8057
16202,2752.836
16203,7474.754
16204,2578.9197
16205,13887.885
16206,4063.0784
16207,4999.852
16208,5891.3984
16209,11105.943
16210,6700.804
16211,4927.446
16212,5147.841
16213,6324.6978
16214,6772.9966
16215,7039.3296
16216,3973.476
16217,1285.2114
16218,5011.684
16219,3062.6956
16220,3174.7927
16221,5601.12
16222,7055.9604
16223,5845.0137
16224,5463.801
16225,8389.808
16226,5884.165
16227,3560.0125
16228,7385.4043
16229,2481.4348
16230,9531.063
16231,5157.415
16232,2899.1091
16233,4759.8413
16234,4419.3423
16235,4874.564
16236,7169.4297
16237,6851.2974
16238,4064.2102
16239,6086.014
16240,2582.7202
16241,4687.4395
16242,8043.3354
16243,8946.903
16244,3566.5525
16245,2230.403
16246,5375.2915
16247,7466.2246
16248,6184.1885
16249,2771.0396
16250,11122.512
16251,3846.5278
16252,3459.2017
16253,5897.313
16254,10031.689
16255,9727.06
16256,4306.983
16257,4488.2334
16258,5936.894
16259,1599.1886
16260,6846.62
16261,7282.9727
16262,4796.797
16263,4534.0957
16264,3104.7688
16265,8590.683
16266,3332.0715
16267,5099.0537
16268,3999.193
16269,3657.9492
16270,3245.46
16271,7537.994
16272,6811.9272
16273,5395.289
16274,3834.4856
16275,5401.0557
16276,7747.1084
16277,7673.3115
16278,7453.8296
16279,4887.3955
16280,5512.1797
16281,5867.995
16282,7841.544
16283,7063.2524
16284,5697.2964
16285,2230.035
16286,6598.4253
16287,6579.012
16288,6650.2295
16289,8001.9614
16290,5747.4463
16291,2827.312
16292,8247.047
16293,5445.1333
16294,9931.026
16295,2907.6138
16296,2772.2822
16297,8932.587
16298,1656.2063
16299,5302.6064
16300,4740.5254
16301,8304.93
16302,3953.9583
16303,4784.55
16304,9235.934
16305,3043.5015
16306,6533.5933
16307,10394.163
16308,14981.303
16309,7408.8916
16310,2754.7986
16311,5579.583
16312,3795.731
16313,2317.5125
16314,7628.069
16315,5236.2754
16316,6421.764
16317,5602.851
16318,4803.436
16319,5578.524
16320,5092.997
16321,5600.2812
16322,5006.022
16323,9763.402
16324,5274.4683
16325,2541.1865
16326,6260.608
16327,4441.9023
16328,5813.46
16329,5787.081
16330,5914.134
16331,7595.0005
16332,8603.285
16333,7844.2295
16334,5879.834
16335,5011.392
16336,6071.536
16337,3036.8596
16338,5881.6514
16339,9148.934
16340,6837.862
16341,7192.573
16342,6607.57
16343,14331.361
16344,3435.6255
16345,3672.6726
16346,5306.244
16347,4713.6514
16348,8746.6045
16349,9928.337
16350,7628.251
16351,7260.2305
16352,7779.392
16353,2100.5095
16354,7637.628
16355,3343.614
16356,6427.9414
16357,5971.874
16358,5452.5396
16359,2355.5986
16360,5229.6167
16361,3680.3533
16362,3521.608
16363,7254.2915
16364,4732.023
16365,8822.843
16366,18886.873
16367,5692.326
16368,3398.1638
16369,5080.251
16370,8406.749
16371,6629.191
16372,4253.0146
16373,5511.6484
16374,2035.1371
16375,6157.4077
16376,6685.189
16377,3498.4072
16378,10724.734
16379,11987.506
16380,3265.3792
16381,5686.064
16382,3683.8376
16383,3823.2654
16384,4011.63
16385,8595.78
16386,3973.404
16387,4689.953
16388,4838.3384
16389,3020.0422
16390,2904.2
16391,2766.2546
16392,5555.409
16393,5663.573
16394,5165.194
16395,7683.9897
16396,1124.4369
16397,7413.2812
16398,15254.25
16399,3177.0469
16400,8049.7285
16401,7155.418
16402,4766.411
16403,4424.623
16404,2407.1726
16405,4342.502
16406,4918.261
16407,5333.0103
16408,3289.9053
16409,9363.783
16410,4420.4976
16411,4022.2092
16412,6141.8755
16413,4962.2744
16414,5998.637
16415,4732.127
16416,6031.0923
16417,9978.671
16418,4578.4434
16419,7198.558
16420,5942.395
16421,3631.2688
16422,3331.7122
16423,4675.8867
16424,5657.1323
16425,6558.493
16426,3775.2092
16427,13122.873
16428,5189.006
16429,4739.8745
16430,11358.91
16431,5031.1543
16432,6870.9434
16433,4347.8115
16434,5639.02
16435,5269.555
16436,6694.7925
16437,16509.832
16438,3156.6514
16439,5468.655
16440,3562.924
16441,9877.551
16442,6614.115
16443,4995.075
16444,3836.5493
16445,4229.3076
16446,2707.3147
16447,2277.396
16448,6688.365
16449,2260.808
16450,4131.7183
16451,1360.6722
16452,20792.072
16453,8509.428
16454,2335.1675
16455,5264.31
16456,6352.8726
16457,7100.959
16458,5512.879
16459,7859.8145
16460,5681.125
16461,5871.4272
16462,3063.961
16463,7805.1973
16464,6064.7065
16465,4233.6265
16466,6164.442
16467,9168.746
16468,4249.9165
16469,8119.5366
16470,6262.776
16471,3352.151
16472,5811.137
16473,7159.637
16474,2859.0757
16475,9107.171
16476,6653.7827
16477,4581.7285
16478,9551.011
16479,3813.86
16480,5226.3604
16481,8322.192
16482,6722.5186
16483,2375.2903
16484,4719.937
16485,3788.713
16486,3586.0154
16487,5226.495
16488,5615.612
16489,3478.703
16490,6150.54
16491,2632.1196
16492,5926.6304
16493,3122.9128
16494,5622.9873
16495,5678.8877
16496,4769.8135
16497,5911.37
16498,8595.642
16499,2720.2234
16500,5746.4814
16501,7589.801
16502,3389.2898
16503,5806.489
16504,6378.0815
16505,9058.545
16506,6512.936
16507,3715.3035
16508,2297.1113
16509,2196.986
16510,5386.578
16511,4949.619
16512,4271.5425
16513,11333.296
16514,5723.343
16515,5935.065
16516,8804.131
16517,6947.48
16518,2394.5754
16519,0.0
16520,4427.963
16521,7921.9814
16522,6084.83
16523,7520.5503
16524,6148.8916
16525,8333.534
16526,5447.341
16527,4235.921
16528,2997.9763
16529,3657.3943
16530,6404.6304
16531,4309.7734
16532,7971.0957
16533,4827.325
16534,3146.3423
16535,8324.121
16536,7656.7817
16537,5060.248
16538,7459.4697
16539,4485.841
16540,7499.598
16541,3785.4797
16542,5237.459
16543,3863.3625
16544,5087.5493
16545,3550.4316
16546,6493.3784
16547,7741.8857
16548,8089.644
16549,6288.539
16550,5533.752
16551,4346.3726
16552,6073.888
16553,6801.423
16554,7533.459
16555,2947.053
16556,3155.0256
16557,8906.538
16558,6628.3184
16559,3243.6926
16560,4038.0981
16561,8168.3945
16562,6572.991
16563,2673.0317
16564,6561.9097
16565,4941.2744
16566,1986.1925
16567,5187.62
16568,2854.3772
16569,4361.6567
16570,6172.656
16571,6139.146
16572,5398.151
16573,4251.2056
16574,8780.691
16575,6468.3555
16576,3776.6213
16577,5867.7715
16578,5000.8438
16579,3292.6714
16580,1273.8153
16581,6926.75
16582,1711.2185
16583,6214.807
16584,9469.972
16585,5960.231
16586,4665.2925
16587,3282.059
16588,5536.3496
16589,5210.1934
16590,5236.0605
16591,5639.09
16592,6061.0747
16593,8837.783
16594,6633.1123
16595,8535.228
16596,4113.636
16597,4036.392
16598,4358.604
16599,3925.1084
16600,5311.7993
16601,6790.7856
16602,3632.4883
16603,5370.7095
16604,2995.1118
16605,7794.328
16606,4437.6885
16607,4642.0586
16608,4006.6963
16609,5494.1484
16610,7509.505
16611,3502.3809
16612,6293.796
16613,5206.959
16614,5473.9204
16615,5477.305
16616,5764.345
16617,7414.6743
16618,4727.146
16619,3803.9265
16620,9227.577
16621,6987.02
16622,6565.2905
16623,2162.1584
16624,5477.5454
16625,5068.9634
16626,4226.0127
16627,4875.5034
16628,9812.254
16629,8433.782
16630,9647.775
16631,9743.393
16632,6553.5034
16633,5215.061
16634,5781.7456
16635,6012.007
16636,7685.258
16637,11536.196
16638,3830.0513
16639,1959.9464
16640,1643.2393
16641,4240.9946
16642,5267.555
16643,10132.328
16644,2539.0369
16645,2002.8491
16646,5403.406
16647,5804.5503
16648,5743.9277
16649,9755.956
16650,6998.2983
16651,6321.628
16652,3042.4824
16653,7567.414
16654,6256.6797
16655,7401.4756
16656,6864.609
16657,3687.8918
16658,6333.5176
16659,3486.1309
16660,6624.9053
16661,5843.698
16662,5437.3223
16663,6537.2026
16664,3973.4268
16665,6240.266
16666,5079.0107
16667,6550.8535
16668,5090.0396
16669,7951.3833
16670,5700.2314
16671,8543.396
16672,5338.716
16673,3696.1226
16674,8517.385
16675,2986.589
16676,10655.312
16677,5524.2803
16678,4928.137
16679,3566.0183
16680,6755.48
16681,4564.3804
16682,4524.1763
16683,7360.4814
16684,4549.944
16685,11852.944
16686,3495.8486
16687,3155.2605
16688,6306.8843
16689,6385.8
16690,10307.357
16691,2844.101
16692,4684.235
16693,5883.0933
16694,5765.753
16695,4657.6978
16696,3750.1023
16697,6062.023
16698,3707.3127
16699,10700.224
16700,3102.9773
16701,6635.099
16702,12809.033
16703,6988.473
16704,6230.179
16705,3426.8533
16706,5307.773
16707,8208.781
16708,2914.9795
16709,7855.265
16710,3259.727
16711,8276.423
16712,6676.7456
16713,5516.703
16714,6119.514
16715,5054.3726
16716,3084.0547
16717,5767.909
16718,2369.096
16719,3835.7954
16720,3289.2056
16721,3094.145
16722,8024.3857
16723,5709.618
16724,21936.162
16725,7385.1294
16726,0.0
16727,0.0
16728,0.0
16729,0.0
16730,0.0
16731,0.0
16732,0.0
16733,0.0
16734,0.0
16735,0.0
16736,0.0
16737,0.0
16738,0.0
16739,0.0
16740,0.0
16741,0.0
16742,0.0
16743,0.0
16744,0.0
16745,0.0
16746,0.0
16747,0.0
16748,0.0
16749,0.0
16750,0.0
16751,0.0
16752,0.0
16753,0.0
16754,0.0
16755,0.0
16756,0.0
16757,0.0
16758,0.0
16759,0.0
16760,0.0
16761,0.0
16762,0.0
16763,0.0
16764,0.0
16765,0.0
16766,0.0
16767,0.0
16768,0.0
16769,0.0
16770,0.0
16771,0.0
16772,0.0
16773,0.0
16774,0.0
16775,0.0
16776,0.0
16777,0.0
16778,0.0
16779,0.0
16780,0.0
16781,0.0
16782,0.0
16783,0.0
16784,0.0
16785,0.0
16786,0.0
16787,0.0
16788,0.0
16789,0.0
16790,0.0
16791,0.0
16792,0.0
16793,0.0
16794,0.0
16795,0.0
16796,0.0
16797,0.0
16798,0.0
16799,0.0
16800,0.0
16801,0.0
16802,0.0
16803,0.0
16804,0.0
16805,0.0
16806,0.0
16807,0.0
16808,0.0
16809,0.0
16810,11565.391
16811,0.0
16812,0.0
16813,0.0
16814,0.0
16815,0.0
16816,0.0
16817,0.0
16818,0.0
16819,0.0
16820,0.0
16821,0.0
16822,0.0
16823,0.0
16824,0.0
16825,0.0
16826,0.0
16827,0.0
16828,0.0
16829,0.0
16830,0.0
16831,0.0
16832,0.0
16833,0.0
16834,0.0
16835,0.0
16836,0.0
16837,0.0
16838,0.0
16839,0.0
16840,0.0
16841,0.0
16842,0.0
16843,0.0
16844,0.0
16845,0.0
16846,0.0
16847,3327.3672
16848,0.0
16849,0.0
16850,0.0
16851,0.0
16852,0.0
16853,0.0
16854,0.0
16855,0.0
16856,0.0
16857,0.0
16858,0.0
16859,0.0
16860,0.0
16861,0.0
16862,0.0
16863,0.0
16864,0.0
16865,0.0
16866,0.0
16867,0.0
16868,0.0
16869,0.0
16870,0.0
16871,0.0
16872,0.0
16873,0.0
16874,0.0
16875,0.0
16876,0.0
16877,0.0
16878,0.0
16879,0.0
16880,0.0
16881,0.0
16882,0.0
16883,0.0
16884,0.0
16885,0.0
16886,0.0
16887,0.0
16888,0.0
16889,0.0
16890,0.0
16891,0.0
16892,0.0
16893,0.0
16894,0.0
16895,0.0
16896,0.0
16897,0.0
16898,0.0
16899,0.0
16900,0.0
16901,0.0
16902,0.0
16903,0.0
16904,0.0
16905,0.0
16906,0.0
16907,0.0
16908,0.0
16909,0.0
16910,0.0
16911,0.0
16912,0.0
16913,0.0
16914,0.0
16915,0.0
16916,0.0
16917,0.0
16918,0.0
16919,0.0
16920,0.0
16921,0.0
16922,0.0
16923,0.0
16924,0.0
16925,0.0
16926,0.0
16927,0.0
16928,0.0
16929,0.0
16930,0.0
16931,0.0
16932,0.0
16933,0.0
16934,2334.2366
16935,0.0
16936,0.0
16937,0.0
16938,0.0
16939,0.0
16940,0.0
16941,0.0
16942,0.0
16943,0.0
16944,0.0
16945,0.0
16946,0.0
16947,0.0
16948,0.0
16949,0.0
16950,0.0
16951,0.0
16952,0.0
16953,0.0
16954,0.0
16955,0.0
16956,0.0
16957,0.0
16958,0.0
16959,0.0
16960,0.0
16961,0.0
16962,0.0
16963,0.0
16964,0.0
16965,0.0
16966,0.0
16967,0.0
16968,0.0
16969,0.0
16970,0.0
16971,0.0
16972,0.0
16973,0.0
16974,0.0
16975,0.0
16976,0.0
16977,0.0
16978,0.0
16979,0.0
16980,0.0
16981,0.0
16982,0.0
16983,0.0
16984,17255.848
16985,0.0
16986,0.0
16987,29358.645
16988,0.0
16989,0.0
16990,0.0
16991,0.0
16992,0.0
16993,0.0
16994,0.0
16995,0.0
16996,0.0
16997,0.0
16998,0.0
16999,7422.3022
17000,0.0
17001,0.0
17002,0.0
17003,0.0
17004,0.0
17005,0.0
17006,0.0
17007,0.0
17008,0.0
17009,0.0
17010,0.0
17011,0.0
17012,0.0
17013,0.0
17014,0.0
17015,0.0
17016,0.0
17017,0.0
17018,0.0
17019,0.0
17020,0.0
17021,0.0
17022,0.0
17023,0.0
17024,3845.1448
17025,0.0
17026,0.0
17027,0.0
17028,0.0
17029,0.0
17030,0.0
17031,0.0
17032,0.0
17033,0.0
17034,0.0
17035,2346.5813
17036,0.0
17037,0.0
17038,0.0
17039,0.0
17040,0.0
17041,0.0
17042,0.0
17043,0.0
17044,0.0
17045,0.0
17046,0.0
17047,0.0
17048,0.0
17049,0.0
17050,0.0
17051,0.0
17052,0.0
17053,0.0
17054,0.0
17055,0.0
17056,0.0
17057,0.0
17058,0.0
17059,0.0
17060,8728.454
17061,0.0
17062,0.0
17063,0.0
17064,0.0
17065,0.0
17066,0.0
17067,0.0
17068,0.0
17069,0.0
17070,0.0
17071,0.0
17072,0.0
17073,0.0
17074,0.0
17075,0.0
17076,0.0
17077,0.0
17078,8867.462
17079,0.0
17080,0.0
17081,0.0
17082,0.0
17083,0.0
17084,0.0
17085,0.0
17086,0.0
17087,0.0
17088,0.0
17089,0.0
17090,0.0
17091,0.0
17092,0.0
17093,0.0
17094,0.0
17095,0.0
17096,0.0
17097,0.0
17098,0.0
17099,0.0
17100,0.0
17101,0.0
17102,0.0
17103,0.0
17104,0.0
17105,0.0
17106,0.0
17107,0.0
17108,0.0
17109,0.0
17110,0.0
17111,0.0
17112,0.0
17113,0.0
17114,0.0
17115,0.0
17116,0.0
17117,0.0
17118,0.0
17119,0.0
17120,0.0
17121,0.0
17122,0.0
17123,0.0
17124,0.0
17125,0.0
17126,0.0
17127,0.0
17128,0.0
17129,0.0
17130,0.0
17131,0.0
17132,0.0
17133,0.0
17134,0.0
17135,0.0
17136,0.0
17137,0.0
17138,0.0
17139,0.0
17140,0.0
17141,0.0
17142,0.0
17143,0.0
17144,0.0
17145,0.0
17146,0.0
17147,0.0
17148,14373.439
17149,0.0
17150,0.0
17151,0.0
17152,0.0
17153,0.0
17154,0.0
17155,0.0
17156,0.0
17157,0.0
17158,1568.3002
17159,0.0
17160,0.0
17161,0.0
17162,0.0
17163,0.0
17164,0.0
17165,0.0
17166,0.0
17167,0.0
17168,0.0
17169,0.0
17170,0.0
17171,0.0
17172,0.0
17173,0.0
17174,0.0
17175,0.0
17176,0.0
17177,0.0
17178,4470.2324
17179,0.0
17180,0.0
17181,0.0
17182,0.0
17183,0.0
17184,0.0
17185,0.0
17186,0.0
17187,0.0
17188,0.0
17189,0.0
17190,0.0
17191,0.0
17192,0.0
17193,0.0
17194,0.0
17195,0.0
17196,0.0
17197,0.0
17198,0.0
17199,0.0
17200,0.0
17201,0.0
17202,0.0
17203,0.0
17204,0.0
17205,0.0
17206,0.0
17207,0.0
17208,0.0
17209,0.0
17210,0.0
17211,0.0
17212,0.0
17213,0.0
17214,0.0
17215,0.0
17216,0.0
17217,0.0
17218,0.0
17219,7410.1284
17220,0.0
17221,0.0
17222,0.0
17223,0.0
17224,0.0
17225,0.0
17226,0.0
17227,0.0
17228,0.0
17229,0.0
17230,0.0
17231,0.0
17232,0.0
17233,0.0
17234,0.0
17235,0.0
17236,0.0
17237,7515.617
17238,0.0
17239,0.0
17240,0.0
17241,0.0
17242,0.0
17243,0.0
17244,0.0
17245,0.0
17246,0.0
17247,0.0
17248,0.0
17249,1920.7285
17250,0.0
17251,0.0
17252,0.0
17253,0.0
17254,0.0
17255,4557.259
17256,0.0
17257,0.0
17258,0.0
17259,0.0
17260,0.0
17261,0.0
17262,0.0
17263,0.0
17264,0.0
17265,0.0
17266,0.0
17267,0.0
17268,0.0
17269,0.0
17270,0.0
17271,0.0
17272,0.0
17273,0.0
17274,0.0
17275,0.0
17276,0.0
17277,0.0
17278,0.0
17279,0.0
17280,0.0
17281,0.0
17282,0.0
17283,0.0
17284,0.0
17285,0.0
17286,0.0
17287,18708.85
17288,0.0
17289,0.0
17290,0.0
17291,0.0
17292,0.0
17293,0.0
17294,0.0
17295,0.0
17296,0.0
17297,0.0
17298,0.0
17299,0.0
17300,0.0
17301,0.0
17302,0.0
17303,5355.6694
17304,0.0
17305,0.0
17306,0.0
17307,0.0
17308,0.0
17309,0.0
17310,0.0
17311,0.0
17312,0.0
17313,0.0
17314,0.0
17315,0.0
17316,0.0
17317,0.0
17318,0.0
17319,0.0
17320,0.0
17321,0.0
17322,0.0
17323,0.0
17324,0.0
17325,0.0
17326,0.0
17327,0.0
17328,0.0
17329,0.0
17330,0.0
17331,0.0
17332,0.0
17333,0.0
17334,0.0
17335,0.0
17336,0.0
17337,0.0
17338,0.0
17339,0.0
17340,0.0
17341,0.0
17342,0.0
17343,0.0
17344,0.0
17345,0.0
17346,0.0
17347,0.0
17348,0.0
17349,0.0
17350,0.0
17351,0.0
17352,0.0
17353,0.0
17354,0.0
17355,0.0
17356,0.0
17357,0.0
17358,0.0
17359,0.0
17360,0.0
17361,0.0
17362,0.0
17363,0.0
17364,0.0
17365,0.0
17366,0.0
17367,0.0
17368,0.0
17369,0.0
17370,0.0
17371,0.0
17372,0.0
17373,0.0
17374,0.0
17375,0.0
17376,0.0
17377,0.0
17378,0.0
17379,0.0
17380,0.0
17381,0.0
17382,0.0
17383,0.0
17384,0.0
17385,0.0
17386,0.0
17387,0.0
17388,0.0
17389,0.0
17390,0.0
17391,0.0
17392,0.0
17393,0.0
17394,0.0
17395,0.0
17396,0.0
17397,0.0
17398,0.0
17399,0.0
17400,0.0
17401,13952.474
17402,0.0
17403,0.0
17404,0.0
17405,0.0
17406,0.0
17407,7528.0283
17408,0.0
17409,0.0
17410,0.0
17411,0.0
17412,0.0
17413,0.0
17414,0.0
17415,0.0
17416,0.0
17417,0.0
17418,0.0
17419,0.0
17420,0.0
17421,0.0
17422,0.0
17423,0.0
17424,0.0
17425,0.0
17426,0.0
17427,0.0
17428,0.0
17429,0.0
17430,0.0
17431,0.0
17432,0.0
17433,0.0
17434,0.0
17435,0.0
17436,0.0
17437,0.0
17438,0.0
17439,0.0
17440,0.0
17441,0.0
17442,0.0
17443,0.0
17444,0.0
17445,0.0
17446,0.0
17447,0.0
17448,0.0
17449,0.0
17450,0.0
17451,0.0
17452,0.0
17453,0.0
17454,0.0
17455,0.0
17456,0.0
17457,3103.306
17458,15706.804
17459,0.0
17460,0.0
17461,0.0
17462,0.0
17463,0.0
17464,0.0
17465,0.0
17466,0.0
17467,0.0
17468,0.0
17469,0.0
17470,0.0
17471,0.0
17472,0.0
17473,0.0
17474,0.0
17475,0.0
17476,0.0
17477,0.0
17478,0.0
17479,0.0
17480,0.0
17481,0.0
17482,0.0
17483,0.0
17484,0.0
17485,0.0
17486,0.0
17487,0.0
17488,0.0
17489,0.0
17490,0.0
17491,0.0
17492,0.0
17493,0.0
17494,11777.825
17495,0.0
17496,0.0
17497,0.0
17498,0.0
17499,0.0
17500,0.0
17501,0.0
17502,0.0
17503,0.0
17504,0.0
17505,0.0
17506,0.0
17507,0.0
17508,0.0
17509,0.0
17510,0.0
17511,0.0
17512,0.0
17513,0.0
17514,0.0
17515,0.0
17516,0.0
17517,0.0
17518,0.0
17519,0.0
17520,0.0
17521,0.0
17522,0.0
17523,0.0
17524,0.0
17525,0.0
17526,0.0
17527,0.0
17528,0.0
17529,0.0
17530,0.0
17531,0.0
17532,0.0
17533,0.0
17534,0.0
17535,0.0
17536,0.0
17537,0.0
17538,0.0
17539,0.0
17540,0.0
17541,0.0
17542,0.0
17543,0.0
17544,0.0
17545,0.0
17546,0.0
17547,0.0
17548,0.0
17549,0.0
17550,0.0
17551,0.0
17552,0.0
17553,0.0
17554,0.0
17555,0.0
17556,0.0
17557,0.0
17558,0.0
17559,0.0
17560,0.0
17561,0.0
17562,0.0
17563,0.0
17564,0.0
17565,0.0
17566,0.0
17567,0.0
17568,0.0
17569,0.0
17570,0.0
17571,0.0
17572,0.0
17573,0.0
17574,0.0
17575,0.0
17576,0.0
17577,0.0
17578,0.0
17579,0.0
17580,0.0
17581,0.0
17582,0.0
17583,0.0
17584,0.0
17585,0.0
17586,0.0
17587,0.0
17588,2563.346
17589,0.0
17590,0.0
17591,0.0
17592,1977.763
17593,0.0
17594,0.0
17595,0.0
17596,0.0
17597,0.0
17598,0.0
17599,0.0
17600,0.0
17601,0.0
17602,2913.5212
17603,0.0
17604,0.0
17605,0.0
17606,0.0
17607,0.0
17608,0.0
17609,0.0
17610,0.0
17611,0.0
17612,0.0
17613,0.0
17614,0.0
17615,0.0
17616,0.0
17617,0.0
17618,0.0
17619,0.0
17620,0.0
17621,0.0
17622,0.0
17623,0.0
17624,0.0
17625,0.0
17626,0.0
17627,0.0
17628,0.0
17629,0.0
17630,0.0
17631,0.0
17632,0.0
17633,0.0
17634,0.0
17635,0.0
17636,0.0
17637,0.0
17638,0.0
17639,0.0
17640,0.0
17641,0.0
17642,0.0
17643,0.0
17644,0.0
17645,0.0
17646,0.0
17647,0.0
17648,0.0
17649,0.0
17650,0.0
17651,0.0
17652,0.0
17653,0.0
17654,0.0
17655,0.0
17656,2408.2866
17657,0.0
17658,0.0
17659,0.0
17660,0.0
17661,0.0
17662,0.0
17663,0.0
17664,0.0
17665,0.0
17666,0.0
17667,0.0
17668,0.0
17669,0.0
17670,0.0
17671,0.0
17672,0.0
17673,11356.776
17674,0.0
17675,0.0
17676,0.0
17677,0.0
17678,0.0
17679,0.0
17680,0.0
17681,0.0
17682,0.0
17683,0.0
17684,0.0
17685,0.0
17686,0.0
17687,0.0
17688,0.0
17689,0.0
17690,0.0
17691,0.0
17692,0.0
17693,0.0
17694,0.0
17695,0.0
17696,0.0
17697,0.0
17698,0.0
17699,0.0
17700,0.0
17701,0.0
17702,0.0
17703,0.0
17704,0.0
17705,0.0
17706,0.0
17707,0.0
17708,0.0
17709,0.0
17710,0.0
17711,0.0
17712,0.0
17713,0.0
17714,0.0
17715,0.0
17716,0.0
17717,0.0
17718,0.0
17719,0.0
17720,0.0
17721,0.0
17722,0.0
17723,0.0
17724,0.0
17725,0.0
17726,0.0
17727,0.0
17728,0.0
17729,0.0
17730,0.0
17731,0.0
17732,0.0
17733,0.0
17734,0.0
17735,0.0
17736,0.0
17737,0.0
17738,0.0
17739,0.0
17740,0.0
17741,0.0
17742,0.0
17743,0.0
17744,0.0
17745,0.0
17746,0.0
17747,0.0
17748,0.0
17749,0.0
17750,0.0
17751,0.0
17752,0.0
17753,0.0
17754,0.0
17755,0.0
17756,0.0
17757,0.0
17758,0.0
17759,0.0
17760,0.0
17761,0.0
17762,0.0
17763,0.0
17764,0.0
17765,0.0
17766,0.0
17767,0.0
17768,0.0
17769,0.0
17770,3599.3884
17771,0.0
17772,0.0
17773,0.0
17774,0.0
17775,0.0
17776,0.0
17777,0.0
17778,0.0
17779,0.0
17780,0.0
17781,0.0
17782,0.0
17783,0.0
17784,0.0
17785,0.0
17786,0.0
17787,0.0
17788,0.0
17789,0.0
17790,0.0
17791,0.0
17792,0.0
17793,0.0
17794,0.0
17795,0.0
17796,0.0
17797,0.0
17798,0.0
17799,0.0
17800,0.0
17801,0.0
17802,0.0
17803,0.0
17804,0.0
17805,0.0
17806,4728.941
17807,0.0
17808,0.0
17809,0.0
17810,0.0
17811,0.0
17812,0.0
17813,0.0
17814,0.0
17815,0.0
17816,0.0
17817,0.0
17818,0.0
17819,0.0
17820,0.0
17821,0.0
17822,13321.956
17823,0.0
17824,4753.843
17825,0.0
17826,0.0
17827,0.0
17828,0.0
17829,0.0
17830,0.0
17831,0.0
17832,0.0
17833,0.0
17834,0.0
17835,0.0
17836,0.0
17837,0.0
17838,0.0
17839,0.0
17840,0.0
17841,3959.0308
17842,4369.8105
17843,6330.1655
17844,9338.917
17845,4454.534
17846,4630.9443
17847,9194.439
17848,6210.7363
17849,7546.1157
17850,6015.6953
17851,7184.935
17852,6706.092
17853,4052.4453
17854,5803.41
17855,6121.277
17856,7931.152
17857,5422.3643
17858,6345.036
17859,6650.439
17860,8710.881
17861,4496.2935
17862,4184.2354
17863,4830.5864
17864,9318.729
17865,11368.958
17866,5606.027
17867,9104.809
17868,4257.512
17869,7422.2314
17870,3782.4294
17871,5071.188
17872,3906.2344
17873,8114.597
17874,8169.5947
17875,9989.897
17876,9535.473
17877,5274.5234
17878,5326.0103
17879,4401.038
17880,4281.39
17881,5464.76
17882,9929.918
17883,6226.205
17884,5036.292
17885,4700.1416
17886,4479.8496
17887,7212.943
17888,3546.6504
17889,6651.403
17890,3604.0337
17891,6465.364
17892,5773.606
17893,5044.104
17894,6389.053
17895,4602.847
17896,7059.737
17897,9255.828
17898,6239.8257
17899,5459.3
17900,7560.171
17901,4715.041
17902,7133.0264
17903,5797.3076
17904,9896.297
17905,4500.1294
17906,5801.2017
17907,7256.3535
17908,6974.9214
17909,8066.5376
17910,5665.1562
17911,8415.839
17912,3780.8892
17913,4969.787
17914,5781.255
17915,5972.438
17916,8930.594
17917,6613.0996
17918,3237.2874
17919,5208.4
17920,7070.1074
17921,6946.9297
17922,8530.54
17923,3780.7412
17924,12665.976
17925,6847.9526
17926,4384.7715
17927,6459.946
17928,5554.9746
17929,6183.386
17930,8354.768
17931,4198.8174
17932,5671.677
17933,5672.31
17934,6698.9126
17935,6244.4697
17936,4967.4507
17937,6075.3135
17938,4915.0483
17939,4955.34
17940,8206.77
17941,7045.812
17942,6475.998
17943,5071.9136
17944,10498.349
17945,4905.723
17946,9308.797
17947,7550.169
17948,11864.831
17949,6353.454
17950,4774.4062
17951,5583.608
17952,6389.0107
17953,5794.715
17954,4547.141
17955,7075.828
17956,7686.5703
17957,3785.8984
17958,7213.1562
17959,6087.0244
17960,6710.065
17961,4402.4785
17962,9048.002
17963,7767.9517
17964,4901.42
17965,11986.1
17966,4967.3843
17967,4487.4414
17968,7197.0474
17969,8559.162
17970,5313.436
17971,4829.3613
17972,6559.113
17973,5516.8135
17974,5141.6133
17975,5423.7817
17976,4801.5806
17977,8450.901
17978,6873.172
17979,6299.195
17980,7457.606
17981,4910.6387
17982,4916.174
17983,5673.176
17984,7019.6646
17985,7307.068
17986,7623.1885
17987,7536.5635
17988,9330.147
17989,5251.5815
17990,7897.523
17991,6206.182
17992,5224.1523
17993,5754.138
17994,8573.6
17995,6118.4927
17996,5632.456
17997,9792.892
17998,7088.0273
17999,6653.516
18000,4913.7734
18001,7125.302
18002,6332.3096
18003,7237.677
18004,6008.7446
18005,3762.5432
18006,5532.744
18007,8180.9087
18008,7053.2417
18009,5197.888
18010,3898.5137
18011,8212.846
18012,6714.4893
18013,8029.439
18014,6080.3394
18015,5470.6426
18016,5196.857
18017,3729.4573
18018,8993.033
18019,6865.3096
18020,6785.515
18021,5495.758
18022,4861.372
18023,6651.4536
18024,5954.6396
18025,6225.6113
18026,3674.6038
18027,6053.379
18028,4515.3896
18029,7787.2686
18030,7341.236
18031,6461.936
18032,9273.174
18033,4420.586
18034,4450.9536
18035,10722.802
18036,5182.269
18037,5895.6597
18038,1920.57
18039,7421.205
18040,7967.759
18041,4561.0117
18042,5840.238
18043,5800.4214
18044,5702.3906
18045,6023.165
18046,7915.282
18047,10555.81
18048,2597.6396
18049,6450.759
18050,2612.5742
18051,13817.043
18052,4405.02
18053,7897.1084
18054,8655.904
18055,5340.6714
18056,6705.561
18057,4747.911
18058,4987.429
18059,3359.2158
18060,4482.7393
18061,5656.247
18062,5238.8984
18063,6505.5356
18064,6787.852
18065,4610.6074
18066,6678.8477
18067,6537.1216
18068,7739.708
18069,8053.0386
18070,7621.2114
18071,3999.3723
18072,3183.0352
18073,9421.09
18074,9855.483
18075,4810.736
18076,7569.739
18077,5409.6353
18078,7641.8105
18079,4841.1636
18080,5246.7847
18081,6191.0464
18082,3183.3328
18083,5772.1577
18084,4604.4106
18085,9456.108
18086,6819.7285
18087,7402.407
18088,7431.915
18089,5192.8037
18090,7759.8354
18091,18498.916
18092,8959.456
18093,5013.056
18094,2611.0132
18095,5671.7095
18096,7893.4487
18097,5436.99
18098,5897.932
18099,12745.08
18100,6632.1
18101,10187.67
18102,17939.945
18103,3939.118
18104,6243.9453
18105,4947.9673
18106,4202.227
18107,7346.6294
18108,4762.2256
18109,8176.6025
18110,9994.663
18111,6649.836
18112,5471.185
18113,7176.8667
18114,4208.682
18115,6437.894
18116,3590.3008
18117,5687.9893
18118,7157.4863
18119,8100.67
18120,5539.736
18121,5274.4634
18122,4555.855
18123,7064.263
18124,4654.105
18125,5019.482
18126,3618.5022
18127,8006.3438
18128,4910.0723
18129,5739.6997
18130,6989.0933
18131,7027.67
18132,6539.4727
18133,5505.3643
18134,6003.142
18135,5265.7314
18136,6377.656
18137,6582.4146
18138,7972.1826
18139,9616.742
18140,6879.829
18141,5384.451
18142,2989.3
18143,5617.251
18144,6916.866
18145,5357.55
18146,4495.4487
18147,1990.9456
18148,8236.576
18149,5873.4775
18150,8888.716
18151,6392.4487
18152,4846.6113
18153,5968.9355
18154,4967.839
18155,4460.261
18156,9324.935
18157,4921.8516
18158,6293.4897
18159,7425.4316
18160,14691.112
18161,4782.173
18162,4580.112
18163,6989.1196
18164,5090.69
18165,5573.6836
18166,4877.331
18167,7201.5244
18168,4561.9126
18169,6791.498
18170,3797.7917
18171,5512.3057
18172,3993.7644
18173,9682.492
18174,4791.593
18175,13068.778
18176,12706.884
18177,4500.7476
18178,6264.694
18179,5006.8247
18180,6270.965
18181,5593.443
18182,10685.191
18183,6887.202
18184,8232.091
18185,4276.039
18186,7476.7646
18187,4635.0103
18188,8362.007
18189,9080.431
18190,5875.416
18191,5839.77
18192,6130.024
18193,6348.081
18194,7722.637
18195,9169.428
18196,5703.609
18197,7207.4136
18198,9780.328
18199,6211.5835
18200,6661.333
18201,4694.4873
18202,9455.45
18203,7340.6333
18204,5156.9824
18205,4804.82
18206,5608.722
18207,4711.6377
18208,8225.906
18209,5601.061
18210,6959.77
18211,5315.2407
18212,8395.587
18213,4189.2275
18214,7576.2827
18215,7702.731
18216,7751.698
18217,7562.2627
18218,6712.619
18219,3841.6946
18220,12609.8545
18221,9767.0625
18222,6443.4536
18223,16221.923
18224,9314.703
18225,6360.13
18226,6203.17
18227,8167.086
18228,10196.604
18229,11316.23
18230,11054.077
18231,5415.3296
18232,7512.8076
18233,5289.6636
18234,7421.092
18235,4128.787
18236,9779.255
18237,5627.4834
18238,4549.766
18239,5833.585
18240,8384.24
18241,6980.805
18242,4986.9204
18243,7885.457
18244,4927.982
18245,4007.5488
18246,6190.391
18247,3755.9988
18248,4487.471
18249,5290.5215
18250,5802.9614
18251,8336.039
18252,8254.263
18253,7103.892
18254,6223.8955
18255,5133.263
18256,11185.564
18257,6836.108
18258,4946.3345
18259,5089.5493
18260,4480.6445
18261,8268.304
18262,4505.7476
18263,10834.0
18264,7043.729
18265,3370.3508
18266,4921.119
18267,6419.6943
18268,5927.7275
18269,4710.7837
18270,8151.397
18271,9582.773
18272,12361.87
18273,5637.8203
18274,9650.315
18275,3211.0361
18276,5175.1406
18277,6012.2935
18278,4902.261
18279,6756.137
18280,5220.755
18281,6013.9854
18282,3465.1765
18283,4660.0977
18284,10211.522
18285,8350.896
18286,4570.7505
18287,5567.706
18288,8454.086
18289,10411.974
18290,7114.782
18291,5316.0723
18292,4157.8047
18293,11143.462
18294,5632.854
18295,7376.4214
18296,5654.683
18297,4648.355
18298,6468.417
18299,7895.685
18300,3220.3188
18301,4100.4766
18302,4601.824
18303,6693.375
18304,9618.843
18305,6714.3867
18306,7256.6025
18307,13037.046
18308,4652.041
18309,9506.124
18310,11566.759
18311,6535.806
18312,5029.3213
18313,3129.4502
18314,6938.096
18315,6179.9487
18316,5676.3745
18317,5502.377
18318,6280.0396
18319,10533.271
18320,5105.6045
18321,5119.3423
18322,6398.1157
18323,4743.6875
18324,6744.1426
18325,4552.3926
18326,4202.203
18327,5766.7866
18328,3603.8892
18329,6157.067
18330,8032.296
18331,6202.5723
18332,7292.4883
18333,8117.972
18334,7565.3936
18335,4918.8193
18336,7252.4785
18337,8590.232
18338,7000.048
18339,5491.576
18340,5676.2773
18341,4800.6416
18342,10330.466
18343,5361.5015
18344,6451.276
18345,5049.135
18346,6940.287
18347,8088.3633
18348,6869.1543
18349,5637.7773
18350,8006.649
18351,5647.767
18352,5626.6084
18353,16905.455
18354,5732.2207
18355,8162.398
18356,5799.4756
18357,5445.1074
18358,5194.349
18359,4565.4604
18360,3953.0984
18361,4352.3887
18362,7982.447
18363,13754.786
18364,9003.101
18365,9493.7295
18366,9469.051
18367,10188.224
18368,9812.544
18369,7366.2407
18370,6459.699
18371,5407.0093
18372,11686.809
18373,10270.528
18374,6336.9316
18375,8555.0
18376,7943.969
18377,5955.503
18378,4393.526
18379,10988.338
18380,5804.163
18381,6425.9307
18382,5925.144
18383,1910.0288
18384,12578.984
18385,10327.166
18386,15125.475
18387,5464.671
18388,4462.3594
18389,4893.1655
18390,5989.7754
18391,6513.5947
18392,6349.286
18393,6369.8555
18394,5595.716
18395,4332.4478
18396,6883.951
18397,3690.267
18398,2758.991
18399,5780.6045
18400,12787.416
18401,6235.928
18402,17017.947
18403,4807.387
18404,5478.5645
18405,6303.1196
18406,5219.9434
18407,4888.752
18408,4720.5493
18409,5187.1353
18410,3830.4424
18411,7779.355
18412,6141.389
18413,3525.6484
18414,8462.161
18415,4360.242
18416,5962.5283
18417,4703.878
18418,9688.117
18419,7012.531
18420,9880.085
18421,4989.3804
18422,6248.9204
18423,4113.079
18424,4282.517
18425,4419.574
18426,14725.649
18427,9408.446
18428,6042.321
18429,4594.6133
18430,4704.273
18431,5581.361
18432,4393.945
18433,9210.344
18434,4724.5405
18435,14279.216
18436,4466.43
18437,5175.151
18438,5510.0664
18439,9118.6
18440,6162.4136
18441,4241.201
18442,6104.508
18443,6100.195
18444,6910.14
18445,6089.086
18446,5786.7114
18447,3194.4336
18448,8972.831
18449,5333.7173
18450,3917.276
18451,5763.3887
18452,5773.8706
18453,5923.771
18454,6372.4263
18455,8476.726
18456,8185.967
18457,6236.2197
18458,6357.3096
18459,3994.7246
18460,7916.1807
18461,5657.9795
18462,4336.6323
18463,6869.194
18464,6795.5415
18465,6298.462
18466,7891.9053
18467,5596.4204
18468,6058.7686
18469,6096.92
18470,5835.076
18471,5527.0054
18472,7172.788
18473,6385.5747
18474,6035.069
18475,5022.643
18476,4918.7256
18477,8193.185
18478,5239.9277
18479,4089.0903
18480,10782.961
18481,5073.394
18482,2999.959
18483,6834.941
18484,8452.586
18485,9111.219
18486,5002.113
18487,5411.999
18488,6093.089
18489,3287.0066
18490,6069.8223
18491,7710.986
18492,5756.6143
18493,5367.934
18494,6639.968
18495,8003.8623
18496,2922.6648
18497,5448.76
18498,5394.445
18499,5141.7656
18500,4630.414
18501,6766.559
18502,6811.2646
18503,5321.8003
18504,4643.263
18505,7663.1235
18506,5549.631
18507,8072.356
18508,8409.107
18509,4087.62
18510,6246.763
18511,6291.419
18512,7390.6963
18513,7109.491
18514,8077.1694
18515,3176.1013
18516,8947.134
18517,6415.6973
18518,7353.829
18519,10342.957
18520,4450.3125
18521,3661.3179
18522,11687.521
18523,7987.161
18524,7526.456
18525,5413.997
18526,5553.2056
18527,8505.971
18528,3008.293
18529,5983.8477
18530,5412.159
18531,7357.5127
18532,6034.66
18533,4735.5903
18534,7457.6343
18535,4947.7593
18536,8432.358
18537,10388.098
18538,17197.193
18539,7068.6914
18540,4212.2925
18541,5112.603
18542,3622.4534
18543,3089.2874
18544,11607.472
18545,8042.162
18546,5064.0967
18547,8648.247
18548,4629.244
18549,11447.178
18550,4069.828
18551,5522.837
18552,5776.906
18553,8992.116
18554,4661.1333
18555,5786.783
18556,5034.3896
18557,4584.907
18558,7560.1855
18559,4754.0015
18560,6378.3247
18561,7296.6353
18562,9430.673
18563,6741.0493
18564,7027.1006
18565,5311.4194
18566,9587.865
18567,4337.774
18568,4885.7173
18569,10476.653
18570,6685.648
18571,8288.525
18572,9008.125
18573,15079.411
18574,5072.6636
18575,4384.3696
18576,4641.275
18577,6080.815
18578,8030.4346
18579,9115.739
18580,6074.2007
18581,7346.8184
18582,7621.6255
18583,3363.991
18584,7336.9795
18585,6437.433
18586,5731.0234
18587,6767.405
18588,5063.6523
18589,4746.661
18590,4403.4233
18591,4084.1045
18592,4520.8374
18593,7811.475
18594,6624.9624
18595,10469.74
18596,16433.014
18597,6405.773
18598,5046.8955
18599,6814.384
18600,8101.002
18601,9309.374
18602,3637.9917
18603,5811.952
18604,3813.8127
18605,9001.555
18606,5976.575
18607,5915.86
18608,12126.428
18609,12113.955
18610,4787.0654
18611,6663.595
18612,3673.3804
18613,5383.573
18614,5795.544
18615,8262.021
18616,4727.25
18617,3917.8064
18618,5300.149
18619,6332.1343
18620,5831.3315
18621,4511.941
18622,5469.1714
18623,6348.614
18624,6403.36
18625,6321.628
18626,3292.3228
18627,9849.206
18628,18717.361
18629,3901.6313
18630,6491.9854
18631,8306.348
18632,6059.67
18633,4329.4487
18634,3667.7466
18635,3655.4585
18636,7398.1016
18637,4237.687
18638,6661.6567
18639,9779.041
18640,4426.2275
18641,5341.5786
18642,5578.0874
18643,5122.644
18644,4337.9644
18645,5296.2827
18646,5766.3633
18647,9693.136
18648,7103.5195
18649,8499.548
18650,5211.908
18651,4074.6602
18652,6380.625
18653,6255.427
18654,7292.9756
18655,6430.02
18656,4546.139
18657,21964.674
18658,5984.2246
18659,5762.3276
18660,11247.655
18661,6797.7715
18662,6288.1494
18663,5823.1724
18664,7222.3813
18665,4377.859
18666,9305.309
18667,14701.177
18668,5005.2534
18669,5024.186
18670,5911.387
18671,12144.762
18672,5476.9185
18673,4714.2764
18674,6074.9946
18675,5212.0527
18676,6335.2637
18677,3851.896
18678,8180.2144
18679,3825.611
18680,7281.0625
18681,2425.1309
18682,18448.086
18683,8121.8755
18684,3846.7332
18685,4371.407
18686,8832.8955
18687,6096.2456
18688,5999.3066
18689,7420.377
18690,5529.8267
18691,5030.6694
18692,4007.113
18693,8998.078
18694,5267.8916
18695,5660.3115
18696,6784.9004
18697,7075.261
18698,5225.3384
18699,7648.5703
18700,5263.9033
18701,3602.851
18702,8097.58
18703,8905.994
18704,4408.404
18705,7136.919
18706,6003.4683
18707,4617.773
18708,8796.509
18709,5348.573
18710,7264.7744
18711,5699.1714
18712,7889.309
18713,3782.3105
18714,4756.855
18715,4305.081
18716,8046.558
18717,6662.705
18718,7880.57
18719,3433.6694
18720,7708.581
18721,3730.628
18722,6050.181
18723,5062.812
18724,5617.9155
18725,6100.707
18726,6826.1714
18727,5911.6973
18728,7964.8105
18729,3475.6445
18730,5632.795
18731,7531.1025
18732,6451.319
18733,5996.6064
18734,7250.8877
18735,9682.455
18736,6650.0835
18737,2761.428
18738,5820.118
18739,4928.5884
18740,6150.147
18741,6751.0806
18742,4460.7974
18743,11290.228
18744,5166.9233
18745,7276.2373
18746,10085.124
18747,5833.0063
18748,3617.0115
18749,0.0
18750,5105.5757
18751,9811.721
18752,5112.2617
18753,7333.705
18754,8744.694
18755,5601.0186
18756,5319.821
18757,6358.1343
18758,4883.234
18759,5450.662
18760,5518.1978
18761,9902.415
18762,6828.692
18763,5404.4673
18764,4476.343
18765,6088.3135
18766,6558.4995
18767,6388.17
18768,6757.7935
18769,5896.9365
18770,6580.544
18771,4217.471
18772,7017.1475
18773,7009.3345
18774,6427.6777
18775,5567.5093
18776,6519.5244
18777,6681.5874
18778,9428.793
18779,5254.9985
18780,6787.341
18781,4963.1455
18782,5226.9385
18783,6609.782
18784,6538.9487
18785,4503.9814
18786,4087.8696
18787,6716.6475
18788,7774.5337
18789,4821.656
18790,5419.5825
18791,7451.8535
18792,5839.163
18793,4892.115
18794,6031.708
18795,4530.166
18796,3392.5408
18797,7707.883
18798,4200.139
18799,7072.1445
18800,5809.7407
18801,5760.965
18802,6089.022
18803,10416.463
18804,8585.874
18805,6818.5254
18806,5143.708
18807,8238.532
18808,7739.9517
18809,3670.018
18810,3431.302
18811,7640.433
18812,2924.1904
18813,6878.858
18814,11735.676
18815,7210.343
18816,6702.1655
18817,3913.3018
18818,6875.67
18819,5897.3413
18820,6341.8896
18821,6582.3013
18822,7444.7847
18823,8228.2295
18824,5569.1772
18825,7257.897
18826,4602.1313
18827,6802.98
18828,4817.8857
18829,5402.452
18830,5177.3525
18831,5315.1143
18832,5648.117
18833,6708.779
18834,4513.512
18835,9012.019
18836,6571.3423
18837,4091.5366
18838,4337.803
18839,7609.103
18840,6889.436
18841,5010.857
18842,6017.52
18843,6452.8203
18844,4666.049
18845,6282.346
18846,5807.6685
18847,5734.2056
18848,4847.767
18849,4782.634
18850,7546.749
18851,6788.1304
18852,5473.0176
18853,3755.3645
18854,11200.158
18855,5621.0996
18856,4891.7607
18857,6452.1064
18858,10047.326
18859,7512.9224
18860,8355.804
18861,9302.842
18862,6767.456
18863,4977.534
18864,5182.16
18865,7299.9487
18866,8332.6045
18867,11573.622
18868,4453.9434
18869,6138.812
18870,3026.3499
18871,4340.8413
18872,8533.176
18873,14356.055
18874,5725.286
18875,4423.0913
18876,4471.239
18877,5883.475
18878,5227.557
18879,8661.645
18880,8164.648
18881,5310.9434
18882,3811.3215
18883,6779.777
18884,5500.252
18885,9838.521
18886,7886.0967
18887,4767.321
18888,6248.1396
18889,3744.0435
18890,6350.001
18891,7476.337
18892,6942.0083
18893,8095.5566
18894,6024.1704
18895,6689.01
18896,3886.0012
18897,5678.6655
18898,6977.2236
18899,7823.368
18900,7111.763
18901,7540.1655
18902,5290.915
18903,4535.4365
18904,9627.094
18905,4136.072
18906,11366.519
18907,5506.698
18908,4139.6797
18909,5945.332
18910,5881.1465
18911,5926.161
18912,7565.574
18913,8689.397
18914,4493.0605
18915,12698.392
18916,4333.4814
18917,4492.238
18918,6404.9297
18919,7246.304
18920,10134.619
18921,6886.697
18922,5837.342
18923,4949.1235
18924,6025.2163
18925,6501.9004
18926,4831.5083
18927,5871.797
18928,4968.46
18929,9567.257
18930,5898.956
18931,8090.9946
18932,11682.172
18933,7702.5254
18934,4228.811
18935,4696.44
18936,5620.6436
18937,10247.622
18938,5511.312
18939,8813.961
18940,4188.153
18941,9587.5
18942,6611.119
18943,4828.394
18944,4632.8706
18945,4466.72
18946,5121.4033
18947,5018.9077
18948,5303.5625
18949,4464.505
18950,4156.972
18951,4651.531
18952,8031.193
18953,6285.4326
18954,20415.37
18955,5725.128
18956,3695.8406
18957,4122.498
18958,5947.8447
18959,8098.3525
18960,4050.4473
18961,4138.27
18962,8899.15
18963,5671.0654
18964,6152.318
18965,5316.4883
18966,6579.2197
18967,6151.925
18968,3593.8474
18969,4975.683
18970,5471.0654
18971,7371.955
18972,5443.892
18973,5719.1567
18974,5816.433
18975,7941.0757
18976,4247.0107
18977,3929.2441
18978,4148.93
18979,8069.8154
18980,9547.358
18981,4934.671
18982,8055.4585
18983,3948.5984
18984,6426.0903
18985,3682.6958
18986,4608.818
18987,3615.559
18988,6743.3965
18989,7234.2603
18990,8884.732
18991,8642.821
18992,4890.5293
18993,4534.221
18994,3815.1628
18995,3887.1099
18996,4601.3105
18997,8649.69
18998,5311.328
18999,4484.1206
19000,3953.1362
19001,4039.62
19002,6416.0337
19003,3213.6133
19004,6233.074
19005,3219.4802
19006,5604.3584
19007,5164.0015
19008,4604.5947
19009,5837.882
19010,4137.5044
19011,6523.0264
19012,8073.588
19013,5674.3936
19014,4938.6826
19015,7465.9683
19016,4150.6006
19017,6133.4336
19018,5015.5625
19019,8637.58
19020,4375.2246
19021,5315.428
19022,6838.4883
19023,6374.566
19024,7698.045
19025,5247.105
19026,7534.242
19027,3616.1936
19028,4573.485
19029,5020.052
19030,5407.025
19031,7929.7075
19032,5867.525
19033,3027.1006
19034,4673.8535
19035,6086.235
19036,6320.476
19037,7764.463
19038,3245.3145
19039,11436.406
19040,6053.5405
19041,3769.991
19042,5713.7314
19043,5473.0854
19044,5798.7065
19045,7056.3574
19046,3875.6543
19047,4814.739
19048,5194.7256
19049,5980.9434
19050,6124.0103
19051,4779.6235
19052,5578.194
19053,4289.1323
19054,4472.1045
19055,7094.6763
19056,6250.572
19057,5668.735
19058,4456.7993
19059,9246.096
19060,4409.329
19061,8048.1626
19062,6522.435
19063,10574.169
19064,5599.1973
19065,4349.948
19066,5193.68
19067,5618.8105
19068,5216.852
19069,4216.4414
19070,6555.9727
19071,6256.769
19072,3176.9014
19073,6117.588
19074,5388.197
19075,5802.851
19076,3836.5603
19077,7186.5933
19078,7160.6816
19079,4469.554
19080,10770.37
19081,4317.8965
19082,3827.2646
19083,6626.877
19084,8019.4126
19085,4613.172
19086,4117.904
19087,5647.837
19088,5242.0723
19089,4474.076
19090,4843.6304
19091,4416.9653
19092,7945.121
19093,6680.886
19094,5816.4497
19095,6844.224
19096,4624.248
19097,4034.5098
19098,5146.815
19099,6295.783
19100,7015.742
19101,6757.897
19102,6372.7363
19103,8223.294
19104,4751.037
19105,6755.4673
19106,5789.7036
19107,4529.8027
19108,5318.887
19109,7474.8535
19110,5412.0195
19111,5588.547
19112,8677.189
19113,6767.327
19114,6103.6753
19115,4528.079
19116,6354.9995
19117,5839.3467
19118,6362.7754
19119,5706.4985
19120,3585.304
19121,4864.5586
19122,8265.931
19123,6604.3247
19124,4748.0737
19125,3568.5093
19126,7043.9844
19127,6175.8945
19128,7038.457
19129,5429.072
19130,5051.8516
19131,4401.7603
19132,3262.8132
19133,8258.775
19134,6015.2075
19135,5861.3496
19136,5314.364
19137,4308.1255
19138,5747.501
19139,5298.486
19140,5286.7886
19141,3314.8718
19142,5951.4937
19143,3741.473
19144,7146.817
19145,6817.004
19146,6088.1914
19147,9228.502
19148,4018.846
19149,4067.0063
19150,8805.012
19151,4442.5254
19152,5358.521
19153,2244.6174
19154,6586.7417
19155,6859.7915
19156,3908.288
19157,5290.4307
19158,5566.023
19159,5189.3228
19160,5116.5596
19161,6818.1094
19162,9408.32
19163,2265.269
19164,5657.9473
19165,2455.7307
19166,12369.796
19167,3915.3406
19168,7052.1187
19169,7541.6113
19170,4643.9985
19171,5581.5845
19172,4291.3296
19173,4902.9585
19174,2811.8384
19175,4043.0278
19176,5037.6084
19177,4647.3794
19178,5747.3857
19179,5993.959
19180,4189.827
19181,6136.213
19182,5463.0815
19183,6987.973
19184,7366.5356
19185,6575.236
19186,3637.9258
19187,2862.322
19188,8676.793
19189,8389.304
19190,4417.5215
19191,6767.4434
19192,4628.966
19193,6370.36
19194,3911.115
19195,4550.209
19196,5301.3066
19197,2799.6394
19198,5732.281
19199,3842.5742
19200,8230.427
19201,6031.363
19202,6331.24
19203,6605.503
19204,4514.8687
19205,6932.606
19206,16826.25
19207,8209.729
19208,4279.7036
19209,2378.3926
19210,5022.9976
19211,6981.877
19212,4671.5894
19213,5209.408
19214,12110.455
19215,5764.312
19216,9308.877
19217,17482.209
19218,3495.6985
19219,5480.2944
19220,4339.475
19221,3866.1829
19222,6542.1987
19223,4306.0547
19224,6814.5073
19225,8613.754
19226,7104.888
19227,5084.207
19228,6202.8384
19229,3907.0393
19230,5920.6924
19231,3399.3667
19232,5202.575
19233,6137.694
19234,7193.1357
19235,5051.3506
19236,4763.816
19237,4096.8403
19238,6468.485
19239,4325.7
19240,4438.5225
19241,3295.204
19242,7299.2314
19243,4224.336
19244,4926.4546
19245,6151.872
19246,6610.552
19247,5635.557
19248,5061.286
19249,5729.3945
19250,4889.96
19251,5967.125
19252,5923.9854
19253,7008.2314
19254,7433.1484
19255,6524.084
19256,4813.6274
19257,2777.9573
19258,5129.7734
19259,6105.172
19260,4763.316
19261,4115.516
19262,2217.0535
19263,7499.57
19264,5514.2095
19265,8006.9775
19266,5997.453
19267,4399.7373
19268,5499.3706
19269,4235.848
19270,3904.3643
19271,8129.944
19272,4290.953
19273,5766.3906
19274,6397.67
19275,12881.277
19276,4407.159
19277,4590.338
19278,6359.0073
19279,5275.208
19280,5046.616
19281,4147.122
19282,6649.227
19283,3790.882
19284,5835.093
19285,3229.043
19286,5050.363
19287,3453.7908
19288,8696.346
19289,4149.3735
19290,12552.127
19291,11453.381
19292,4053.4272
19293,5589.261
19294,4761.553
19295,5529.974
19296,4687.2026
19297,9987.487
19298,6152.435
19299,7612.66
19300,3920.7937
19301,6581.598
19302,4064.1172
19303,7781.893
19304,8245.718
19305,5352.9575
19306,5029.59
19307,5370.0747
19308,5984.647
19309,6499.891
19310,8024.0415
19311,5254.3774
19312,6642.3813
19313,8196.334
19314,5426.928
19315,5885.153
19316,4460.5674
19317,8106.467
19318,6268.746
19319,4912.6724
19320,4186.599
19321,5263.8184
19322,4045.555
19323,7314.4873
19324,4989.566
19325,5909.6504
19326,4889.708
19327,7405.5923
19328,3835.038
19329,6808.4326
19330,8031.6445
19331,7068.435
19332,7329.118
19333,6004.4077
19334,3430.847
19335,11373.99
19336,8767.494
19337,5840.1934
19338,14192.769
19339,8841.948
19340,5431.4956
19341,5547.0854
19342,7445.6157
19343,8636.838
19344,10183.9
19345,10100.94
19346,4747.082
19347,6328.125
19348,4564.3716
19349,6888.227
19350,3481.1494
19351,9332.755
19352,4986.045
19353,4165.101
19354,5090.423
19355,7835.286
19356,6680.332
19357,4458.3813
19358,6670.673
19359,4659.333
19360,3431.4624
19361,5602.707
19362,3282.9954
19363,3941.3657
19364,5164.8687
19365,5228.051
19366,7254.3257
19367,7497.646
19368,6312.752
19369,5277.2812
19370,4937.218
19371,9914.89
19372,6127.4575
19373,4301.5386
19374,4536.9814
19375,4126.2476
19376,7126.491
19377,4014.382
19378,9786.785
19379,6106.057
19380,2795.8171
19381,4177.3403
19382,6131.3745
19383,5316.1284
19384,4136.301
19385,7501.179
19386,8010.881
19387,10945.943
19388,5201.201
19389,8834.101
19390,2611.251
19391,4572.0234
19392,5472.4434
19393,4466.741
19394,5975.1216
19395,4708.3
19396,5302.7886
19397,3146.009
19398,4264.109
19399,9068.616
19400,7225.5923
19401,4011.251
19402,4897.013
19403,7308.483
19404,9395.829
19405,6371.7695
19406,4885.4517
19407,3791.0881
19408,9564.475
19409,5303.335
19410,6552.747
19411,5015.1987
19412,4138.5347
19413,5692.532
19414,7650.2993
19415,3049.8782
19416,3720.2153
19417,4464.126
19418,5365.738
19419,8533.127
19420,6171.5137
19421,6546.6245
19422,12091.85
19423,4284.07
19424,8795.133
19425,9715.841
19426,5639.294
19427,4449.247
19428,2727.2654
19429,6572.8467
19430,5297.6567
19431,5076.0854
19432,4893.0957
19433,5685.478
19434,10226.933
19435,4519.462
19436,4352.326
19437,5684.773
19438,5188.9067
19439,5866.126
19440,4272.9526
19441,3592.9595
19442,5321.2266
19443,3008.5112
19444,6387.6094
19445,7518.0977
19446,5553.02
19447,6991.453
19448,7085.0127
19449,7068.179
19450,4044.7947
19451,6320.253
19452,8256.846
19453,6296.035
19454,4782.05
19455,5087.6465
19456,4236.1675
19457,8898.93
19458,4726.7446
19459,5502.2935
19460,4542.403
19461,5970.228
19462,6662.4004
19463,5886.7363
19464,5294.636
19465,7075.7876
19466,5083.916
19467,5299.3604
19468,15520.027
19469,5309.4287
19470,7082.6816
19471,5044.9463
19472,5148.008
19473,4469.154
19474,3993.2043
19475,3553.2676
19476,4031.8245
19477,7069.3457
19478,12239.905
19479,8051.894
19480,8203.74
19481,9201.247
19482,9099.33
19483,8734.059
19484,6412.259
19485,5569.14
19486,4787.134
19487,9916.016
19488,9155.734
19489,5660.225
19490,7385.376
19491,7373.256
19492,5409.95
19493,3694.8357
19494,10005.918
19495,5312.0527
19496,5488.649
19497,5649.7393
19498,2009.9563
19499,11663.725
19500,8947.305
19501,13451.2
19502,4910.5264
19503,4060.5132
19504,4373.6597
19505,5229.851
19506,6108.9697
19507,5805.27
19508,5677.436
19509,4962.3877
19510,3821.085
19511,6403.616
19512,3042.7698
19513,2544.8232
19514,5335.493
19515,11920.41
19516,5719.4463
19517,16115.167
19518,4171.2163
19519,4828.4995
19520,5367.043
19521,4828.205
19522,4162.464
19523,4066.347
19524,4474.2637
19525,3300.143
19526,6674.963
19527,5444.51
19528,3388.5916
19529,7393.6997
19530,4426.5312
19531,5183.614
19532,4147.553
19533,8047.3486
19534,6183.062
19535,8744.878
19536,4392.8887
19537,5816.577
19538,3535.1926
19539,4078.6306
19540,3959.0005
19541,12801.84
19542,8384.88
19543,5289.8354
19544,4051.3284
19545,4076.2969
19546,4974.3022
19547,3809.148
19548,8371.982
19549,4118.3906
19550,12961.579
19551,4063.0938
19552,4719.6445
19553,5083.3096
19554,7830.363
19555,5419.2827
19556,3918.9426
19557,5549.742
19558,6116.211
19559,6109.5176
19560,5718.4585
19561,5096.452
19562,2978.7217
19563,8851.323
19564,4564.877
19565,3353.1775
19566,5284.0107
19567,4918.805
19568,5292.3286
19569,5851.7305
19570,7775.1123
19571,7106.61
19572,5748.883
19573,5763.4766
19574,3705.2268
19575,7167.3374
19576,4860.704
19577,3707.334
19578,6085.532
19579,5839.0684
19580,5476.49
19581,6994.635
19582,4924.678
19583,5429.517
19584,5249.2476
19585,5721.5903
19586,5095.0815
19587,6227.66
19588,5894.9453
19589,5515.0195
19590,5208.738
19591,4679.992
19592,7608.334
19593,5006.786
19594,3735.9058
19595,9465.402
19596,4440.3516
19597,2932.121
19598,6451.7495
19599,7639.7627
19600,8542.712
19601,4712.5005
19602,4714.8027
19603,5270.098
19604,2950.7874
19605,5524.37
19606,6281.861
19607,5245.8486
19608,4850.2324
19609,5799.968
19610,6579.5522
19611,2907.7068
19612,4587.8735
19613,4692.1235
19614,4848.7153
19615,4156.7856
19616,6119.969
19617,6264.532
19618,5107.5483
19619,3986.54
19620,7155.343
19621,4991.0415
19622,6792.321
19623,7583.4185
19624,3806.028
19625,5854.5664
19626,5911.979
19627,6822.4546
19628,6377.7954
19629,6881.0234
19630,2941.5083
19631,8341.805
19632,5487.78
19633,6278.0093
19634,8545.059
19635,4098.92
19636,3381.4229
19637,11167.763
19638,7355.7935
19639,6531.9546
19640,4877.8477
19641,5573.6997
19642,7303.9185
19643,2990.9802
19644,5517.324
19645,4632.84
19646,6035.5757
19647,5335.544
19648,4750.869
19649,7231.9834
19650,4299.8647
19651,7553.9795
19652,9074.776
19653,14868.226
19654,6865.696
19655,3895.8074
19656,4622.8325
19657,3331.207
19658,2644.8857
19659,9986.201
19660,6948.3545
19661,4484.48
19662,7847.4175
19663,4251.2383
19664,10312.864
19665,3524.4277
19666,4874.0386
19667,5293.8584
19668,7882.8555
19669,4240.7563
19670,5381.3247
19671,4608.2944
19672,3999.8416
19673,6855.926
19674,4219.2217
19675,5590.413
19676,6503.1777
19677,8247.833
19678,6235.399
19679,6208.0176
19680,4880.7563
19681,9242.78
19682,3970.1458
19683,4233.7393
19684,9116.087
19685,6077.875
19686,7513.7393
19687,7313.413
19688,14331.73
19689,4585.362
19690,3945.4773
19691,4123.7964
19692,5385.787
19693,7281.493
19694,8166.011
19695,5511.722
19696,6962.4453
19697,6298.498
19698,3097.169
19699,6738.613
19700,6178.2983
19701,5207.898
19702,6677.9365
19703,4419.781
19704,4128.236
19705,3859.318
19706,3411.4058
19707,3894.5886
19708,6763.733
19709,6120.629
19710,9359.141
19711,14556.147
19712,5775.9087
19713,4428.022
19714,5822.2334
19715,7059.4946
19716,7910.4595
19717,3120.6526
19718,5103.19
19719,3538.4553
19720,8037.415
19721,5107.2705
19722,5229.492
19723,10748.584
19724,11237.63
19725,4050.822
19726,5912.791
19727,3325.6504
19728,4731.382
19729,5006.6763
19730,7130.3735
19731,4072.9114
19732,3592.3975
19733,5226.2954
19734,6450.9434
19735,6099.9155
19736,4224.465
19737,4861.9053
19738,5641.737
19739,5755.0386
19740,5292.152
19741,3200.7905
19742,8793.984
19743,16514.006
19744,3807.012
19745,5753.458
19746,7157.773
19747,5567.106
19748,3516.361
19749,3215.7292
19750,3161.2139
19751,6527.937
19752,4163.5635
19753,6455.4243
19754,8271.412
19755,3631.6118
19756,4173.21
19757,4963.15
19758,4653.6167
19759,4060.552
19760,4445.149
19761,5212.326
19762,8381.266
19763,6752.214
19764,7672.5874
19765,4792.9917
19766,3669.2058
19767,5557.694
19768,5444.3125
19769,6764.52
19770,6073.1523
19771,4030.9167
19772,20428.965
19773,5311.3486
19774,5188.531
19775,10432.889
19776,6097.426
19777,5316.199
19778,5235.636
19779,6494.376
19780,4225.972
19781,7751.0254
19782,13154.351
19783,4567.961
19784,4609.13
19785,5593.0747
19786,10822.123
19787,4960.3765
19788,4329.395
19789,5139.775
19790,4366.2524
19791,5585.8823
19792,3680.3674
19793,7365.3203
19794,3290.1877
19795,6502.378
19796,2205.133
19797,17175.213
19798,7218.8066
19799,3196.2869
19800,3787.6902
19801,8340.158
19802,5472.4224
19803,5503.821
19804,6609.6123
19805,4817.987
19806,4402.273
19807,3818.8657
19808,8474.309
19809,4832.121
19810,5204.8438
19811,6013.4463
19812,6343.886
19813,4823.9653
19814,6623.0796
19815,5065.15
19816,3408.6018
19817,7422.8755
19818,8465.132
19819,3921.4595
19820,6035.7944
19821,5289.427
19822,4032.1128
19823,7865.154
19824,5063.86
19825,6671.5
19826,5206.6113
19827,6454.5625
19828,3366.8706
19829,3908.907
19830,3877.1628
19831,9120.6875
19832,5853.712
19833,7186.895
19834,3135.0737
19835,7103.1875
19836,3218.1384
19837,5204.447
19838,4271.7666
19839,4786.778
19840,5447.554
19841,6101.597
19842,5572.0093
19843,7046.484
19844,3297.44
19845,4719.505
19846,6269.422
19847,6151.813
19848,5651.388
19849,6241.528
19850,8498.948
19851,5894.0234
19852,2503.1152
19853,5765.5933
19854,4630.2554
19855,5760.778
19856,6059.7104
19857,4028.8372
19858,9799.357
19859,4560.8027
19860,6258.8345
19861,8849.271
19862,5944.9688
19863,3122.9517
19864,0.0
19865,4764.0977
19866,8334.878
19867,4724.1665
19868,6768.25
19869,8487.963
19870,5008.439
19871,4645.5005
19872,5602.6
19873,4517.729
19874,5061.3247
19875,5386.537
19876,8848.386
19877,5832.294
19878,4990.5845
19879,4010.394
19880,6128.2407
19881,5816.6274
19882,5411.194
19883,5808.987
19884,5222.045
19885,5543.9595
19886,3674.7124
19887,6525.0796
19888,6646.095
19889,5794.3667
19890,4943.8486
19891,5623.207
19892,6222.839
19893,8326.4795
19894,4275.207
19895,6339.017
19896,4702.8955
19897,4908.7373
19898,5821.639
19899,6232.408
19900,3990.12
19901,3810.958
19902,6554.2847
19903,7245.578
19904,4312.1543
19905,4848.669
19906,6713.554
19907,5462.284
19908,4881.599
19909,5077.737
19910,3788.6804
19911,2854.18
19912,7094.2905
19913,3705.5415
19914,6432.707
19915,5373.5176
19916,5331.0317
19917,5490.5913
19918,10393.787
19919,7546.785
19920,6295.4707
19921,4308.9927
19922,6918.3774
19923,6673.5747
19924,3436.3892
19925,3131.0059
19926,6942.9355
19927,2814.556
19928,5988.3184
19929,11386.092
19930,6523.387
19931,5753.0957
19932,3662.366
19933,6153.521
19934,5131.2266
19935,5523.8853
19936,5803.4707
19937,6733.415
19938,7080.8716
19939,4991.8125
19940,6654.017
19941,4088.548
19942,5870.4023
19943,4253.1973
19944,4868.904
19945,4658.6265
19946,4459.223
19947,4673.2427
19948,6444.191
19949,3640.2483
19950,8024.2173
19951,6217.582
19952,3343.056
19953,3964.155
19954,7338.659
19955,6577.594
19956,4756.5737
19957,5421.2163
19958,5749.102
19959,4000.3337
19960,5604.2837
19961,5303.9976
19962,5024.7085
19963,4324.277
19964,4504.149
19965,6301.9834
19966,5798.4966
19967,4654.0073
19968,3125.3777
19969,10677.877
19970,5002.6855
19971,4207.7227
19972,6162.0024
19973,9297.049
19974,6737.6035
19975,7163.3667
19976,8045.338
19977,5872.2563
19978,4369.2104
19979,4773.222
19980,6639.9614
19981,7933.785
19982,10938.951
19983,3835.3198
19984,5661.8936
19985,3064.946
19986,3592.8464
19987,8555.465
19988,12754.577
19989,5910.1973
19990,4292.8447
19991,3996.8247
19992,5305.222
19993,4609.4727
19994,7173.643
19995,7117.952
19996,5265.2695
19997,3383.0457
19998,6406.091
19999,5036.7627
20000,8306.078
20001,7182.9136
20002,4069.226
20003,5730.952
20004,3642.4402
20005,5410.141
20006,6959.6235
20007,5998.34
20008,7674.622
20009,5403.0654
20010,6159.652
20011,3601.9749
20012,5154.4053
20013,6337.0947
20014,7241.792
20015,6041.4043
20016,6504.555
20017,4904.1367
20018,3758.9595
20019,8285.695
20020,3886.4832
20021,9822.9
20022,4977.316
20023,3674.0708
20024,5708.1265
20025,5334.1094
20026,5496.4653
20027,6529.494
20028,7529.594
20029,3788.2937
20030,10972.744
20031,3408.2668
20032,3724.9595
20033,6048.0234
20034,6781.6655
20035,9253.233
20036,6560.821
20037,5666.2803
20038,4698.649
20039,5476.464
20040,5889.758
20041,4460.2017
20042,5284.686
20043,4393.5093
20044,8511.011
20045,5843.7817
20046,6893.8535
20047,10765.811
20048,7026.8857
20049,4162.301
20050,4367.523
20051,4795.7397
20052,9609.489
20053,4747.585
20054,7117.083
20055,3980.6084
20056,8369.938
20057,6228.8486
20058,4516.346
20059,4070.4102
20060,3865.6187
20061,4669.1523
20062,5021.01
20063,5042.0166
20064,4232.956
20065,3794.4746
20066,3965.8042
20067,6953.4727
20068,5675.027
20069,18797.328
20070,5129.5386
20071,3549.2463
20072,4765.9746
20073,5726.8975
20074,7730.759
20075,4160.5386
20076,4059.5566
20077,7476.3013
20078,5281.859
20079,5738.835
20080,4927.1826
20081,6911.4585
20082,6112.076
20083,3652.6245
20084,4610.357
20085,5379.4565
20086,6983.982
20087,4943.547
20088,5819.3076
20089,5430.5425
20090,7751.639
20091,3654.0186
20092,3778.113
20093,4169.8716
20094,7737.1763
20095,8692.323
20096,4893.0303
20097,7368.243
20098,3579.4294
20099,6038.8867
20100,2971.3013
20101,4520.5654
20102,3542.3933
20103,6367.268
20104,6803.0513
20105,8181.3926
20106,8382.033
20107,4875.889
20108,4110.8237
20109,3523.1536
20110,3481.9697
20111,4725.735
20112,8421.556
20113,5049.3467
20114,4433.952
20115,3988.5027
20116,3890.0217
20117,6616.8096
20118,3002.9453
20119,6155.951
20120,3142.191
20121,5536.82
20122,5165.558
20123,4410.2964
20124,5951.2666
20125,4214.8853
20126,6117.9966
20127,7787.358
20128,5486.4766
20129,4629.5176
20130,7411.4785
20131,4245.0303
20132,5401.2104
20133,5252.498
20134,8578.9
20135,4085.0747
20136,4963.8887
20137,6599.0293
20138,6524.806
20139,7257.994
20140,5089.0635
20141,7143.116
20142,3493.3584
20143,4109.8237
20144,4766.7295
20145,5132.9844
20146,7785.3604
20147,5531.0977
20148,2995.4575
20149,4346.0825
20150,5844.7686
20151,6160.774
20152,7405.225
20153,3068.9924
20154,11218.61
20155,5752.3438
20156,3565.0488
20157,5413.321
20158,5200.3975
20159,5582.1914
20160,6663.6333
20161,3576.163
20162,4619.024
20163,4943.787
20164,5603.7383
20165,5546.9214
20166,4486.444
20167,5393.7554
20168,4057.1526
20169,4318.321
20170,7024.105
20171,6154.178
20172,5156.156
20173,4114.48
20174,8789.825
20175,4228.3633
20176,7866.3394
20177,6149.0503
20178,10069.266
20179,5345.131
20180,4089.457
20181,5124.5845
20182,5474.093
20183,5037.8438
20184,4183.8604
20185,6411.03
20186,6091.055
20187,3026.012
20188,6055.3193
20189,5279.0586
20190,5437.1094
20191,3633.9268
20192,6936.3096
20193,7153.48
20194,3999.5784
20195,9835.444
20196,4034.5405
20197,3902.845
20198,6297.1284
20199,7629.1606
20200,4409.0723
20201,3929.4316
20202,5570.5
20203,4812.6543
20204,4233.4043
20205,4694.465
20206,4321.9717
20207,7836.273
20208,6196.647
20209,5620.4453
20210,6444.7383
20211,4256.221
20212,3909.9363
20213,4786.2524
20214,6353.9023
20215,6623.471
20216,6701.1685
20217,6366.5635
20218,7656.4165
20219,4666.97
20220,6843.4277
20221,5598.065
20222,4345.813
20223,5216.514
20224,7188.705
20225,5394.61
20226,5233.434
20227,7852.801
20228,6955.715
20229,5794.521
20230,4416.207
20231,5855.812
20232,5568.3804
20233,5872.671
20234,5590.637
20235,3501.4456
20236,4541.168
20237,7837.6704
20238,6484.6084
20239,4642.222
20240,3377.9536
20241,6362.587
20242,5998.0137
20243,6509.868
20244,5362.2383
20245,4729.4507
20246,4111.0547
20247,3115.0518
20248,7951.6714
20249,5437.903
20250,5783.671
20251,5225.4033
20252,4108.475
20253,5677.1704
20254,5023.4097
20255,5233.9785
20256,3174.9956
20257,4914.664
20258,3774.8997
20259,6994.4214
20260,6661.6377
20261,5823.589
20262,8924.42
20263,4308.0225
20264,4105.635
20265,8414.25
20266,4244.455
20267,5510.203
20268,1948.2632
20269,6526.0444
20270,6442.501
20271,3859.9807
20272,5090.355
20273,6115.6743
20274,4963.9077
20275,4851.2783
20276,6097.3037
20277,9311.603
20278,2214.1248
20279,5164.2134
20280,2363.7146
20281,11323.334
20282,4263.0635
20283,6860.8384
20284,7217.4575
20285,4639.7124
20286,5222.219
20287,4265.2925
20288,4492.3623
20289,2653.16
20290,3704.626
20291,4871.6123
20292,4324.7183
20293,5815.1406
20294,5879.7275
20295,3996.3215
20296,5646.356
20297,5161.938
20298,6740.991
20299,7188.89
20300,6547.7925
20301,3694.2366
20302,2862.4163
20303,8229.775
20304,8003.0454
20305,4271.5586
20306,6485.734
20307,4450.9746
20308,5779.7993
20309,3682.8118
20310,4493.4077
20311,5176.849
20312,2706.558
20313,5599.56
20314,3843.6558
20315,7876.55
20316,5799.5864
20317,6282.8853
20318,6406.506
20319,4353.377
20320,6822.24
20321,16098.208
20322,7977.5527
20323,3865.792
20324,2303.122
20325,4938.725
20326,6464.1924
20327,4305.184
20328,4992.6177
20329,12017.566
20330,5542.7114
20331,9031.086
20332,16651.854
20333,3420.8303
20334,5103.428
20335,4179.5044
20336,3540.7346
20337,6444.277
20338,4616.139
20339,6379.5234
20340,8129.401
20341,6480.608
20342,4862.689
20343,5760.7505
20344,3903.0535
20345,5838.2607
20346,3179.9426
20347,5063.391
20348,6144.6997
20349,7234.978
20350,4975.854
20351,4664.714
20352,3948.5383
20353,6300.198
20354,4099.741
20355,4309.8394
20356,3078.5488
20357,6916.108
20358,4111.051
20359,4781.224
20360,5560.4985
20361,6332.394
20362,5198.979
20363,4729.9424
20364,4953.1377
20365,4725.4375
20366,5633.2246
20367,5684.0195
20368,6993.9346
20369,6819.677
20370,5946.818
20371,4726.443
20372,2650.1318
20373,5070.293
20374,5670.016
20375,4610.207
20376,4063.524
20377,2009.5488
20378,6985.414
20379,5138.1475
20380,7992.892
20381,5631.8813
20382,4164.7275
20383,5145.72
20384,3966.576
20385,3778.9312
20386,7402.1177
20387,4191.246
20388,5899.7944
20389,6365.938
20390,11917.478
20391,4300.271
20392,3959.1743
20393,6266.331
20394,4450.614
20395,4665.043
20396,4044.0579
20397,6224.5483
20398,3612.3494
20399,5490.738
20400,3106.096
20401,4845.9688
20402,3225.7488
20403,8312.094
20404,4048.176
20405,12146.418
20406,10867.914
20407,4007.801
20408,5385.294
20409,4353.8047
20410,5337.351
20411,4356.1685
20412,9582.919
20413,6033.083
20414,7100.7217
20415,3674.9998
20416,6337.343
20417,3977.4656
20418,7555.6367
20419,7706.611
20420,5160.737
20421,4750.5703
20422,5238.7334
20423,5842.818
20424,6260.8584
20425,7556.4077
20426,5051.2207
20427,6238.3022
20428,8011.286
20429,5457.2017
20430,5594.7446
20431,4550.565
20432,7487.262
20433,5964.61
20434,4410.633
20435,4230.772
20436,4916.4316
20437,3994.4883
20438,7299.4473
20439,4811.704
20440,5717.264
20441,4942.9575
20442,7055.3076
20443,3695.7805
20444,6371.101
20445,7311.5786
20446,6345.0
20447,6330.1597
20448,5378.6665
20449,3288.9043
20450,11130.959
20451,8175.176
20452,5924.5166
20453,13849.274
20454,7454.1353
20455,5469.4375
20456,5249.7183
20457,6826.5425
20458,8038.8335
20459,9299.79
20460,9749.286
20461,4172.012
20462,5992.581
20463,4374.5527
20464,6573.116
20465,3211.8755
20466,8455.094
20467,4578.8057
20468,4109.7334
20469,5010.685
20470,7358.5513
20471,6421.317
20472,4318.201
20473,6323.443
20474,4503.8696
20475,3241.0017
20476,5530.987
20477,3146.5073
20478,3919.3015
20479,4563.562
20480,5211.65
20481,7281.729
20482,7287.4893
20483,6108.0786
20484,5136.643
20485,4827.597
20486,9031.034
20487,5684.421
20488,3990.5198
20489,4423.5474
20490,4085.1487
20491,7027.4824
20492,3928.6482
20493,9506.587
20494,5980.618
20495,2631.768
20496,3968.2336
20497,5935.5576
20498,5156.7017
20499,4222.4907
20500,7404.808
20501,7497.953
20502,10692.031
20503,4709.818
20504,8549.355
20505,2542.3467
20506,4329.4365
20507,5340.0654
20508,4300.6934
20509,5672.4453
20510,4542.7104
20511,5116.4814
20512,3042.4475
20513,4151.159
20514,8978.044
20515,6936.594
20516,3710.5466
20517,4615.254
20518,6998.8257
20519,8868.249
20520,6313.3184
20521,4585.2046
20522,3591.9795
20523,9459.734
20524,5377.025
20525,7083.709
20526,4551.624
20527,4049.0217
20528,5539.757
20529,7118.55
20530,2742.6296
20531,3860.2717
20532,3919.1108
20533,5103.044
20534,8253.098
20535,6156.1743
20536,6149.7246
20537,10909.976
20538,4224.4087
20539,8413.472
20540,9517.51
20541,5512.027
20542,4251.4775
20543,2463.2441
20544,6600.477
20545,4989.8228
20546,4924.1147
20547,4691.6577
20548,5480.9736
20549,8939.457
20550,4394.36
20551,4271.8076
20552,5577.2627
20553,3965.509
20554,5808.854
20555,4042.8967
20556,3355.8464
20557,5299.097
20558,2954.166
20559,5863.564
20560,7173.363
20561,5385.135
20562,6477.5303
20563,6780.4497
20564,6841.241
20565,4068.0461
20566,6189.045
20567,7457.0015
20568,6112.6943
20569,4583.9453
20570,5058.747
20571,4887.857
20572,8429.914
20573,4824.3745
20574,5298.061
20575,4267.824
20576,5916.8364
20577,6468.411
20578,5509.141
20579,5002.5327
20580,6899.7017
20581,4796.1655
20582,5252.1274
20583,14050.275
20584,4999.241
20585,7035.054
20586,4439.407
20587,4849.076
20588,4321.6587
20589,3893.1846
20590,3318.488
20591,3978.266
20592,7001.6567
20593,11737.31
20594,7403.947
20595,7876.858
20596,8382.138
20597,8688.444
20598,8282.978
20599,6221.438
20600,5366.198
20601,4496.8726
20602,9186.849
20603,8372.086
20604,5719.266
20605,6897.8853
20606,6203.584
20607,5147.9688
20608,3375.4314
20609,9478.728
20610,5290.673
20611,5166.1494
20612,5341.41
20613,2023.4963
20614,10735.204
20615,8508.3
20616,12601.451
20617,4807.5703
20618,3905.5488
20619,4209.176
20620,5158.3745
20621,5420.4873
20622,5712.5054
20623,5399.902
20624,4767.4478
20625,3747.102
20626,5659.0537
20627,3154.815
20628,2478.2102
20629,4937.053
20630,11373.198
20631,5466.4385
20632,15929.823
20633,3713.2236
20634,4589.423
20635,5289.7495
20636,4450.924
20637,3985.411
20638,3976.6536
20639,4291.518
20640,3133.2588
20641,6512.5264
20642,5361.179
20643,3293.4724
20644,7024.5806
20645,4176.655
20646,5088.423
20647,3772.3545
20648,7844.678
20649,6065.528
20650,8212.478
20651,4074.1277
20652,5385.551
20653,3508.8752
20654,3872.9932
20655,3905.2507
20656,12841.521
20657,8156.32
20658,5198.2153
20659,3928.266
20660,3879.242
20661,4774.9346
20662,3530.1108
20663,7702.2095
20664,3906.6553
20665,12497.464
20666,3836.7761
20667,4333.3696
20668,4758.8833
20669,7511.0806
20670,5501.018
20671,3842.7832
20672,5203.7515
20673,5661.2993
20674,6063.538
20675,5568.6567
20676,5003.2915
20677,2754.7803
20678,7917.8794
20679,4310.234
20680,3116.88
20681,5118.766
20682,4978.3228
20683,5020.6694
20684,5461.617
20685,7461.797
20686,6468.2812
20687,5569.8784
20688,5524.723
20689,3587.1238
20690,6999.527
20691,4697.999
20692,3758.945
20693,5567.387
20694,5678.454
20695,5110.2334
20696,7061.7236
20697,4723.139
20698,5330.1216
20699,5298.112
20700,5075.9062
20701,4688.835
20702,6110.287
20703,5951.3804
20704,5383.142
20705,4602.658
20706,4407.0415
20707,7308.706
20708,5075.8
20709,3553.532
20710,9174.222
20711,4112.275
20712,2841.2183
20713,5866.6465
20714,7542.3306
20715,8069.854
20716,4513.1377
20717,4495.324
20718,5166.8345
20719,2961.7288
20720,5344.7383
20721,5981.3657
20722,5154.4985
20723,4357.4316
20724,5390.371
20725,6446.81
20726,2772.4
20727,4354.357
20728,4553.1523
20729,4602.1445
20730,4009.5295
20731,5801.7993
20732,6338.473
20733,5088.564
20734,4005.4124
20735,6709.611
20736,4888.906
20737,6586.974
20738,7383.439
20739,3980.4146
20740,5626.061
20741,5684.4263
20742,6573.8877
20743,6178.976
20744,6839.03
20745,2699.4678
20746,8256.712
20747,5536.7354
20748,5827.634
20749,8465.575
20750,3967.7642
20751,3142.1729
20752,10789.268
20753,6974.21
20754,6310.669
20755,4521.5747
20756,4998.2354
20757,7094.615
20758,2712.163
20759,5183.8804
20760,4289.8154
20761,5921.2397
20762,4790.5186
20763,4425.8516
20764,6896.833
20765,3939.1895
20766,7255.606
20767,8763.247
20768,14279.91
20769,6189.9365
20770,3704.1277
20771,4361.5317
20772,3292.7249
20773,2482.2422
20774,9135.531
20775,6484.064
20776,4268.284
20777,6902.5977
20778,4151.1074
20779,9440.122
20780,3523.8057
20781,5025.111
20782,5015.2656
20783,7879.826
20784,4293.3276
20785,5461.1797
20786,4468.715
20787,3778.3328
20788,6288.533
20789,4015.899
20790,5957.3037
20791,6433.5786
20792,8047.6714
20793,5940.0605
20794,5693.2383
20795,4602.825
20796,8921.255
20797,3831.6045
20798,4110.2275
20799,8533.51
20800,6015.345
20801,7311.4883
20802,6529.899
20803,13808.639
20804,4054.545
20805,4023.967
20806,3927.8276
20807,4812.154
20808,6837.4053
20809,8042.883
20810,5398.1147
20811,6494.4873
20812,6071.467
20813,3050.9404
20814,6535.881
20815,6411.0845
20816,5047.367
20817,6154.513
20818,4104.8203
20819,3781.8667
20820,3984.8787
20821,3203.4849
20822,3761.987
20823,6393.43
20824,5588.408
20825,8832.888
20826,13879.859
20827,5524.1646
20828,4370.753
20829,5592.2314
20830,6733.9287
20831,7735.9883
20832,3038.0767
20833,5100.917
20834,3281.5144
20835,7346.195
20836,5187.491
20837,4928.2827
20838,10611.166
20839,11121.685
20840,3874.8447
20841,5775.6606
20842,3326.599
20843,4630.4937
20844,4769.1626
20845,7039.6187
20846,3897.283
20847,3505.7236
20848,4866.7866
20849,5887.539
20850,5103.8564
20851,3909.2947
20852,4660.493
20853,5431.6147
20854,5183.421
20855,4965.74
20856,2865.9355
20857,8568.277
20858,15885.386
20859,3654.646
20860,5619.4966
20861,6627.756
20862,5515.109
20863,3383.843
20864,3088.9778
20865,3098.363
20866,5974.113
20867,4055.152
20868,6113.0557
20869,7798.7305
20870,3564.0085
20871,4208.935
20872,4984.157
20873,4417.7783
20874,3910.0332
20875,4591.844
20876,5301.9033
20877,8072.8486
20878,6379.0854
20879,7466.887
20880,4669.7446
20881,3373.5579
20882,5230.5146
20883,5096.1265
20884,6396.3096
20885,5665.556
20886,3669.5315
20887,19658.656
20888,4914.814
20889,4953.2085
20890,10124.002
20891,5750.2207
20892,5365.272
20893,4957.548
20894,6374.9614
20895,4093.231
20896,7366.4585
20897,12604.624
20898,4249.434
20899,4221.3027
20900,5641.9897
20901,10239.855
20902,4796.6274
20903,4114.896
20904,5028.1987
20905,4002.601
20906,5298.2886
20907,3404.4746
20908,7220.6387
20909,3253.1194
20910,6282.8315
20911,2227.4045
20912,16515.408
20913,7182.098
20914,3328.891
20915,3818.3777
20916,7173.438
20917,5157.115
20918,5343.622
20919,6550.766
20920,4565.0947
20921,4368.4897
20922,3545.2974
20923,7927.4917
20924,4788.44
20925,4859.7305
20926,5783.9136
20927,6233.746
20928,4571.2476
20929,6469.9106
20930,4526.0796
20931,3257.8743
20932,6898.695
20933,7318.137
20934,3871.139
20935,5683.3145
20936,5182.6694
20937,4057.6519
20938,7441.4697
20939,4667.3755
20940,6363.9224
20941,5136.873
20942,6190.114
20943,3316.8423
20944,3817.6165
20945,3812.0706
20946,7320.3013
20947,6221.189
20948,6915.125
20949,2999.982
20950,6518.7407
20951,3112.0044
20952,5003.282
20953,3906.063
20954,4687.6143
20955,5202.8286
20956,5656.452
20957,5432.4854
20958,6869.5605
20959,3242.6099
20960,4634.714
20961,5879.6543
20962,5809.9067
20963,5817.637
20964,6380.43
20965,8055.1973
20966,5675.389
20967,2511.478
20968,5213.44
20969,4159.8203
20970,5352.0845
20971,5730.848
20972,3894.637
20973,9550.737
20974,4411.7437
20975,5643.3135
20976,8385.336
20977,5245.7236
20978,3125.7502
20979,0.0
20980,4470.825
20981,8275.508
20982,4651.2466
20983,6234.727
20984,7265.3013
20985,4941.317
20986,4263.055
20987,5187.437
20988,4431.9814
20989,4703.0884
20990,5245.178
20991,8211.139
20992,5664.8267
20993,4840.864
20994,3692.084
20995,5544.134
20996,5567.844
20997,4945.084
20998,5745.555
20999,4965.0156
21000,5197.903
21001,3372.5154
21002,6442.722
21003,6753.6826
21004,5395.464
21005,4789.2305
21006,5353.2183
21007,5785.3813
21008,7587.13
21009,4202.4355
21010,6138.0806
21011,4474.4346
21012,4589.966
21013,5858.0186
21014,5867.7656
21015,3920.5056
21016,3610.985
21017,7103.5737
21018,7085.202
21019,4198.0366
21020,4579.3867
21021,6080.96
21022,5354.5405
21023,4346.07
21024,5296.788
21025,3778.6392
21026,2575.953
21027,6885.573
21028,3574.3523
21029,6244.011
21030,5295.899
21031,5019.7983
21032,4801.4385
21033,8592.723
21034,7391.9653
21035,6538.8677
21036,4050.258
21037,6461.56
21038,6309.4053
21039,3336.2
21040,2744.5273
21041,6470.6016
21042,2734.6387
21043,5569.8945
21044,10748.933
21045,6181.953
21046,5476.098
21047,3485.632
21048,5944.334
21049,4899.4287
21050,5191.6494
21051,5626.5176
21052,6530.0483
21053,6978.5815
21054,4759.41
21055,6012.024
21056,3888.853
21057,5550.351
21058,4138.9727
21059,4652.7065
21060,4717.538
21061,4227.299
21062,4493.275
21063,5898.804
21064,3536.4272
21065,7842.8755
21066,5680.2256
21067,3371.547
21068,3776.5815
21069,7112.7266
21070,6396.346
21071,4487.5054
21072,5190.1294
21073,5007.9995
21074,4164.712
21075,5032.6035
21076,5059.1523
21077,5160.2
21078,4273.03
21079,4381.1924
21080,6732.3105
21081,5558.0327
21082,4677.9165
21083,2877.3884
21084,8980.828
21085,4857.525
21086,3799.0745
21087,5581.8877
21088,9090.031
21089,6516.043
21090,7059.461
21091,7597.4854
21092,5437.26
21093,4340.6304
21094,4593.7983
21095,6204.614
21096,7041.398
21097,10851.942
21098,3539.0833
21099,5167.2534
21100,2766.8538
21101,3477.5117
21102,7384.4673
21103,11934.038
21104,5106.189
21105,3666.1096
21106,3930.871
21107,5102.231
21108,4494.951
21109,7623.6685
21110,6510.3833
21111,5202.074
21112,3175.7075
21113,6116.7305
21114,4672.1816
21115,7638.2256
21116,7297.115
21117,3826.0017
21118,5677.2734
21119,3399.7266
21120,5588.344
21121,6689.7627
21122,5613.3413
21123,7421.8066
21124,5134.7617
21125,5973.213
21126,3439.646
21127,5032.004
21128,5630.2754
21129,6917.955
21130,5729.9136
21131,6319.9155
21132,4612.305
21133,3648.8564
21134,7568.6055
21135,3873.37
21136,8914.9
21137,4906.8413
21138,3685.1172
21139,6576.2583
21140,5275.434
21141,5065.6475
21142,6322.0557
21143,7108.223
21144,3798.48
21145,10146.486
21146,3182.4524
21147,3425.853
21148,5671.32
21149,6493.8677
21150,9009.226
21151,6185.309
21152,5000.5674
21153,4521.7173
21154,5038.848
21155,5907.8076
21156,4364.4907
21157,5164.494
21158,4050.4202
21159,7956.367
21160,5857.0186
21161,6651.219
21162,10331.6
21163,7217.574
21164,3980.7488
21165,4157.7295
21166,4435.3735
21167,9504.765
21168,4585.3574
21169,6924.735
21170,3615.066
21171,7885.4346
21172,5892.163
21173,4252.6943
21174,3919.8662
21175,3547.889
21176,4371.6157
21177,4790.6743
21178,4728.4224
21179,4025.0034
21180,3569.0881
21181,3642.2144
21182,6983.955
21183,5571.6533
21184,18640.244
21185,5066.783
21186,3374.5557
21187,3919.1108
21188,5674.794
21189,7728.2373
21190,3834.259
21191,3884.5188
21192,7502.8535
21193,5946.217
21194,5608.5728
21195,4763.057
21196,6349.129
21197,5869.0645
21198,3570.382
21199,4685.477
21200,5441.4834
21201,6617.4785
21202,4943.0894
21203,5550.3193
21204,5463.3105
21205,8520.546
21206,3712.8977
21207,3819.2156
21208,4265.972
21209,7512.564
21210,8795.913
21211,5258.1274
21212,7137.6475
21213,3872.2986
21214,5814.758
21215,3460.6343
21216,4573.476
21217,3413.4143
21218,6173.686
21219,6589.4375
21220,8174.7314
21221,8106.7993
21222,5285.876
21223,3952.4348
21224,3318.5862
21225,3685.894
21226,4666.6543
21227,7915.5767
21228,5039.6895
21229,4152.1255
21230,4228.666
21231,3850.0593
21232,6247.2397
21233,2964.6572
21234,5724.347
21235,3221.7937
21236,5734.2876
21237,5282.9824
21238,4347.7495
21239,5835.1265
21240,4130.7134
21241,6324.0645
21242,7698.515
21243,5322.0186
21244,4520.229
21245,7207.4688
21246,3754.6733
21247,5390.109
21248,5391.744
21249,8889.063
21250,4370.911
21251,5181.814
21252,6400.2944
21253,6088.9233
21254,7151.242
21255,4980.289
21256,7104.034
21257,3565.287
21258,4250.792
21259,4698.2593
21260,5311.8706
21261,7721.5547
21262,5829.5073
21263,2871.4802
21264,4210.3804
21265,6215.0386
21266,5675.5464
21267,7617.1777
21268,2995.8835
21269,10555.819
21270,5667.8857
21271,3511.0183
21272,5247.08
21273,5291.4604
21274,5167.8647
21275,6343.4023
21276,3553.0642
21277,4665.6973
21278,4985.037
21279,5680.8325
21280,5583.086
21281,4399.0615
21282,5808.743
21283,4272.0967
21284,4076.5146
21285,6953.3604
21286,6079.551
21287,5028.506
21288,3996.7712
21289,8607.964
21290,4035.8032
21291,7403.3325
21292,6062.1157
21293,9935.413
21294,5317.8574
21295,3968.7107
21296,5266.922
21297,5352.835
21298,4805.205
21299,3831.787
21300,6263.4033
21301,6058.7456
21302,3081.74
21303,5949.9443
21304,4779.7285
21305,5426.4365
21306,3632.0415
21307,6387.286
21308,6797.6353
21309,3712.384
21310,10154.687
21311,4023.9016
21312,3689.317
21313,6107.3037
21314,7475.1675
21315,4248.595
21316,3964.7148
21317,5558.2607
21318,4922.8516
21319,4120.894
21320,4704.2456
21321,3950.8364
21322,7444.721
21323,6912.5728
21324,5320.2373
21325,6287.4116
21326,4220.236
21327,3720.5916
21328,4798.5815
21329,6831.0693
21330,6317.6855
21331,6602.1455
21332,5906.9004
21333,7657.527
21334,4494.0293
21335,7035.1143
21336,5531.8047
21337,4034.7676
21338,5249.7383
21339,7546.087
21340,5271.737
21341,6050.464
21342,7713.1924
21343,6530.3037
21344,5796.5996
21345,4608.4663
21346,5584.183
21347,5657.607
21348,5958.412
21349,5218.923
21350,3194.2842
21351,4457.352
21352,7726.166
21353,6077.093
21354,4599.1606
21355,3297.9685
21356,6472.4907
21357,5679.326
21358,6557.455
21359,5070.859
21360,4656.9736
21361,4168.543
21362,3013.492
21363,8286.17
21364,5469.6304
21365,5827.1113
21366,5225.2188
21367,4118.638
21368,5055.6646
21369,4903.211
21370,5602.4663
21371,3133.5608
21372,5117.8237
21373,3604.3843
21374,6811.0376
21375,6280.201
21376,5572.1743
21377,8962.49
21378,3728.2478
21379,3934.8967
21380,7897.952
21381,4163.103
21382,5027.4365
21383,2049.174
21384,6805.011
21385,6132.9014
21386,4382.722
21387,5092.9194
21388,5141.03
21389,4777.9233
21390,4827.721
21391,6795.8203
21392,8755.469
21393,2166.8503
21394,5534.4067
21395,2277.4253
21396,11453.337
21397,3734.9507
21398,6441.186
21399,6753.747
21400,4545.9097
21401,5064.715
21402,4181.231
21403,4850.5146
21404,2629.3474
21405,3692.2637
21406,5030.046
21407,4359.577
21408,5367.6367
21409,5716.55
21410,4394.5317
21411,5422.018
21412,4865.575
21413,6590.3867
21414,7418.2256
21415,6455.357
21416,3561.4119
21417,2993.5322
21418,7902.1943
21419,7783.036
21420,4301.473
21421,6196.8657
21422,4292.701
21423,5859.3486
21424,3911.8164
21425,4147.676
21426,4911.2246
21427,2911.104
21428,5404.581
21429,3633.788
21430,7632.2246
21431,5912.278
21432,6488.884
21433,6380.9473
21434,4524.3486
21435,6552.9717
21436,15561.869
21437,7868.973
21438,3700.4548
21439,2160.1943
21440,4831.075
21441,6323.027
21442,4395.387
21443,5039.9634
21444,12206.727
21445,5586.0796
21446,9231.838
21447,16787.986
21448,3275.1375
21449,5214.156
21450,4160.824
21451,3885.7195
21452,7982.348
21453,3987.9055
21454,6242.1533
21455,8101.8906
21456,6508.0366
21457,5012.9795
21458,5664.951
21459,3959.2122
21460,5289.8354
21461,3215.5913
21462,4712.7256
21463,6082.3467
21464,7084.9385
21465,5032.695
21466,4902.8037
21467,3999.0747
21468,5960.208
21469,3847.9333
21470,4093.2622
21471,3198.373
21472,6761.3335
21473,4430.705
21474,4755.9067
21475,5225.792
21476,6364.5903
21477,5249.8486
21478,4820.6074
21479,5117.3403
21480,4120.603
21481,5665.502
21482,5390.4126
21483,7110.217
21484,6138.285
21485,6100.1426
21486,4647.765
21487,2523.1477
21488,4857.001
21489,5828.5566
21490,4575.335
21491,4074.0693
21492,2281.811
21493,6855.932
21494,5388.284
21495,7551.703
21496,5388.0015
21497,4378.2095
21498,5620.526
21499,4191.6143
21500,3888.6006
21501,7651.6787
21502,4097.3877
21503,6333.6323
21504,6298.2876
21505,12201.617
21506,4722.405
21507,4664.941
21508,6198.4263
21509,4691.8906
21510,6333.2275
21511,4328.577
21512,6288.2573
21513,3624.541
21514,5573.3647
21515,3101.042
21516,4783.929
21517,3213.1902
21518,8430.63
21519,4036.8196
21520,11782.285
21521,10596.794
21522,4081.9585
21523,5265.5103
21524,4121.3975
21525,5320.2627
21526,4189.4233
21527,9450.951
21528,6156.562
21529,7409.054
21530,3614.7693
21531,6120.133
21532,4090.8655
21533,7507.2773
21534,7395.2446
21535,5368.5737
21536,4693.0454
21537,5451.437
21538,5999.221
21539,6032.1743
21540,8201.12
21541,4773.1357
21542,6439.8716
21543,7662.714
21544,5557.259
21545,5575.1406
21546,4778.384
21547,7395.971
21548,6011.181
21549,4441.6226
21550,3907.7102
21551,5173.265
21552,4063.1055
21553,6892.6567
21554,4935.1743
21555,6202.8267
21556,4736.051
21557,6892.3545
21558,3690.4573
21559,6287.0576
21560,7505.0293
21561,6321.7905
21562,6879.567
21563,5554.556
21564,3404.387
21565,10627.938
21566,8038.91
21567,6504.5054
21568,14330.965
21569,8483.625
21570,5233.2344
21571,5064.5024
21572,6788.5386
21573,8043.6963
21574,9278.677
21575,9031.8955
21576,4328.561
21577,5877.232
21578,4374.9785
21579,6699.679
21580,3356.4868
21581,9495.313
21582,4431.897
21583,3895.4282
21584,4784.326
21585,7201.4214
21586,6372.7056
21587,4223.139
21588,5988.981
21589,4263.3276
21590,3310.138
21591,5603.049
21592,3255.4602
21593,3605.5432
21594,4713.863
21595,4781.954
21596,7440.121
21597,7057.946
21598,6172.2905
21599,5419.4844
21600,4917.6514
21601,9513.988
21602,5625.7285
21603,3900.474
21604,4238.322
21605,3842.8271
21606,6893.0713
21607,3815.8289
21608,9641.189
21609,5762.08
21610,2754.5122
21611,3655.2354
21612,5866.456
21613,5090.326
21614,4098.6855
21615,7305.8555
21616,8055.2583
21617,10435.6455
21618,4890.5103
21619,8816.769
21620,2419.177
21621,4293.381
21622,5315.266
21623,4213.8
21624,5419.4014
21625,4209.172
21626,5170.6113
21627,3132.0725
21628,4363.729
21629,8686.671
21630,6787.6577
21631,3715.711
21632,4327.3594
21633,6707.0386
21634,8631.502
21635,7529.788
21636,4401.311
21637,3767.9668
21638,7661.837
21639,5016.835
21640,6098.8857
21641,4542.9707
21642,4129.4214
21643,5475.712
21644,7481.9297
21645,3152.4082
21646,3383.2686
21647,4229.9287
21648,4978.949
21649,7933.1494
21650,5805.4863
21651,5997.07
21652,11053.413
21653,4073.9917
21654,8072.0327
21655,8933.439
21656,5584.625
21657,4265.728
21658,2643.8147
21659,6323.063
21660,4586.9893
21661,4947.08
21662,5065.628
21663,5406.8755
21664,9104.14
21665,4275.3823
21666,4393.7524
21667,5526.8735
21668,4775.7637
21669,5997.39
21670,3877.0261
21671,3628.6787
21672,5464.0093
21673,2783.5547
21674,6340.7227
21675,7022.156
21676,5081.6714
21677,6339.8335
21678,6751.4863
21679,6738.0215
21680,4156.1035
21681,5975.384
21682,7308.3716
21683,5783.93
21684,4327.376
21685,4697.5107
21686,3997.2976
21687,8163.628
21688,5485.7646
21689,5417.67
21690,4056.7036
21691,5548.4033
21692,6501.621
21693,5527.348
21694,4778.4336
21695,6439.4907
21696,4652.183
21697,5409.439
21698,14420.7295
21699,4960.9585
21700,7058.774
21701,4717.988
21702,4958.319
21703,4233.9375
21704,3872.7642
21705,3230.756
21706,4237.3027
21707,7210.4736
21708,10975.916
21709,7558.715
21710,7812.1904
21711,8585.088
21712,8435.624
21713,8203.248
21714,6721.1914
21715,5290.6377
21716,4481.2856
21717,8747.689
21718,8463.251
21719,5517.677
21720,6819.4424
21721,6276.0093
21722,4849.446
21723,3344.8008
21724,9129.704
21725,4782.857
21726,5033.151
21727,5228.23
21728,2030.0887
21729,10661.768
21730,8633.058
21731,12760.405
21732,4944.0464
21733,3786.1226
21734,4154.1772
21735,4844.8643
21736,5523.3687
21737,5628.8955
21738,5556.8613
21739,4616.456
21740,3652.2415
21741,5848.109
21742,2850.517
21743,2539.0586
21744,5292.3286
21745,10926.501
21746,5569.7725
21747,15417.067
21748,3662.303
21749,4647.056
21750,4848.1465
21751,4538.1846
21752,4086.9456
21753,3950.6746
21754,4155.604
21755,3059.778
21756,6557.899
21757,5460.664
21758,2931.3757
21759,6755.506
21760,4182.775
21761,5068.1606
21762,3771.6133
21763,7614.7007
21764,5823.7163
21765,8283.862
21766,4078.117
21767,5503.611
21768,3531.539
21769,3832.5293
21770,3848.2747
21771,11820.307
21772,7983.0483
21773,5494.0176
21774,3948.5835
21775,3995.6772
21776,4534.818
21777,4304.1777
21778,9597.316
21779,3835.876
21780,11929.315
21781,3717.1467
21782,4089.2815
21783,4718.159
21784,7307.7305
21785,5640.698
21786,3646.612
21787,5132.9893
21788,5551.945
21789,6074.589
21790,5437.924
21791,4783.3228
21792,2926.3687
21793,8266.144
21794,4158.174
21795,3158.6487
21796,4726.3164
21797,5203.7866
21798,4921.41
21799,5346.0435
21800,7134.85
21801,6861.048
21802,5527.796
21803,5568.9487
21804,3518.9048
21805,6705.3306
21806,4421.944
21807,3841.0095
21808,5862.2944
21809,5871.8867
21810,5049.0767
21811,7501.294
21812,4648.59
21813,5091.613
21814,5279.7837
21815,5500.21
21816,4670.6577
21817,5970.2163
21818,5885.9
21819,5514.3354
21820,5035.643
21821,4248.8423
21822,7575.2715
21823,5001.1685
21824,3540.2078
21825,8894.882
21826,4465.3525
21827,2746.4788
21828,5928.66
21829,7485.5913
21830,7799.5337
21831,4363.288
21832,4675.468
21833,5174.2275
21834,3001.8655
21835,4997.5347
21836,5491.2305
21837,5492.8647
21838,4480.2983
21839,5480.42
21840,6440.67
21841,2673.2537
21842,4278.773
21843,4761.767
21844,4448.9414
21845,4091.728
21846,5498.1904
21847,5807.6353
21848,4936.6055
21849,3878.0764
21850,6555.1597
21851,4829.891
21852,6688.729
21853,7063.1787
21854,4031.7551
21855,5275.8467
21856,5448.2764
21857,6463.705
21858,6225.8843
21859,6294.6
21860,4189.891
21861,8271.097
21862,5364.1665
21863,6124.051
21864,7942.098
21865,3694.811
21866,3043.5623
21867,10769.765
21868,6994.208
21869,6198.178
21870,4614.739
21871,5515.393
21872,6844.6094
21873,3033.3127
21874,5528.756
21875,4260.673
21876,6315.547
21877,4875.0244
21878,4571.7534
21879,6629.634
21880,4293.684
21881,7258.6587
21882,8642.994
21883,13939.997
21884,5996.16
21885,3706.7717
21886,4248.279
21887,3307.25
21888,2504.4421
21889,9025.273
21890,6528.0244
21891,4262.104
21892,6825.1235
21893,4561.3687
21894,9591.231
21895,3620.7087
21896,5169.063
21897,4949.048
21898,7366.058
21899,3986.5552
21900,5066.1934
21901,4216.2886
21902,3740.834
21903,6165.2593
21904,4084.4084
21905,5714.015
21906,6404.5815
21907,7752.6006
21908,6002.6553
21909,6004.505
21910,4955.69
21911,9007.996
21912,3724.0676
21913,4313.8413
21914,8221.294
21915,5729.7554
21916,7116.2144
21917,6269.6553
21918,14238.079
21919,4094.789
21920,3857.7021
21921,4143.002
21922,4782.693
21923,6882.7173
21924,7884.8857
21925,5163.258
21926,6641.545
21927,5995.8745
21928,3116.1248
21929,6198.8877
21930,6009.461
21931,5138.52
21932,6779.8545
21933,4480.747
21934,3789.754
21935,3882.911
21936,3150.373
21937,3695.8474
21938,6532.964
21939,6380.868
21940,9045.922
21941,13236.19
21942,5200.169
21943,4270.2227
21944,5242.8975
21945,6680.848
21946,7652.5034
21947,3109.5027
21948,5183.836
21949,3534.5823
21950,7432.128
21951,5111.3496
21952,4910.7983
21953,10581.442
21954,10856.384
21955,3901.583
21956,5792.9077
21957,3268.4988
21958,4402.592
21959,4576.832
21960,7216.7964
21961,3806.6306
21962,3459.8157
21963,4598.2524
21964,6086.8794
21965,6058.289
21966,3815.1372
21967,4850.556
21968,6017.124
21969,5050.117
21970,5235.0317
21971,2971.511
21972,8342.211
21973,15627.773
21974,3569.9292
21975,5547.784
21976,6608.4966
21977,5565.9907
21978,3417.223
21979,3191.4485
21980,3058.1204
21981,6198.8047
21982,3820.5127
21983,6191.466
21984,7621.262
21985,3706.5737
21986,4340.92
21987,5056.2725
21988,4389.651
21989,3818.305
21990,4582.258
21991,5032.21
21992,7605.004
21993,6637.0107
21994,7146.197
21995,4665.8887
21996,3457.351
21997,5266.8364
21998,4973.0684
21999,7244.0234
22000,5608.9526
22001,3751.5261
22002,19561.385
22003,5043.387
22004,4964.3955
22005,9725.659
22006,5928.1343
22007,5176.2666
22008,5015.749
22009,6076.9883
22010,3900.3103
22011,7331.3833
22012,12435.778
22013,4251.3804
22014,4267.8364
22015,5225.174
22016,10189.866
22017,4707.2085
22018,4003.365
22019,5036.354
22020,3887.1692
22021,5186.2495
22022,3482.033
22023,6988.0664
22024,3120.733
22025,6117.4014
22026,2225.8696
22027,16152.404
22028,6915.5205
22029,3138.5598
22030,3845.959
22031,7415.4736
22032,4993.2983
22033,5085.6426
22034,6235.215
22035,4561.6816
22036,4114.4365
22037,3666.7427
22038,7678.964
22039,4594.32
22040,4683.127
22041,5735.6333
22042,5937.143
22043,4226.6255
22044,6202.939
22045,4573.345
22046,2997.4128
22047,7000.9824
22048,7459.932
22049,3692.2673
22050,6033.411
22051,5436.6426
22052,4086.0256
22053,7264.6357
22054,4700.42
22055,6288.797
22056,5230.7793
22057,6377.692
22058,3173.53
22059,3982.4998
22060,3781.084
22061,8713.897
22062,5365.052
22063,6752.317
22064,3214.6865
22065,6344.08
22066,2947.3003
22067,4822.3413
22068,3845.3977
22069,4606.119
22070,5005.387
22071,5475.6177
22072,5474.422
22073,6862.069
22074,3526.4084
22075,4648.621
22076,5715.661
22077,6143.733
22078,5381.109
22079,5782.4243
22080,7698.265
22081,5789.6816
22082,2418.0452
22083,5686.7095
22084,4160.7964
22085,5124.6675
22086,5821.928
22087,3553.6506
22088,9311.025
22089,4381.3975
22090,5796.5557
22091,8213.073
22092,5519.1978
22093,3090.0684
22094,0.0
22095,4696.704
22096,8021.1187
22097,4423.581
22098,6162.431
22099,8180.5264
22100,4931.217
22101,3859.8225
22102,5165.1987
22103,4421.1006
22104,4622.0605
22105,4898.1436
22106,8240.096
22107,5605.027
22108,4599.13
22109,3840.5808
22110,5451.635
22111,5487.4707
22112,5011.287
22113,5604.84
22114,4956.4604
22115,5119.938
22116,4016.0598
22117,6531.456
22118,6450.5435
22119,5332.227
22120,5155.192
22121,5102.367
22122,5614.9155
22123,7711.383
22124,4168.054
22125,5995.7715
22126,4270.491
22127,4961.2803
22128,5837.158
22129,5709.76
22130,3832.7559
22131,3593.3606
22132,6018.094
22133,7159.0225
22134,4112.926
22135,4405.5366
22136,6309.279
22137,5048.3784
22138,4762.3755
22139,4668.1147
22140,3952.2463
22141,2878.779
22142,6512.4824
22143,3558.2502
22144,6006.355
22145,5113.8027
22146,4942.995
22147,4901.6396
22148,9371.012
22149,7145.6787
22150,5855.8286
22151,3966.943
22152,7520.041
22153,6209.723
22154,3274.419
22155,2845.0007
22156,6901.788
22157,2811.0781
22158,5636.1914
22159,9936.854
22160,6772.6284
22161,5374.6816
22162,3459.205
22163,5682.133
22164,5258.4536
22165,4951.192
22166,5843.3135
22167,6610.3184
22168,6869.895
22169,4605.3945
22170,6253.452
22171,3749.3438
22172,5501.994
22173,4175.1094
22174,4452.741
22175,5092.181
22176,4289.353
22177,4259.015
22178,6178.8525
22179,3607.1602
22180,7790.307
22181,5885.473
22182,3404.15
22183,3554.6575
22184,7485.113
22185,5875.6064
22186,4732.9165
22187,5088.457
22188,4968.062
22189,3977.401
22190,5110.9062
22191,4961.498
22192,5058.1685
22193,4131.273
22194,4135.701
22195,6576.346
22196,5459.638
22197,4939.6675
22198,2909.298
22199,9068.693
22200,5100.8345
22201,3826.3337
22202,5774.1016
22203,8573.534
22204,6526.8228
22205,6245.619
22206,7428.5273
22207,5361.491
22208,4326.237
22209,4531.51
22210,6002.415
22211,6757.581
22212,10249.353
22213,3525.3625
22214,5297.581
22215,3132.652
22216,3435.9893
22217,7643.9756
22218,12122.993
22219,5412.7373
22220,4134.971
22221,4215.1465
22222,5364.924
22223,4676.489
22224,6894.136
22225,6753.193
22226,4906.5605
22227,3351.6265
22228,5911.1616
22229,4735.3735
22230,8492.149
22231,7395.7524
22232,3688.2788
22233,5664.708
22234,3476.666
22235,5762.9487
22236,6514.2036
22237,5693.743
22238,7044.6294
22239,5058.6313
22240,6009.6504
22241,3261.5437
22242,5369.8184
22243,5330.1064
22244,6933.578
22245,5806.516
22246,6587.1377
22247,4810.814
22248,3582.128
22249,7469.836
22250,3797.0454
22251,8762.219
22252,5079.4033
22253,3376.4524
22254,4945.4756
22255,5158.4927
22256,5197.9624
22257,6036.537
22258,6975.2476
22259,4002.624
22260,9942.504
22261,3270.4856
22262,3562.516
22263,5383.578
22264,6414.1553
22265,8563.784
22266,6136.7866
22267,5485.634
22268,4280.471
22269,5150.734
22270,5802.054
22271,4397.849
22272,5263.517
22273,4169.3784
22274,7806.314
22275,5380.175
22276,6552.522
22277,9809.251
22278,7249.4497
22279,3684.8184
22280,3884.1074
22281,4331.1753
22282,9553.88
22283,4413.958
22284,6933.6836
22285,3599.6836
22286,8126.7573
22287,5659.523
22288,4103.1685
22289,4118.548
22290,3565.1375
22291,4417.1846
22292,4498.9536
22293,4770.9326
22294,3815.443
22295,3859.263
22296,3644.5603
22297,7038.4907
22298,6034.5625
22299,18213.352
22300,5083.7026
22301,3655.162
22302,3860.478
22303,6069.5674
22304,8106.9927
22305,4219.3945
22306,4222.5874
22307,8457.069
22308,5239.413
22309,6404.985
22310,5135.7266
22311,6342.3677
22312,6054.153
22313,4039.7666
22314,5121.3936
22315,6021.0625
22316,6998.6323
22317,5011.225
22318,6709.15
22319,6063.2896
22320,7017.71
22321,4609.5786
22322,4322.9204
22323,4748.8213
22324,8744.494
22325,9185.92
22326,5647.7026
22327,8046.5815
22328,3967.1511
22329,6580.1987
22330,3161.4973
22331,5280.4336
22332,3575.1296
22333,7000.141
22334,6923.744
22335,9122.045
22336,8500.886
22337,5699.7153
22338,4761.0312
22339,3664.2356
22340,3950.2637
22341,5196.5444
22342,8711.579
22343,5595.983
22344,4568.841
22345,4581.423
22346,4448.7886
22347,6209.297
22348,3238.9
22349,6627.2627
22350,3635.7852
22351,6638.771
22352,5781.586
22353,4846.4126
22354,6958.19
22355,4457.5054
22356,7126.4097
22357,7869.2886
22358,5703.484
22359,4980.3936
22360,7155.568
22361,4189.296
22362,5917.711
22363,6134.574
22364,9784.797
22365,4722.076
22366,5630.157
22367,6447.4497
22368,6553.622
22369,7747.2637
22370,5419.686
22371,7809.129
22372,3656.899
22373,4147.1455
22374,5000.157
22375,6073.413
22376,8244.546
22377,6540.926
22378,3297.355
22379,4594.881
22380,6935.4434
22381,6652.6846
22382,8105.5312
22383,3563.9302
22384,11082.21
22385,6031.9326
22386,3969.676
22387,4986.359
22388,5381.104
22389,5589.336
22390,7277.452
22391,3589.6433
22392,5318.071
22393,6074.618
22394,6150.2466
22395,5758.58
22396,4167.537
22397,6038.2417
22398,4823.0405
22399,4525.234
22400,7617.2505
22401,6656.182
22402,5605.0537
22403,4423.0913
22404,8973.122
22405,4597.6953
22406,7995.2173
22407,6682.7407
22408,10989.921
22409,5723.872
22410,3977.5642
22411,5908.512
22412,5738.1396
22413,5622.258
22414,4462.355
22415,7216.514
22416,6343.747
22417,3489.1853
22418,6793.28
22419,5048.157
22420,5941.035
22421,4151.939
22422,7170.6743
22423,6816.965
22424,5222.5083
22425,10226.728
22426,4523.1577
22427,4302.306
22428,6633.3213
22429,8074.974
22430,4320.4346
22431,4222.366
22432,5947.5156
22433,5156.7705
22434,4360.671
22435,5421.3975
22436,4453.221
22437,8621.817
22438,6469.207
22439,6074.792
22440,6322.532
22441,4440.2036
22442,4428.643
22443,5222.1846
22444,7287.0166
22445,6395.0347
22446,7320.699
22447,7110.705
22448,7807.1255
22449,4904.544
22450,7564.2896
22451,6186.808
22452,4691.2373
22453,5494.94
22454,7910.0747
22455,6065.366
22456,5480.8745
22457,8528.596
22458,7410.185
22459,6579.0
22460,4910.8965
22461,6639.0117
22462,6458.2637
22463,5935.835
22464,5747.6763
22465,3528.5588
22466,4745.819
22467,7602.5454
22468,6613.4023
22469,4984.0527
22470,3875.1995
22471,7223.153
22472,5912.994
22473,6811.2646
22474,5702.347
22475,4969.4883
22476,4510.9985
22477,3096.4985
22478,8870.2705
22479,5802.093
22480,5978.6104
22481,5430.5684
22482,4660.4756
22483,5347.0073
22484,5501.8525
22485,6768.0757
22486,3374.2917
22487,6050.7583
22488,4090.9124
22489,7645.0474
22490,6788.487
22491,5970.188
22492,9968.416
22493,3831.396
22494,4549.072
22495,9127.31
22496,4507.6436
22497,5925.63
22498,2292.9456
22499,7193.225
22500,7277.0703
22501,5062.773
22502,5549.6997
22503,5265.6714
22504,5356.7017
22505,5081.39
22506,6749.0913
22507,9127.807
22508,2528.1199
22509,5662.8604
22510,2550.6787
22511,11219.777
22512,4060.5637
22513,7315.876
22514,8590.813
22515,5372.421
22516,5693.8735
22517,4421.872
22518,4318.8853
22519,2951.255
22520,3940.877
22521,5663.9893
22522,4542.433
22523,6461.881
22524,6252.3306
22525,4554.395
22526,5837.843
22527,5843.9824
22528,7447.15
22529,8059.0776
22530,7066.13
22531,4195.9746
22532,3833.3228
22533,8331.882
22534,8726.123
22535,4667.2197
22536,6757.336
22537,4518.0522
22538,6454.2856
22539,4542.2686
22540,4467.666
22541,5857.644
22542,3414.248
22543,5324.918
22544,4431.0938
22545,7886.4126
22546,6320.205
22547,6973.784
22548,6477.771
22549,4947.939
22550,7206.582
22551,16542.111
22552,8275.396
22553,4040.861
22554,2626.2952
22555,5550.129
22556,6914.3994
22557,4390.652
22558,5665.567
22559,12399.42
22560,5657.5044
22561,9387.453
22562,18689.357
22563,3679.058
22564,5350.278
22565,4486.962
22566,3506.5464
22567,7230.4385
22568,4639.181
22569,6883.242
22570,8385.192
22571,6416.3765
22572,5225.897
22573,6186.4424
22574,4555.377
22575,6308.4844
22576,3380.3167
22577,5710.6094
22578,6363.8555
22579,7733.4946
22580,5551.982
22581,5623.4536
22582,3832.2954
22583,6409.5986
22584,4323.4604
22585,4778.776
22586,3495.445
22587,7244.97
22588,4826.2617
22589,5299.861
22590,6173.4033
22591,6483.538
22592,5198.627
22593,4806.745
22594,5176.538
22595,4642.0054
22596,5898.984
22597,5887.989
22598,8311.428
22599,7338.6733
22600,6575.4053
22601,5224.8403
22602,3134.8555
22603,5265.184
22604,6042.292
22605,5084.527
22606,4188.185
22607,2360.5054
22608,7319.575
22609,5508.3164
22610,8756.237
22611,5574.6885
22612,4759.823
22613,6261.1753
22614,4447.5664
22615,4243.5684
22616,8422.608
22617,5150.3706
22618,6782.5713
22619,7673.48
22620,12015.95
22621,5293.555
22622,4200.075
22623,6669.6357
22624,4133.938
22625,4979.814
22626,4960.8164
22627,6355.1694
22628,4098.881
22629,6621.917
22630,3607.5454
22631,4765.0293
22632,3248.8582
22633,8441.782
22634,4507.4326
22635,12174.602
22636,10795.114
22637,4737.081
22638,5701.2104
22639,4537.7256
22640,5743.769
22641,4797.117
22642,10089.56
22643,6850.9644
22644,7299.169
22645,3829.664
22646,6862.54
22647,4790.2217
22648,8172.182
22649,7679.103
22650,5964.195
22651,5494.5835
22652,6056.532
22653,6374.2925
22654,7333.6353
22655,7956.7617
22656,5590.0986
22657,6427.8496
22658,8653.783
22659,6055.175
22660,6142.819
22661,5363.0923
22662,7387.2007
22663,6004.287
22664,4961.238
22665,4306.486
22666,5390.726
22667,4428.208
22668,7505.244
22669,5653.114
22670,6747.81
22671,5129.568
22672,7908.483
22673,4225.8877
22674,6342.5796
22675,7894.819
22676,6719.871
22677,7108.2095
22678,5832.8228
22679,3642.2004
22680,11676.58
22681,7860.414
22682,6987.6133
22683,14594.013
22684,7750.2197
22685,6115.6626
22686,5881.124
22687,7249.505
22688,8896.936
22689,9232.93
22690,9984.858
22691,5085.051
22692,6481.337
22693,5041.324
22694,7811.088
22695,3859.6936
22696,8550.889
22697,5166.095
22698,4665.653
22699,5291.9346
22700,7121.388
22701,6472.972
22702,4540.211
22703,6953.6123
22704,4427.4985
22705,3674.2285
22706,6188.567
22707,3747.1199
22708,4089.9797
22709,4936.144
22710,5422.2095
22711,8240.309
22712,7991.6035
22713,6055.666
22714,5983.42
22715,5365.9478
22716,9132.456
22717,5756.208
22718,5275.7363
22719,4481.743
22720,4302.6465
22721,8319.295
22722,4122.53
22723,11513.85
22724,6288.563
22725,2977.5737
22726,4079.9731
22727,6014.2437
22728,5538.2827
22729,5013.62
22730,7944.977
22731,8579.693
22732,10182.22
22733,5124.638
22734,10006.108
22735,2711.5654
22736,4884.7944
22737,5738.2163
22738,4699.196
22739,6192.7295
22740,4983.121
22741,6060.341
22742,3711.5378
22743,4783.9067
22744,10290.227
22745,8235.955
22746,4244.8765
22747,4683.48
22748,8109.9624
22749,8333.392
22750,6542.1055
22751,4942.415
22752,4146.576
22753,8631.493
22754,5292.884
22755,7046.5312
22756,4711.6826
22757,4690.897
22758,6233.603
22759,7158.613
22760,3342.7402
22761,4072.5269
22762,4140.75
22763,5081.967
22764,8530.995
22765,6718.1597
22766,7275.5713
22767,11014.78
22768,4946.721
22769,9362.899
22770,9891.173
22771,6266.845
22772,4520.0825
22773,2876.7502
22774,6679.4844
22775,5323.638
22776,5230.24
22777,5504.188
22778,5930.312
22779,9624.0
22780,4275.3257
22781,4850.741
22782,6481.615
22783,4091.2751
22784,7717.218
22785,4629.628
22786,3893.5261
22787,6203.3296
22788,3117.097
22789,5915.5664
22790,7347.8765
22791,5842.221
22792,6693.9307
22793,7398.215
22794,7014.799
22795,4624.5835
22796,6634.637
22797,8332.215
22798,6021.556
22799,4906.219
22800,5536.561
22801,4289.427
22802,8599.561
22803,6056.3765
22804,5524.512
22805,4353.5596
22806,6125.0264
22807,7524.324
22808,6495.435
22809,5160.9487
22810,7640.1997
22811,5040.127
22812,6313.3843
22813,14723.473
22814,5230.0405
22815,8661.793
22816,4877.629
22817,5265.0483
22818,5214.1855
22819,4499.151
22820,3620.4392
22821,4642.798
22822,7878.0225
22823,11774.613
22824,7988.7993
22825,8609.417
22826,8100.2524
22827,9722.145
22828,9296.783
22829,7354.0117
22830,5884.541
22831,4536.9727
22832,9742.036
22833,9650.582
22834,6462.3555
22835,7289.658
22836,7779.5703
22837,5290.6226
22838,3350.9072
22839,9782.109
22840,5255.6606
22841,5460.1953
22842,5604.289
22843,1980.6201
22844,10459.44
22845,9322.942
22846,12492.328
22847,5241.512
22848,4252.1143
22849,4843.0806
22850,5649.0063
22851,5787.523
22852,5718.486
22853,6463.2305
22854,4595.385
22855,4038.8726
22856,5850.346
22857,3078.2642
22858,2658.264
22859,4998.24
22860,11554.817
22861,6149.5137
22862,16309.354
22863,3818.7092
22864,5263.366
22865,5683.1304
22866,5099.2095
22867,4304.699
22868,4774.9985
22869,4248.98
22870,3374.53
22871,7657.8774
22872,5981.297
22873,3431.6816
22874,7645.0254
22875,4490.653
22876,5370.7915
22877,4088.634
22878,8564.233
22879,6345.672
22880,8053.115
22881,4303.6484
22882,5811.165
22883,4060.494
22884,4260.6123
22885,4161.777
22886,12594.83
22887,8878.845
22888,6076.7334
22889,4293.3403
22890,4624.61
22891,5548.382
22892,3880.5151
22893,7829.3247
22894,3978.5583
22895,12764.082
22896,3877.9841
22897,4476.3726
22898,5041.699
22899,8529.165
22900,6454.2363
22901,4296.4863
22902,5354.398
22903,5676.521
22904,6619.4795
22905,6253.7266
22906,5081.0894
22907,3186.5078
22908,7947.8423
22909,4577.915
22910,3629.5442
22911,5114.6416
22912,5902.8677
22913,5102.3623
22914,5422.9956
22915,7606.411
22916,7729.837
22917,6318.8726
22918,6390.0835
22919,3719.8284
22920,7385.263
22921,5176.7847
22922,4367.1562
22923,6907.761
22924,6283.251
22925,5666.713
22926,7784.2686
22927,5172.3525
22928,5536.83
22929,6058.9014
22930,5229.4023
22931,4897.055
22932,6280.099
22933,7136.545
22934,5660.8457
22935,5324.6895
22936,4835.9805
22937,8029.3467
22938,5912.842
22939,4120.0884
22940,10061.72
22941,4428.981
22942,2862.389
22943,6566.8496
22944,8391.5205
22945,8019.0835
22946,4484.904
22947,5279.8643
22948,5803.3047
22949,3429.3025
22950,5587.4756
22951,6553.7593
22952,5750.857
22953,5139.917
22954,5427.1196
22955,7210.281
22956,2845.7866
22957,4812.457
22958,5022.001
22959,4428.673
22960,4499.464
22961,6107.8687
22962,6432.1978
22963,5471.54
22964,4497.19
22965,6790.086
22966,5577.7363
22967,7316.776
22968,7649.6646
22969,4676.498
22970,5730.2744
22971,5738.3364
22972,6685.6035
22973,6685.457
22974,8015.2754
22975,3080.7378
22976,8767.653
22977,5848.773
22978,6464.464
22979,9143.927
22980,4223.381
22981,3307.5938
22982,10857.698
22983,7171.194
22984,6793.9146
22985,4947.9766
22986,5170.2065
22987,7686.05
22988,3339.6995
22989,5877.0864
22990,4603.1147
22991,7140.1875
22992,5101.9097
22993,4728.2285
22994,7038.5913
22995,4710.631
22996,7432.78
22997,9623.357
22998,14355.575
22999,6660.5576
23000,4156.342
23001,4739.101
23002,3811.8196
23003,2905.282
23004,9763.589
23005,7056.802
23006,5255.8457
23007,8331.477
23008,5146.5303
23009,8765.68
23010,4253.8467
23011,5456.353
23012,5624.017
23013,7850.322
23014,4727.4976
23015,5660.473
23016,5191.2583
23017,4243.322
23018,6585.705
23019,4563.0786
23020,6165.0947
23021,7397.036
23022,7986.2163
23023,6561.697
23024,6312.957
23025,5509.0205
23026,9396.492
23027,4176.0615
23028,5008.2764
23029,9642.1
23030,6195.731
23031,7616.829
23032,6802.8047
23033,15421.141
23034,4709.4316
23035,4143.144
23036,4277.0386
23037,5260.179
23038,7872.126
23039,8731.66
23040,6148.798
23041,6750.1084
23042,6896.346
23043,3611.7258
23044,6601.119
23045,6126.0435
23046,5651.1514
23047,7165.225
23048,5118.136
23049,4394.2134
23050,4383.249
23051,3327.894
23052,4069.1406
23053,7158.517
23054,6010.9116
23055,10074.05
23056,15194.703
23057,5721.3774
23058,4412.4004
23059,6309.742
23060,7137.9404
23061,7801.7954
23062,3459.941
23063,5772.0093
23064,3993.3035
23065,7682.5024
23066,5808.2056
23067,5922.183
23068,10890.306
23069,12411.239
23070,4100.6953
23071,6150.4814
23072,3384.618
23073,4919.157
23074,4716.4805
23075,7665.8794
23076,4316.8257
23077,4125.5
23078,4695.065
23079,6548.155
23080,5411.72
23081,3794.243
23082,5073.336
23083,6740.4
23084,6213.373
23085,5790.245
23086,2676.035
23087,9569.155
23088,15768.268
23089,3686.9
23090,6621.2856
23091,7311.014
23092,5771.877
23093,4056.1194
23094,3173.2544
23095,3454.4763
23096,6574.546
23097,4357.864
23098,6219.124
23099,8644.445
23100,4006.9028
23101,4720.7925
23102,5731.816
23103,4693.287
23104,4374.9155
23105,5065.4253
23106,5421.7437
23107,8606.725
23108,6715.642
23109,8011.2476
23110,5227.946
23111,3530.2017
23112,5409.893
23113,5163.647
23114,7869.829
23115,6111.645
23116,4115.799
23117,18464.668
23118,5331.057
23119,5218.256
23120,10292.622
23121,6096.1465
23122,5902.4287
23123,5600.6445
23124,6194.165
23125,4186.771
23126,8226.863
23127,12927.233
23128,4666.9526
23129,4463.0874
23130,5525.9775
23131,10550.233
23132,5437.4775
23133,4438.239
23134,5287.631
23135,4723.6484
23136,5216.8325
23137,4176.81
23138,7323.2554
23139,3170.885
23140,6137.4307
23141,2715.4045
23142,19526.064
23143,7403.6855
23144,3494.8215
23145,4978.327
23146,8696.951
23147,5370.346
23148,5457.6074
23149,7037.92
23150,5136.574
23151,4847.619
23152,3722.4126
23153,8226.8955
23154,5004.547
23155,5251.7466
23156,5838.433
23157,6686.075
23158,4481.7476
23159,6870.858
23160,5459.5913
23161,3250.3896
23162,7162.977
23163,9227.182
23164,3992.5378
23165,6829.962
23166,6143.68
23167,4658.573
23168,8361.839
23169,4516.0015
23170,6168.5767
23171,6012.7065
23172,7320.4966
23173,3262.695
23174,4571.932
23175,4312.089
23176,7361.935
23177,5547.5195
23178,7188.8765
23179,3615.0867
23180,6955.9604
23181,3394.956
23182,5487.11
23183,4401.874
23184,5036.561
23185,5441.4414
23186,6052.5073
23187,5979.6772
23188,8038.542
23189,4108.4673
23190,5374.697
23191,6288.671
23192,6757.3037
23193,5314.957
23194,7468.3257
23195,8451.231
23196,5857.3813
23197,2815.7402
23198,5790.598
23199,4525.9893
23200,5655.6377
23201,5948.781
23202,3772.797
23203,10659.0625
23204,4894.6685
23205,5948.656
23206,9013.273
23207,6151.5435
23208,3411.4678
23209,0.0
23210,5208.385
23211,8682.952
23212,4818.3135
23213,6706.699
23214,7798.3735
23215,6118.6504
23216,4668.386
23217,6337.2095
23218,4879.8394
23219,4847.61
23220,5626.861
23221,7884.4946
23222,6621.7847
23223,4815.4185
23224,4217.5073
23225,6399.843
23226,6778.6777
23227,5442.5264
23228,6355.1694
23229,5193.8833
23230,5583.682
23231,3742.783
23232,7234.6123
23233,6543.99
23234,6384.9717
23235,5466.407
23236,5598.113
23237,6441.315
23238,8037.392
23239,5243.653
23240,6629.994
23241,4362.131
23242,5423.254
23243,6376.895
23244,5938.4517
23245,4061.1523
23246,3848.0837
23247,6552.678
23248,7937.9253
23249,4500.1206
23250,4932.045
23251,6955.4165
23252,5908.0557
23253,4821.1777
23254,5250.0537
23255,4489.162
23256,2786.4495
23257,6921.189
23258,3632.0242
23259,6301.124
23260,5620.515
23261,5911.7646
23262,5713.9985
23263,8526.424
23264,7427.394
23265,6280.219
23266,4627.6235
23267,7204.149
23268,6395.986
23269,3259.5466
23270,2646.9797
23271,6927.893
23272,3227.9497
23273,6172.8438
23274,10288.696
23275,6947.2544
23276,6088.964
23277,3667.8235
23278,6243.362
23279,5704.0825
23280,5747.896
23281,6376.457
23282,7046.168
23283,7162.7036
23284,5133.131
23285,7118.2646
23286,4113.8125
23287,5987.2847
23288,4023.3914
23289,4853.148
23290,6071.9185
23291,5371.719
23292,4952.991
23293,6425.4893
23294,4423.467
23295,8673.9795
23296,5873.965
23297,4010.7537
23298,3939.5464
23299,8146.6245
23300,6387.4507
23301,4792.1733
23302,5448.9053
23303,6064.5156
23304,4535.8647
23305,5587.79
23306,5318.0757
23307,6157.2725
23308,4338.1094
23309,4287.459
23310,7811.4604
23311,5999.2383
23312,5397.991
23313,3227.9158
23314,10945.62
23315,5490.1934
23316,4467.189
23317,5604.198
23318,9283.988
23319,7111.2817
23320,7000.7485
23321,7916.203
23322,6039.2954
23323,4746.6567
23324,5296.899
23325,6548.442
23326,8690.21
23327,10579.011
23328,4436.99
23329,4865.7
23330,3136.1506
23331,3966.1675
23332,8371.799
23333,12653.044
23334,5319.821
23335,4022.0212
23336,4761.254
23337,5267.153
23338,5467.1216
23339,7600.638
23340,7521.784
23341,5430.7188
23342,3582.8936
23343,7080.392
23344,4927.1074
23345,8463.993
23346,8052.493
23347,4645.992
23348,6140.048
23349,3589.592
23350,6365.519
23351,6662.203
23352,6264.108
23353,7226.6675
23354,5403.2817
23355,6312.2705
23356,3929.1204
23357,5774.983
23358,6928.23
23359,7294.0605
23360,6565.6284
23361,7166.0933
23362,5077.093
23363,3997.2097
23364,8676.751
23365,4068.9426
23366,10026.447
23367,5778.3057
23368,4111.298
23369,4846.9165
23370,5428.4604
23371,5232.351
23372,6989.033
23373,7669.9385
23374,4562.2954
23375,10262.156
23376,3577.569
23377,4278.01
23378,5767.04
23379,7015.682
23380,9330.504
23381,5801.932
23382,4998.073
23383,4937.1377
23384,5252.1274
23385,6260.2554
23386,4511.8076
23387,5732.1494
23388,4595.503
23389,9378.048
23390,5291.279
23391,7388.0605
23392,10593.642
23393,7891.032
23394,4353.435
23395,3998.331
23396,5074.464
23397,9895.174
23398,4798.9204
23399,6961.6685
23400,4181.0796
23401,8559.48
23402,5866.96
23403,4720.644
23404,4614.277
23405,4176.4077
23406,4549.011
23407,5174.2573
23408,4704.2773
23409,4204.212
23410,4041.6167
23411,4078.4905
23412,7330.5444
23413,5816.5386
23414,19447.078
23415,5734.8784
23416,4058.7166
23417,2660.145
23418,4395.882
23419,9255.996
23420,2075.4636
23421,2828.618
23422,6261.0796
23423,3381.8066
23424,6590.6885
23425,4918.599
23426,5480.7334
23427,5983.2944
23428,4293.0576
23429,3553.3557
23430,5518.798
23431,5378.692
23432,2566.4082
23433,4712.775
23434,4467.777
23435,5717.052
23436,5011.7124
23437,3410.5078
23438,4504.2563
23439,7624.905
23440,8047.2876
23441,5450.1685
23442,7433.9004
23443,2139.4988
23444,7549.0815
23445,3461.899
23446,5170.917
23447,2373.9106
23448,8039.148
23449,7162.7993
23450,8824.711
23451,9139.688
23452,6589.2114
23453,6084.5166
23454,2567.694
23455,4595.9326
23456,5530.032
23457,8129.765
23458,4089.4414
23459,3496.2454
23460,5549.684
23461,4873.2017
23462,5559.7456
23463,2470.2773
23464,7331.684
23465,4151.5312
23466,7669.156
23467,6191.761
23468,3509.9768
23469,8530.084
23470,2877.6177
23471,8501.21
23472,6094.228
23473,6246.7275
23474,2463.559
23475,5065.86
23476,4719.8965
23477,3849.189
23478,6902.578
23479,10541.634
23480,2825.8572
23481,5986.6167
23482,5406.7363
23483,8148.1323
23484,6971.6025
23485,5416.373
23486,6845.0596
23487,2471.2026
23488,2458.463
23489,4668.4487
23490,6078.861
23491,8322.446
23492,7446.056
23493,2390.8237
23494,4103.7397
23495,8275.862
23496,8376.327
23497,5670.5195
23498,3103.1433
23499,10920.552
23500,5426.504
23501,3660.9512
23502,3771.714
23503,2175.2832
23504,4499.58
23505,7205.8257
23506,3611.805
23507,5848.3823
23508,3173.4512
23509,5737.6636
23510,3711.577
23511,1696.5182
23512,4160.058
23513,5205.077
23514,5336.669
23515,8333.185
23516,6640.7344
23517,5704.795
23518,3752.285
23519,10827.141
23520,3293.9626
23521,5993.4043
23522,7267.6436
23523,11784.904
23524,5026.928
23525,2970.4382
23526,6393.9185
23527,6017.9966
23528,6617.327
23529,4736.3267
23530,9421.278
23531,5681.342
23532,2221.5203
23533,7484.028
23534,4549.302
23535,5730.996
23536,2259.8228
23537,7769.1445
23538,3718.4697
23539,2764.8813
23540,8280.339
23541,4271.005
23542,5200.9775
23543,7464.395
23544,7556.307
23545,4248.1045
23546,4776.8203
23547,6768.2373
23548,3262.773
23549,2979.6155
23550,6330.999
23551,4663.5703
23552,7000.9824
23553,3080.1616
23554,4387.922
23555,6105.7773
23556,4247.1323
23557,3176.6133
23558,5272.4863
23559,5926.4214
23560,6255.349
23561,7407.634
23562,7806.7607
23563,7325.442
23564,3916.1885
23565,7440.398
23566,5391.9087
23567,3199.3008
23568,3727.9065
23569,7975.164
23570,7065.8804
23571,2840.412
23572,7146.531
23573,9342.312
23574,6539.0923
23575,4732.8037
23576,6952.6904
23577,7123.902
23578,5461.742
23579,4401.752
23580,2797.9065
23581,5241.9824
23582,5139.461
23583,4630.498
23584,5236.455
23585,3250.703
23586,5795.8037
23587,7028.669
23588,5984.35
23589,6308.996
23590,5860.3716
23591,2901.7253
23592,1541.3839
23593,6924.088
23594,6360.688
23595,6930.1797
23596,3482.1292
23597,5329.3594
23598,4005.4504
23599,5233.7236
23600,5819.319
23601,3596.3474
23602,4171.232
23603,4822.286
23604,6899.4976
23605,6302.819
23606,7471.7603
23607,13238.64
23608,4053.8025
23609,4665.03
23610,10212.458
23611,3522.0515
23612,5226.345
23613,780.6578
23614,7867.9824
23615,6749.2715
23616,5356.3135
23617,6199.781
23618,5213.226
23619,4565.948
23620,5010.761
23621,5019.7407
23622,7941.3105
23623,2968.3435
23624,5334.8623
23625,2558.2385
23626,8611.709
23627,3198.6904
23628,7631.1475
23629,9787.8955
23630,6006.6987
23631,5983.0205
23632,4248.668
23633,2313.933
23634,1800.1713
23635,3578.2822
23636,5288.6396
23637,3096.8765
23638,5451.416
23639,7186.0864
23640,3792.6978
23641,5235.9155
23642,4627.4297
23643,8245.607
23644,7821.913
23645,7182.4478
23646,4750.996
23647,3072.332
23648,8129.641
23649,9297.67
23650,3591.5374
23651,4352.762
23652,3761.8506
23653,5458.774
23654,5219.311
23655,3893.4446
23656,6501.795
23657,3018.032
23658,5147.527
23659,4897.186
23660,8520.433
23661,5471.5195
23662,7045.194
23663,6289.487
23664,4534.013
23665,8112.02
23666,17271.191
23667,8550.089
23668,3584.76
23669,3390.2373
23670,6176.655
23671,7588.476
23672,2808.021
23673,4628.3125
23674,9414.64
23675,6141.7524
23676,6780.139
23677,16777.791
23678,5140.5493
23679,5432.3145
23680,2732.5757
23681,2151.9287
23682,9600.75
23683,3397.4377
23684,6278.8296
23685,8721.73
23686,2828.8364
23687,3478.6465
23688,6261.0674
23689,3873.5845
23690,6937.911
23691,1943.5731
23692,4937.039
23693,4969.0996
23694,9836.701
23695,5698.2095
23696,5881.9824
23697,3041.812
23698,7408.7363
23699,5655.6
23700,6464.815
23701,1585.0151
23702,8866.8955
23703,4791.031
23704,5735.77
23705,4181.0557
23706,4200.3237
23707,0.0
23708,4436.0547
23709,3580.8604
23710,5242.8223
23711,4603.242
23712,4903.019
23713,8079.45
23714,8860.918
23715,7243.1323
23716,4142.4014
23717,3979.9058
23718,4423.0366
23719,5020.756
23720,6270.2593
23721,2873.8535
23722,1285.731
23723,6906.2397
23724,5514.946
23725,7736.512
23726,5239.443
23727,4273.939
23728,4516.221
23729,3299.5417
23730,2622.9023
23731,8697.905
23732,6045.082
23733,4847.5127
23734,5399.135
23735,11067.781
23736,5739.9844
23737,1807.9152
23738,7293.2676
23739,1858.342
23740,4218.0786
23741,5770.93
23742,5929.8706
23743,2513.9807
23744,4149.793
23745,4087.538
23746,3675.014
23747,1573.1792
23748,7996.9717
23749,4449.7095
23750,8884.063
23751,10175.531
23752,5704.126
23753,5520.767
23754,4138.6294
23755,4959.208
23756,4814.4956
23757,10977.234
23758,6497.7524
23759,6900.281
23760,3105.0503
23761,5773.3525
23762,5257.4453
23763,8197.819
23764,8250.099
23765,6776.1177
23766,5456.7173
23767,6363.91
23768,5175.7676
23769,8235.162
23770,6185.51
23771,6358.886
23772,5974.5347
23773,9134.451
23774,6683.678
23775,4855.204
23776,5428.3984
23777,7874.5815
23778,5795.726
23779,3351.9558
23780,5299.168
23781,3071.409
23782,4753.829
23783,8269.834
23784,6647.3057
23785,7263.195
23786,5769.868
23787,8036.3496
23788,4562.857
23789,4261.8438
23790,4222.1807
23791,6068.0103
23792,6106.1504
23793,6461.591
23794,3140.5308
23795,12757.425
23796,5018.7354
23797,5393.704
23798,15614.097
23799,5411.4673
23800,7247.8315
23801,6060.144
23802,6932.3613
23803,8393.458
23804,7509.505
23805,9526.292
23806,2818.7585
23807,4460.4146
23808,5308.036
23809,8328.338
23810,2565.4731
23811,5315.8394
23812,4611.0693
23813,4885.107
23814,5128.178
23815,5775.176
23816,3300.0203
23817,5355.588
23818,4896.359
23819,2873.2039
23820,3173.4482
23821,7143.2256
23822,3902.0186
23823,4788.737
23824,5469.9277
23825,5366.736
23826,8954.655
23827,10779.146
23828,4835.838
23829,7171.9805
23830,5668.551
23831,9617.273
23832,4950.4077
23833,2796.072
23834,3867.1455
23835,4908.279
23836,11082.517
23837,3911.406
23838,8908.568
23839,7142.762
23840,2053.2244
23841,3808.4504
23842,6007.484
23843,5877.7593
23844,5008.386
23845,8454.215
23846,8819.872
23847,7481.0376
23848,3875.314
23849,11249.243
23850,2109.2798
23851,3636.42
23852,7636.9214
23853,3898.547
23854,5531.451
23855,3616.6802
23856,6900.5176
23857,4715.302
23858,3718.0193
23859,12860.63
23860,10786.222
23861,2442.869
23862,4972.1577
23863,5527.2793
23864,7442.3145
23865,9015.724
23866,5086.3267
23867,2594.3481
23868,8811.565
23869,2024.0417
23870,9394.072
23871,4604.7
23872,5170.34
23873,9133.415
23874,5630.2915
23875,1533.2235
23876,4597.726
23877,2275.1775
23878,3888.5117
23879,10730.024
23880,7509.34
23881,4282.3906
23882,12731.1455
23883,6803.3433
23884,9908.121
23885,11744.454
23886,6710.0137
23887,4270.3
23888,2118.942
23889,4724.2114
23890,6391.2417
23891,2620.8674
23892,5668.843
23893,4407.5205
23894,6967.1025
23895,2448.045
23896,5262.3374
23897,8264.669
23898,1681.672
23899,9100.415
23900,5363.425
23901,2770.1157
23902,6600.389
23903,3136.9885
23904,3080.3528
23905,9136.856
23906,6797.3438
23907,6926.142
23908,7981.602
23909,5288.453
23910,4760.4272
23911,6621.027
23912,6989.5464
23913,7682.5684
23914,5376.1016
23915,6465.746
23916,3533.5776
23917,8640.934
23918,5756.5044
23919,5708.306
23920,3876.9485
23921,4876.1543
23922,8037.4307
23923,5890.893
23924,3938.2312
23925,5217.2104
23926,5366.552
23927,4947.8774
23928,15064.749
23929,4904.984
23930,9563.991
23931,4730.254
23932,3622.3806
23933,6046.195
23934,5172.2144
23935,2959.0005
23936,4748.047
23937,8380.794
23938,13758.119
23939,7192.532
23940,9429.243
23941,6980.6387
23942,10263.557
23943,8515.436
23944,6731.3667
23945,6678.7393
23946,4178.9463
23947,10272.076
23948,7584.3228
23949,6813.539
23950,5355.271
23951,5270.143
23952,5011.885
23953,2324.2085
23954,11605.391
23955,6125.973
23956,5670.6274
23957,4797.6157
23958,1458.9474
23959,8382.409
23960,8106.838
23961,11751.322
23962,5491.2407
23963,4112.977
23964,3788.5684
23965,6945.366
23966,4920.659
23967,4108.938
23968,9729.547
23969,4217.278
23970,4322.207
23971,5262.528
23972,3462.2092
23973,2567.17
23974,2241.7273
23975,13451.636
23976,4885.27
23977,13104.425
23978,4357.5396
23979,5797.8716
23980,4995.781
23981,4067.759
23982,3125.5684
23983,5870.7554
23984,3097.624
23985,2697.9216
23986,10015.198
23987,5860.1255
23988,2724.3333
23989,8083.0884
23990,2538.0015
23991,5843.442
23992,3445.5835
23993,9590.023
23994,7260.895
23995,7959.7905
23996,2332.965
23997,5061.4985
23998,2539.7588
23999,4633.043
24000,3544.5837
24001,15647.191
24002,10536.558
24003,4880.1465
24004,2794.3372
24005,5673.9766
24006,4107.8286
24007,2508.5386
24008,7312.6807
24009,2411.9832
24010,13255.279
24011,4029.7903
24012,4776.6655
24013,5697.3833
24014,10942.196
24015,6630.285
24016,4738.188
24017,4879.304
24018,5917.649
24019,6604.766
24020,6721.499
24021,3928.547
24022,1197.2812
24023,4648.7983
24024,2803.318
24025,2884.6487
24026,5588.936
24027,6665.6675
24028,5620.0005
24029,5191.971
24030,7891.281
24031,5649.61
24032,3200.989
24033,7232.411
24034,2249.8406
24035,8928.532
24036,4907.9556
24037,2746.0464
24038,4588.0967
24039,4210.762
24040,4728.815
24041,6878.707
24042,6533.6743
24043,3855.1382
24044,5896.6045
24045,2339.7349
24046,4589.948
24047,7815.3354
24048,8539.185
24049,3360.0781
24050,2097.8706
24051,4961.943
24052,7089.9814
24053,6050.008
24054,2549.731
24055,10749.979
24056,3452.3284
24057,3185.8545
24058,5522.2837
24059,9731.189
24060,9197.019
24061,4064.4429
24062,4424.0195
24063,5806.184
24064,1495.7008
24065,6724.603
24066,7128.578
24067,4666.254
24068,4373.038
24069,2865.3342
24070,8102.702
24071,2939.619
24072,4426.236
24073,3837.2227
24074,3373.587
24075,2836.6033
24076,7262.204
24077,6420.0435
24078,5570.0005
24079,3515.2375
24080,5014.2373
24081,7270.826
24082,7339.261
24083,7270.0566
24084,4619.487
24085,5110.2676
24086,5457.863
24087,7412.9136
24088,6762.094
24089,5107.144
24090,1995.0948
24091,6452.242
24092,6236.131
24093,6077.475
24094,7766.8105
24095,5397.4814
24096,2660.376
24097,7655.2554
24098,5335.8394
24099,9214.579
24100,2771.7244
24101,2531.4758
24102,8647.851
24103,1541.9797
24104,5061.9136
24105,4533.503
24106,7802.1006
24107,3798.1033
24108,4385.382
24109,8899.659
24110,2675.4797
24111,6186.5957
24112,9686.897
24113,14791.369
24114,6859.726
24115,2466.3118
24116,5172.318
24117,3543.4377
24118,2249.173
24119,7396.246
24120,4946.7827
24121,6143.4165
24122,5148.8623
24123,4964.8735
24124,5329.4507
24125,4668.796
24126,5098.679
24127,4572.9395
24128,9042.204
24129,5064.8115
24130,2267.4377
24131,5830.536
24132,4021.2234
24133,5563.1245
24134,5517.95
24135,5635.052
24136,7632.9673
24137,8016.6367
24138,7589.258
24139,5572.291
24140,4924.617
24141,5767.8154
24142,2785.1155
24143,5594.4937
24144,8598.306
24145,6572.289
24146,6756.3438
24147,6733.775
24148,14108.917
24149,3087.0247
24150,3318.542
24151,4712.078
24152,4153.7773
24153,8452.158
24154,9200.949
24155,7366.6973
24156,7317.502
24157,7408.899
24158,2004.4474
24159,7731.415
24160,3057.8113
24161,6125.453
24162,5783.4336
24163,5150.39
24164,2095.763
24165,4902.3174
24166,3426.0947
24167,3058.8909
24168,6993.6074
24169,4463.1807
24170,8509.533
24171,17306.248
24172,5389.492
24173,3121.3164
24174,4723.788
24175,8203.584
24176,6382.2803
24177,3946.1472
24178,5544.874
24179,2030.3115
24180,6032.0703
24181,6470.7188
24182,3355.1807
24183,10332.595
24184,11596.317
24185,3034.7107
24186,5338.41
24187,3566.379
24188,3780.633
24189,3964.0605
24190,8316.844
24191,3703.99
24192,4384.6377
24193,4690.9463
24194,2793.0327
24195,2650.2722
24196,2485.3738
24197,5300.9272
24198,5447.845
24199,4608.0264
24200,7280.2847
24201,1108.0167
24202,7160.5386
24203,14865.093
24204,3050.437
24205,7765.618
24206,6857.8945
24207,4547.6226
24208,4129.224
24209,2274.6694
24210,3953.0078
24211,4637.195
24212,4844.1616
24213,2925.9485
24214,9069.74
24215,4159.951
24216,3948.6023
24217,6055.2153
24218,4677.06
24219,5528.824
24220,4828.3247
24221,5507.0503
24222,9841.609
24223,4459.223
24224,7079.6494
24225,5726.0674
24226,3482.8235
24227,3130.2263
24228,4618.2705
24229,5405.0396
24230,6809.491
24231,3568.7
24232,12295.705
24233,5070.844
24234,4644.468
24235,11289.302
24236,4744.117
24237,6534.385
24238,4290.2246
24239,5496.497
24240,4998.3213
24241,6521.235
24242,16455.426
24243,2838.8652
24244,5373.5176
24245,3266.4197
24246,9410.734
24247,6553.6655
24248,4629.3276
24249,3636.4478
24250,4003.7124
24251,2478.2834
24252,2125.47
24253,6577.9897
24254,2095.256
24255,3947.0808
24256,1277.6586
24257,20128.691
24258,8165.505
24259,2127.302
24260,5013.2236
24261,6126.8613
24262,6437.8813
24263,5082.379
24264,7691.99
24265,5358.5874
24266,5700.286
24267,2629.4014
24268,7612.922
24269,5779.915
24270,4001.0742
24271,6053.9624
24272,8907.26
24273,4175.898
24274,7797.154
24275,6067.3853
24276,2908.9443
24277,5475.435
24278,6833.1353
24279,2659.1313
24280,8475.901
24281,6607.425
24282,4593.404
24283,9110.603
24284,3502.9624
24285,5004.117
24286,7933.9136
24287,6376.9985
24288,2189.9636
24289,4698.7295
24290,3563.111
24291,3020.97
24292,5059.408
24293,5427.896
24294,3224.2966
24295,5913.4565
24296,2292.4565
24297,5706.9775
24298,2843.393
24299,5239.228
24300,5547.943
24301,4747.476
24302,5783.064
24303,8402.934
24304,2535.3552
24305,5313.5273
24306,6926.968
24307,3052.0874
24308,5345.2837
24309,5901.1396
24310,8763.966
24311,6389.2056
24312,3466.4592
24313,2055.1873
24314,2056.7793
24315,5312.732
24316,4715.0547
24317,4389.672
24318,11030.171
24319,5520.098
24320,5727.8374
24321,8413.953
24322,6649.5635
24323,2198.972
24324,0.0
24325,4258.475
24326,7649.3945
24327,6030.31
24328,7047.506
24329,6036.1914
24330,8122.7744
24331,5234.2627
24332,4141.0063
24333,2737.143
24334,3333.744
24335,6133.8486
24336,4157.309
24337,7689.9434
24338,4787.463
24339,2789.6067
24340,7463.327
24341,7155.998
24342,4784.459
24343,7187.9644
24344,4439.001
24345,6963.5747
24346,3543.2483
24347,4880.477
24348,3709.269
24349,4730.9985
24350,3452.9705
24351,6258.572
24352,7390.7456
24353,7803.7456
24354,5903.3574
24355,5319.7246
24356,4055.1135
24357,6031.9556
24358,6689.4307
24359,7164.1934
24360,2781.004
24361,2880.9236
24362,8587.111
24363,6267.509
24364,2958.4502
24365,3931.0999
24366,7596.681
24367,6459.385
24368,2334.1875
24369,6189.0034
24370,4713.4536
24371,1774.0326
24372,4914.9077
24373,2678.0476
24374,4109.6826
24375,6093.5596
24376,5866.1147
24377,5139.6274
24378,4054.0925
24379,8210.833
24380,6255.26
24381,3628.3152
24382,5479.437
24383,4784.8696
24384,2933.979
24385,1178.7335
24386,6902.3213
24387,1598.9131
24388,5763.7515
24389,9123.698
24390,5553.5654
24391,4439.3906
24392,3095.698
24393,5210.5366
24394,5027.59
24395,5029.2256
24396,5369.547
24397,5874.452
24398,8025.8555
24399,6212.8335
24400,7741.022
24401,3755.4756
24402,3803.473
24403,4027.0352
24404,3551.3257
24405,5089.292
24406,6428.671
24407,3365.689
24408,4934.299
24409,2682.3176
24410,7630.9873
24411,4359.868
24412,4074.664
24413,3866.1091
24414,5257.0894
24415,7360.7695
24416,3290.7686
24417,6257.4375
24418,4633.2197
24419,5083.795
24420,5325.563
24421,5655.1143
24422,7194.515
24423,4400.4424
24424,3555.1492
24425,9062.927
24426,6750.482
24427,6344.1226
24428,1971.9705
24429,4881.32
24430,4965.6597
24431,3912.5627
24432,4551.216
24433,9738.683
24434,7850.906
24435,9281.739
24436,9212.127
24437,6251.2334
24438,4886.6353
24439,5679.906
24440,5771.255
24441,7254.6094
24442,10533.393
24443,3215.7324
24444,1830.5756
24445,1541.467
24446,3938.8586
24447,4803.729
24448,9941.641
24449,2346.9138
24450,1822.5469
24451,5147.065
24452,5474.2183
24453,5654.057
24454,9810.064
24455,6552.909
24456,6246.674
24457,2656.587
24458,7299.35
24459,5902.7666
24460,7094.9536
24461,6676.185
24462,3363.0635
24463,5950.319
24464,3168.1274
24465,6477.6475
24466,5503.1016
24467,5057.281
24468,6236.3506
24469,3844.3965
24470,5971.686
24471,4816.305
24472,6487.5903
24473,4750.543
24474,7819.832
24475,5408.536
24476,8254.003
24477,5052.189
24478,3496.0786
24479,8160.1484
24480,2663.102
24481,10374.761
24482,5553.465
24483,4608.998
24484,3216.346
24485,6656.201
24486,4456.2935
24487,4356.7373
24488,6678.695
24489,4287.9946
24490,12081.003
24491,3008.7207
24492,2907.0786
24493,5804.4062
24494,6119.0586
24495,9986.668
24496,2925.407
24497,4278.463
24498,5840.2324
24499,5566.968
24500,4421.708
24501,3473.4072
24502,5986.9995
24503,3104.5496
24504,10194.425
24505,2742.2896
24506,6616.557
24507,12958.847
24508,6867.1562
24509,5865.5557
24510,3049.41
24511,4908.948
24512,7774.2964
24513,2659.9878
24514,7277.827
24515,3011.0408
24516,7970.898
24517,6661.0786
24518,5338.2676
24519,5770.1265
24520,4619.835
24521,2890.0007
24522,5341.706
24523,2204.8733
24524,3531.1785
24525,3020.437
24526,2790.0764
24527,7670.3994
24528,5534.671
24529,21143.115
24530,7069.73
24531,0.0
24532,0.0
24533,0.0
24534,0.0
24535,0.0
24536,0.0
24537,0.0
24538,0.0
24539,0.0
24540,0.0
24541,0.0
24542,0.0
24543,0.0
24544,0.0
24545,0.0
24546,0.0
24547,0.0
24548,0.0
24549,0.0
24550,0.0
24551,0.0
24552,0.0
24553,0.0
24554,0.0
24555,0.0
24556,0.0
24557,0.0
24558,0.0
24559,0.0
24560,0.0
24561,0.0
24562,0.0
24563,0.0
24564,0.0
24565,0.0
24566,0.0
24567,0.0
24568,0.0
24569,0.0
24570,0.0
24571,0.0
24572,0.0
24573,0.0
24574,0.0
24575,0.0
24576,0.0
24577,0.0
24578,0.0
24579,0.0
24580,0.0
24581,0.0
24582,0.0
24583,0.0
24584,0.0
24585,0.0
24586,0.0
24587,0.0
24588,0.0
24589,0.0
24590,0.0
24591,0.0
24592,0.0
24593,0.0
24594,0.0
24595,0.0
24596,0.0
24597,0.0
24598,0.0
24599,0.0
24600,0.0
24601,0.0
24602,0.0
24603,0.0
24604,0.0
24605,0.0
24606,0.0
24607,0.0
24608,0.0
24609,0.0
24610,0.0
24611,0.0
24612,0.0
24613,0.0
24614,0.0
24615,12484.574
24616,0.0
24617,0.0
24618,0.0
24619,0.0
24620,0.0
24621,0.0
24622,0.0
24623,0.0
24624,0.0
24625,0.0
24626,0.0
24627,0.0
24628,0.0
24629,0.0
24630,0.0
24631,0.0
24632,0.0
24633,0.0
24634,0.0
24635,0.0
24636,0.0
24637,0.0
24638,0.0
24639,0.0
24640,0.0
24641,0.0
24642,0.0
24643,0.0
24644,0.0
24645,0.0
24646,0.0
24647,0.0
24648,0.0
24649,0.0
24650,0.0
24651,0.0
24652,4106.023
24653,0.0
24654,0.0
24655,0.0
24656,0.0
24657,0.0
24658,0.0
24659,0.0
24660,0.0
24661,0.0
24662,0.0
24663,0.0
24664,0.0
24665,0.0
24666,0.0
24667,0.0
24668,0.0
24669,0.0
24670,0.0
24671,0.0
24672,0.0
24673,0.0
24674,0.0
24675,0.0
24676,0.0
24677,0.0
24678,0.0
24679,0.0
24680,0.0
24681,0.0
24682,0.0
24683,0.0
24684,0.0
24685,0.0
24686,0.0
24687,0.0
24688,0.0
24689,0.0
24690,0.0
24691,0.0
24692,0.0
24693,0.0
24694,0.0
24695,0.0
24696,0.0
24697,0.0
24698,0.0
24699,0.0
24700,0.0
24701,0.0
24702,0.0
24703,0.0
24704,0.0
24705,0.0
24706,0.0
24707,0.0
24708,0.0
24709,0.0
24710,0.0
24711,0.0
24712,0.0
24713,0.0
24714,0.0
24715,0.0
24716,0.0
24717,0.0
24718,0.0
24719,0.0
24720,0.0
24721,0.0
24722,0.0
24723,0.0
24724,0.0
24725,0.0
24726,0.0
24727,0.0
24728,0.0
24729,0.0
24730,0.0
24731,0.0
24732,0.0
24733,0.0
24734,0.0
24735,0.0
24736,0.0
24737,0.0
24738,0.0
24739,2829.1091
24740,0.0
24741,0.0
24742,0.0
24743,0.0
24744,0.0
24745,0.0
24746,0.0
24747,0.0
24748,0.0
24749,0.0
24750,0.0
24751,0.0
24752,0.0
24753,0.0
24754,0.0
24755,0.0
24756,0.0
24757,0.0
24758,0.0
24759,0.0
24760,0.0
24761,0.0
24762,0.0
24763,0.0
24764,0.0
24765,0.0
24766,0.0
24767,0.0
24768,0.0
24769,0.0
24770,0.0
24771,0.0
24772,0.0
24773,0.0
24774,0.0
24775,0.0
24776,0.0
24777,0.0
24778,0.0
24779,0.0
24780,0.0
24781,0.0
24782,0.0
24783,0.0
24784,0.0
24785,0.0
24786,0.0
24787,0.0
24788,0.0
24789,17651.928
24790,0.0
24791,0.0
24792,29573.004
24793,0.0
24794,0.0
24795,0.0
24796,0.0
24797,0.0
24798,0.0
24799,0.0
24800,0.0
24801,0.0
24802,0.0
24803,0.0
24804,7554.844
24805,0.0
24806,0.0
24807,0.0
24808,0.0
24809,0.0
24810,0.0
24811,0.0
24812,0.0
24813,0.0
24814,0.0
24815,0.0
24816,0.0
24817,0.0
24818,0.0
24819,0.0
24820,0.0
24821,0.0
24822,0.0
24823,0.0
24824,0.0
24825,0.0
24826,0.0
24827,0.0
24828,0.0
24829,4688.951
24830,0.0
24831,0.0
24832,0.0
24833,0.0
24834,0.0
24835,0.0
24836,0.0
24837,0.0
24838,0.0
24839,0.0
24840,2915.996
24841,0.0
24842,0.0
24843,0.0
24844,0.0
24845,0.0
24846,0.0
24847,0.0
24848,0.0
24849,0.0
24850,0.0
24851,0.0
24852,0.0
24853,0.0
24854,0.0
24855,0.0
24856,0.0
24857,0.0
24858,0.0
24859,0.0
24860,0.0
24861,0.0
24862,0.0
24863,0.0
24864,0.0
24865,8268.462
24866,0.0
24867,0.0
24868,0.0
24869,0.0
24870,0.0
24871,0.0
24872,0.0
24873,0.0
24874,0.0
24875,0.0
24876,0.0
24877,0.0
24878,0.0
24879,0.0
24880,0.0
24881,0.0
24882,0.0
24883,8890.666
24884,0.0
24885,0.0
24886,0.0
24887,0.0
24888,0.0
24889,0.0
24890,0.0
24891,0.0
24892,0.0
24893,0.0
24894,0.0
24895,0.0
24896,0.0
24897,0.0
24898,0.0
24899,0.0
24900,0.0
24901,0.0
24902,0.0
24903,0.0
24904,0.0
24905,0.0
24906,0.0
24907,0.0
24908,0.0
24909,0.0
24910,0.0
24911,0.0
24912,0.0
24913,0.0
24914,0.0
24915,0.0
24916,0.0
24917,0.0
24918,0.0
24919,0.0
24920,0.0
24921,0.0
24922,0.0
24923,0.0
24924,0.0
24925,0.0
24926,0.0
24927,0.0
24928,0.0
24929,0.0
24930,0.0
24931,0.0
24932,0.0
24933,0.0
24934,0.0
24935,0.0
24936,0.0
24937,0.0
24938,0.0
24939,0.0
24940,0.0
24941,0.0
24942,0.0
24943,0.0
24944,0.0
24945,0.0
24946,0.0
24947,0.0
24948,0.0
24949,0.0
24950,0.0
24951,0.0
24952,0.0
24953,14738.73
24954,0.0
24955,0.0
24956,0.0
24957,0.0
24958,0.0
24959,0.0
24960,0.0
24961,0.0
24962,0.0
24963,1771.9034
24964,0.0
24965,0.0
24966,0.0
24967,0.0
24968,0.0
24969,0.0
24970,0.0
24971,0.0
24972,0.0
24973,0.0
24974,0.0
24975,0.0
24976,0.0
24977,0.0
24978,0.0
24979,0.0
24980,0.0
24981,0.0
24982,0.0
24983,5384.5234
24984,0.0
24985,0.0
24986,0.0
24987,0.0
24988,0.0
24989,0.0
24990,0.0
24991,0.0
24992,0.0
24993,0.0
24994,0.0
24995,0.0
24996,0.0
24997,0.0
24998,0.0
24999,0.0
25000,0.0
25001,0.0
25002,0.0
25003,0.0
25004,0.0
25005,0.0
25006,0.0
25007,0.0
25008,0.0
25009,0.0
25010,0.0
25011,0.0
25012,0.0
25013,0.0
25014,0.0
25015,0.0
25016,0.0
25017,0.0
25018,0.0
25019,0.0
25020,0.0
25021,0.0
25022,0.0
25023,0.0
25024,8271.254
25025,0.0
25026,0.0
25027,0.0
25028,0.0
25029,0.0
25030,0.0
25031,0.0
25032,0.0
25033,0.0
25034,0.0
25035,0.0
25036,0.0
25037,0.0
25038,0.0
25039,0.0
25040,0.0
25041,0.0
25042,6937.792
25043,0.0
25044,0.0
25045,0.0
25046,0.0
25047,0.0
25048,0.0
25049,0.0
25050,0.0
25051,0.0
25052,0.0
25053,0.0
25054,2345.7476
25055,0.0
25056,0.0
25057,0.0
25058,0.0
25059,0.0
25060,5354.699
25061,0.0
25062,0.0
25063,0.0
25064,0.0
25065,0.0
25066,0.0
25067,0.0
25068,0.0
25069,0.0
25070,0.0
25071,0.0
25072,0.0
25073,0.0
25074,0.0
25075,0.0
25076,0.0
25077,0.0
25078,0.0
25079,0.0
25080,0.0
25081,0.0
25082,0.0
25083,0.0
25084,0.0
25085,0.0
25086,0.0
25087,0.0
25088,0.0
25089,0.0
25090,0.0
25091,0.0
25092,18893.736
25093,0.0
25094,0.0
25095,0.0
25096,0.0
25097,0.0
25098,0.0
25099,0.0
25100,0.0
25101,0.0
25102,0.0
25103,0.0
25104,0.0
25105,0.0
25106,0.0
25107,0.0
25108,6229.6445
25109,0.0
25110,0.0
25111,0.0
25112,0.0
25113,0.0
25114,0.0
25115,0.0
25116,0.0
25117,0.0
25118,0.0
25119,0.0
25120,0.0
25121,0.0
25122,0.0
25123,0.0
25124,0.0
25125,0.0
25126,0.0
25127,0.0
25128,0.0
25129,0.0
25130,0.0
25131,0.0
25132,0.0
25133,0.0
25134,0.0
25135,0.0
25136,0.0
25137,0.0
25138,0.0
25139,0.0
25140,0.0
25141,0.0
25142,0.0
25143,0.0
25144,0.0
25145,0.0
25146,0.0
25147,0.0
25148,0.0
25149,0.0
25150,0.0
25151,0.0
25152,0.0
25153,0.0
25154,0.0
25155,0.0
25156,0.0
25157,0.0
25158,0.0
25159,0.0
25160,0.0
25161,0.0
25162,0.0
25163,0.0
25164,0.0
25165,0.0
25166,0.0
25167,0.0
25168,0.0
25169,0.0
25170,0.0
25171,0.0
25172,0.0
25173,0.0
25174,0.0
25175,0.0
25176,0.0
25177,0.0
25178,0.0
25179,0.0
25180,0.0
25181,0.0
25182,0.0
25183,0.0
25184,0.0
25185,0.0
25186,0.0
25187,0.0
25188,0.0
25189,0.0
25190,0.0
25191,0.0
25192,0.0
25193,0.0
25194,0.0
25195,0.0
25196,0.0
25197,0.0
25198,0.0
25199,0.0
25200,0.0
25201,0.0
25202,0.0
25203,0.0
25204,0.0
25205,0.0
25206,14045.372
25207,0.0
25208,0.0
25209,0.0
25210,0.0
25211,0.0
25212,7521.9565
25213,0.0
25214,0.0
25215,0.0
25216,0.0
25217,0.0
25218,0.0
25219,0.0
25220,0.0
25221,0.0
25222,0.0
25223,0.0
25224,0.0
25225,0.0
25226,0.0
25227,0.0
25228,0.0
25229,0.0
25230,0.0
25231,0.0
25232,0.0
25233,0.0
25234,0.0
25235,0.0
25236,0.0
25237,0.0
25238,0.0
25239,0.0
25240,0.0
25241,0.0
25242,0.0
25243,0.0
25244,0.0
25245,0.0
25246,0.0
25247,0.0
25248,0.0
25249,0.0
25250,0.0
25251,0.0
25252,0.0
25253,0.0
25254,0.0
25255,0.0
25256,0.0
25257,0.0
25258,0.0
25259,0.0
25260,0.0
25261,0.0
25262,3925.58
25263,16177.766
25264,0.0
25265,0.0
25266,0.0
25267,0.0
25268,0.0
25269,0.0
25270,0.0
25271,0.0
25272,0.0
25273,0.0
25274,0.0
25275,0.0
25276,0.0
25277,0.0
25278,0.0
25279,0.0
25280,0.0
25281,0.0
25282,0.0
25283,0.0
25284,0.0
25285,0.0
25286,0.0
25287,0.0
25288,0.0
25289,0.0
25290,0.0
25291,0.0
25292,0.0
25293,0.0
25294,0.0
25295,0.0
25296,0.0
25297,0.0
25298,0.0
25299,11906.99
25300,0.0
25301,0.0
25302,0.0
25303,0.0
25304,0.0
25305,0.0
25306,0.0
25307,0.0
25308,0.0
25309,0.0
25310,0.0
25311,0.0
25312,0.0
25313,0.0
25314,0.0
25315,0.0
25316,0.0
25317,0.0
25318,0.0
25319,0.0
25320,0.0
25321,0.0
25322,0.0
25323,0.0
25324,0.0
25325,0.0
25326,0.0
25327,0.0
25328,0.0
25329,0.0
25330,0.0
25331,0.0
25332,0.0
25333,0.0
25334,0.0
25335,0.0
25336,0.0
25337,0.0
25338,0.0
25339,0.0
25340,0.0
25341,0.0
25342,0.0
25343,0.0
25344,0.0
25345,0.0
25346,0.0
25347,0.0
25348,0.0
25349,0.0
25350,0.0
25351,0.0
25352,0.0
25353,0.0
25354,0.0
25355,0.0
25356,0.0
25357,0.0
25358,0.0
25359,0.0
25360,0.0
25361,0.0
25362,0.0
25363,0.0
25364,0.0
25365,0.0
25366,0.0
25367,0.0
25368,0.0
25369,0.0
25370,0.0
25371,0.0
25372,0.0
25373,0.0
25374,0.0
25375,0.0
25376,0.0
25377,0.0
25378,0.0
25379,0.0
25380,0.0
25381,0.0
25382,0.0
25383,0.0
25384,0.0
25385,0.0
25386,0.0
25387,0.0
25388,0.0
25389,0.0
25390,0.0
25391,0.0
25392,0.0
25393,2837.2122
25394,0.0
25395,0.0
25396,0.0
25397,2290.5164
25398,0.0
25399,0.0
25400,0.0
25401,0.0
25402,0.0
25403,0.0
25404,0.0
25405,0.0
25406,0.0
25407,0.0
25408,0.0
25409,0.0
25410,0.0
25411,0.0
25412,0.0
25413,0.0
25414,0.0
25415,0.0
25416,0.0
25417,0.0
25418,0.0
25419,0.0
25420,0.0
25421,0.0
25422,0.0
25423,0.0
25424,0.0
25425,0.0
25426,0.0
25427,0.0
25428,0.0
25429,0.0
25430,0.0
25431,0.0
25432,0.0
25433,0.0
25434,0.0
25435,0.0
25436,0.0
25437,0.0
25438,0.0
25439,0.0
25440,0.0
25441,0.0
25442,0.0
25443,0.0
25444,0.0
25445,0.0
25446,0.0
25447,0.0
25448,0.0
25449,0.0
25450,0.0
25451,0.0
25452,0.0
25453,0.0
25454,0.0
25455,0.0
25456,0.0
25457,0.0
25458,0.0
25459,0.0
25460,0.0
25461,2717.7202
25462,0.0
25463,0.0
25464,0.0
25465,0.0
25466,0.0
25467,0.0
25468,0.0
25469,0.0
25470,0.0
25471,0.0
25472,0.0
25473,0.0
25474,0.0
25475,0.0
25476,0.0
25477,0.0
25478,11388.6875
25479,0.0
25480,0.0
25481,0.0
25482,0.0
25483,0.0
25484,0.0
25485,0.0
25486,0.0
25487,0.0
25488,0.0
25489,0.0
25490,0.0
25491,0.0
25492,0.0
25493,0.0
25494,0.0
25495,0.0
25496,0.0
25497,0.0
25498,0.0
25499,0.0
25500,0.0
25501,0.0
25502,0.0
25503,0.0
25504,0.0
25505,0.0
25506,0.0
25507,0.0
25508,0.0
25509,0.0
25510,0.0
25511,0.0
25512,0.0
25513,0.0
25514,0.0
25515,0.0
25516,0.0
25517,0.0
25518,0.0
25519,0.0
25520,0.0
25521,0.0
25522,0.0
25523,0.0
25524,0.0
25525,0.0
25526,0.0
25527,0.0
25528,0.0
25529,0.0
25530,0.0
25531,0.0
25532,0.0
25533,0.0
25534,0.0
25535,0.0
25536,0.0
25537,0.0
25538,0.0
25539,0.0
25540,0.0
25541,0.0
25542,0.0
25543,0.0
25544,0.0
25545,0.0
25546,0.0
25547,0.0
25548,0.0
25549,0.0
25550,0.0
25551,0.0
25552,0.0
25553,0.0
25554,0.0
25555,0.0
25556,0.0
25557,0.0
25558,0.0
25559,0.0
25560,0.0
25561,0.0
25562,0.0
25563,0.0
25564,0.0
25565,0.0
25566,0.0
25567,0.0
25568,0.0
25569,0.0
25570,0.0
25571,0.0
25572,0.0
25573,0.0
25574,0.0
25575,4340.866
25576,0.0
25577,0.0
25578,0.0
25579,0.0
25580,0.0
25581,0.0
25582,0.0
25583,0.0
25584,0.0
25585,0.0
25586,0.0
25587,0.0
25588,0.0
25589,0.0
25590,0.0
25591,0.0
25592,0.0
25593,0.0
25594,0.0
25595,0.0
25596,0.0
25597,0.0
25598,0.0
25599,0.0
25600,0.0
25601,0.0
25602,0.0
25603,0.0
25604,0.0
25605,0.0
25606,0.0
25607,0.0
25608,0.0
25609,0.0
25610,0.0
25611,5388.202
25612,0.0
25613,0.0
25614,0.0
25615,0.0
25616,0.0
25617,0.0
25618,0.0
25619,0.0
25620,0.0
25621,0.0
25622,0.0
25623,0.0
25624,0.0
25625,0.0
25626,0.0
25627,13350.117
25628,0.0
25629,5089.03
25630,0.0
25631,0.0
25632,0.0
25633,0.0
25634,0.0
25635,0.0
25636,0.0
25637,0.0
25638,0.0
25639,0.0
25640,0.0
25641,0.0
25642,0.0
25643,0.0
25644,0.0
25645,0.0
25646,5446.354
25647,7218.9585
25648,9814.903
25649,12535.223
25650,7525.9897
25651,6592.1343
25652,13392.647
25653,9710.727
25654,10772.2705
25655,8041.9624
25656,9569.904
25657,11706.833
25658,7722.5854
25659,7833.321
25660,9376.232
25661,11509.293
25662,10081.691
25663,9938.55
25664,9760.702
25665,10702.684
25666,8500.861
25667,6566.5054
25668,8859.474
25669,13920.932
25670,14400.608
25671,10805.445
25672,14416.191
25673,7835.2715
25674,13464.15
25675,6338.171
25676,7904.049
25677,6051.653
25678,10695.948
25679,10934.341
25680,17563.195
25681,11466.387
25682,9525.556
25683,9900.318
25684,8218.872
25685,5362.995
25686,8092.4067
25687,14146.563
25688,9288.646
25689,8366.802
25690,7745.505
25691,8576.118
25692,10038.858
25693,4976.229
25694,10840.945
25695,6571.9253
25696,9267.1875
25697,9869.527
25698,7861.9136
25699,10916.293
25700,7517.5166
25701,10716.871
25702,13490.978
25703,10660.761
25704,8358.331
25705,14105.553
25706,6610.0913
25707,9162.758
25708,10190.43
25709,15482.919
25710,7599.957
25711,8087.2524
25712,12209.696
25713,8579.416
25714,11666.295
25715,9811.852
25716,13726.467
25717,7943.8027
25718,6649.088
25719,8872.276
25720,8417.701
25721,13306.782
25722,11582.942
25723,5265.2896
25724,8756.58
25725,10910.703
25726,8814.608
25727,13520.346
25728,5301.61
25729,18503.062
25730,8525.977
25731,6701.6606
25732,8646.35
25733,10184.435
25734,8309.51
25735,11492.226
25736,6786.499
25737,9750.086
25738,8505.021
25739,11360.86
25740,10553.957
25741,9166.446
25742,10564.864
25743,7608.5156
25744,7976.305
25745,11438.588
25746,10668.685
25747,10798.307
25748,6473.7256
25749,11998.761
25750,7673.5825
25751,11642.918
25752,10041.281
25753,16590.396
25754,8898.233
25755,6130.363
25756,9617.256
25757,7522.05
25758,8230.207
25759,7608.7695
25760,9523.794
25761,9823.753
25762,5161.7705
25763,13342.505
25764,8667.215
25765,10378.017
25766,6159.581
25767,11372.07
25768,12994.107
25769,5574.327
25770,15992.159
25771,7957.179
25772,8371.623
25773,12245.954
25774,11988.946
25775,6763.217
25776,7085.797
25777,9655.204
25778,9088.801
25779,6101.132
25780,8393.281
25781,8421.162
25782,11607.228
25783,12232.856
25784,9656.227
25785,10460.867
25786,8149.858
25787,5944.0166
25788,10075.75
25789,10025.481
25790,10777.697
25791,12485.229
25792,11822.596
25793,11991.6
25794,8442.401
25795,12600.874
25796,10884.823
25797,8437.741
25798,10537.492
25799,13714.022
25800,10239.357
25801,11446.828
25802,13998.846
25803,9357.739
25804,12339.571
25805,8284.289
25806,9382.109
25807,11573.699
25808,9026.057
25809,10731.539
25810,5431.237
25811,7310.3726
25812,13946.752
25813,11891.0
25814,8493.154
25815,5777.964
25816,13274.674
25817,8810.221
25818,11626.2295
25819,7831.9316
25820,7868.9507
25821,8248.636
25822,5915.053
25823,15730.67
25824,11191.092
25825,9911.524
25826,10429.615
25827,8080.7065
25828,8633.635
25829,9555.83
25830,10896.592
25831,5520.672
25832,8924.14
25833,8096.0894
25834,11703.763
25835,10293.604
25836,8267.382
25837,14181.159
25838,8403.583
25839,6344.649
25840,14768.097
25841,7535.097
25842,9448.292
25843,5511.785
25844,12940.976
25845,9933.054
25846,7029.6074
25847,8987.22
25848,9777.511
25849,7774.3633
25850,9650.61
25851,11404.264
25852,17507.004
25853,3984.1677
25854,8939.142
25855,4293.094
25856,20027.184
25857,6521.384
25858,12698.924
25859,12914.762
25860,9930.686
25861,10395.006
25862,6416.205
25863,7143.9272
25864,4220.723
25865,6800.813
25866,8757.507
25867,7704.634
25868,10740.386
25869,10740.201
25870,7874.0938
25871,9734.81
25872,9156.293
25873,10725.246
25874,12608.087
25875,10809.548
25876,7185.394
25877,5626.5015
25878,12742.528
25879,17874.33
25880,8926.531
25881,10539.09
25882,6153.4214
25883,10534.045
25884,7951.277
25885,6755.461
25886,9191.345
25887,6855.3833
25888,10495.575
25889,8880.556
25890,11838.494
25891,9424.262
25892,12610.336
25893,10127.923
25894,7389.829
25895,14653.177
25896,24601.125
25897,15799.488
25898,9210.282
25899,4209.324
25900,8755.186
25901,12431.593
25902,7043.5205
25903,8022.733
25904,14022.203
25905,7787.8706
25906,20492.756
25907,20901.861
25908,4944.2964
25909,10398.685
25910,8369.627
25911,5625.412
25912,10626.033
25913,7216.6245
25914,13636.691
25915,12750.929
25916,13524.886
25917,10188.865
25918,11700.325
25919,4838.5737
25920,9713.441
25921,5270.887
25922,9414.954
25923,10200.037
25924,15742.407
25925,8364.256
25926,7789.891
25927,6439.8037
25928,9778.519
25929,8037.4536
25930,7056.8755
25931,6905.3374
25932,10411.497
25933,8890.615
25934,9042.411
25935,10946.268
25936,12365.207
25937,0.0
25938,9295.701
25939,8936.303
25940,7753.9688
25941,9835.501
25942,10999.694
25943,11990.513
25944,11325.041
25945,9782.38
25946,7311.028
25947,5268.696
25948,9911.165
25949,9451.808
25950,9342.837
25951,5926.15
25952,4142.895
25953,12393.697
25954,10717.209
25955,14018.646
25956,9393.149
25957,8825.628
25958,11017.9
25959,7764.7295
25960,6034.3438
25961,15360.737
25962,7300.29
25963,11043.866
25964,9868.783
25965,19468.846
25966,8161.4404
25967,8384.528
25968,10246.215
25969,8649.277
25970,8481.2705
25971,7399.358
25972,11462.199
25973,5993.101
25974,10011.054
25975,5340.2793
25976,8045.499
25977,5501.574
25978,13370.709
25979,7162.294
25980,21832.848
25981,18580.322
25982,6576.5093
25983,9739.593
25984,6899.721
25985,9912.385
25986,7602.0884
25987,15597.813
25988,11262.834
25989,14355.835
25990,6163.4717
25991,9946.639
25992,6378.063
25993,11726.378
25994,11190.26
25995,9910.087
25996,8895.722
25997,8528.164
25998,6998.0117
25999,11832.7705
26000,12620.467
26001,7825.95
26002,11202.273
26003,14982.089
26004,8424.842
26005,9889.324
26006,9000.379
26007,12921.588
26008,9984.363
26009,7150.8945
26010,7899.964
26011,9830.352
26012,8497.765
26013,16989.715
26014,8564.095
26015,10632.724
26016,9920.85
26017,12916.043
26018,5916.712
26019,10037.298
26020,14441.871
26021,12487.241
26022,11105.646
26023,9369.6
26024,6016.2744
26025,19087.695
26026,12867.758
26027,12178.76
26028,21118.832
26029,13603.645
26030,11554.928
26031,10314.547
26032,13518.4375
26033,15392.458
26034,14945.995
26035,16811.219
26036,8850.766
26037,11670.891
26038,8517.881
26039,12412.648
26040,5255.9463
26041,15117.759
26042,9179.403
26043,8025.626
26044,8141.677
26045,13468.505
26046,11677.549
26047,8291.988
26048,10287.95
26049,7423.47
26050,7651.35
26051,9855.069
26052,5542.257
26053,6754.1978
26054,8289.11
26055,10437.536
26056,14269.414
26057,11291.864
26058,9848.5205
26059,8657.605
26060,8472.918
26061,15330.134
26062,10557.018
26063,8198.359
26064,7716.585
26065,6413.2373
26066,11274.076
26067,5654.7153
26068,12574.941
26069,9957.896
26070,4673.613
26071,7415.8413
26072,12229.684
26073,8951.581
26074,7813.6436
26075,12024.595
26076,12994.999
26077,15271.121
26078,8268.186
26079,12712.484
26080,4355.973
26081,8208.358
26082,10572.545
26083,9013.136
26084,10815.138
26085,7618.3843
26086,8798.531
26087,6481.4424
26088,8184.3506
26089,14862.13
26090,10572.011
26091,7394.229
26092,7107.254
26093,12134.515
26094,14853.287
26095,10864.764
26096,7445.2607
26097,7189.1304
26098,13721.087
26099,9138.26
26100,9670.438
26101,8567.338
26102,7546.1084
26103,10133.469
26104,13429.792
26105,6198.279
26106,6122.9473
26107,6908.104
26108,9045.75
26109,11913.795
26110,11852.175
26111,11693.33
26112,17819.572
26113,7245.4883
26114,15045.638
26115,16451.723
26116,9730.447
26117,6995.776
26118,4954.149
26119,11702.233
26120,8990.804
26121,9677.414
26122,8919.17
26123,10130.348
26124,14709.198
26125,7478.027
26126,8987.366
26127,10932.808
26128,7390.118
26129,9240.225
26130,6783.47
26131,6627.269
26132,9996.293
26133,5244.888
26134,12307.719
26135,9889.013
26136,10551.169
26137,10990.581
26138,12933.56
26139,10266.053
26140,8330.943
26141,11744.969
26142,12123.988
26143,8308.598
26144,7574.852
26145,7224.8203
26146,7321.7954
26147,13979.459
26148,10475.964
26149,9109.16
26150,7236.137
26151,11139.689
26152,11841.091
26153,11112.237
26154,9290.525
26155,11854.041
26156,6961.104
26157,6457.746
26158,22410.494
26159,9545.683
26160,11241.049
26161,9353.171
26162,9705.958
26163,9590.371
26164,7295.3687
26165,5500.85
26166,7078.285
26167,11529.563
26168,16955.883
26169,11832.195
26170,12346.094
26171,16064.588
26172,14169.587
26173,15825.881
26174,11445.562
26175,8436.147
26176,6326.5317
26177,13629.229
26178,15859.288
26179,11800.763
26180,12024.664
26181,11604.272
26182,8223.224
26183,5866.7026
26184,13166.563
26185,10185.853
26186,10223.558
26187,8928.729
26188,4611.685
26189,19998.783
26190,16974.037
26191,18507.37
26192,7978.7246
26193,8340.381
26194,6194.2954
26195,9058.3545
26196,8785.182
26197,14007.9
26198,8443.48
26199,6735.1943
26200,7513.7964
26201,11137.512
26202,6019.684
26203,4274.025
26204,9810.785
26205,18986.402
26206,9753.751
26207,21180.857
26208,6436.2485
26209,7731.6655
26210,9948.604
26211,7682.8467
26212,7689.4077
26213,6739.23
26214,5932.4844
26215,5868.085
26216,10958.75
26217,9645.135
26218,5500.64
26219,13144.343
26220,10678.213
26221,10208.057
26222,6488.6855
26223,13258.01
26224,11786.084
26225,12217.932
26226,8667.793
26227,10245.492
26228,6107.7173
26229,6835.169
26230,6755.3965
26231,19958.617
26232,14201.488
26233,8654.031
26234,8964.704
26235,6873.8867
26236,7776.1577
26237,5802.187
26238,12858.618
26239,6156.7793
26240,20835.03
26241,5942.106
26242,6563.393
26243,7620.3315
26244,12687.786
26245,10103.744
26246,6619.5366
26247,9231.768
26248,10158.184
26249,11031.718
26250,10603.386
26251,8268.414
26252,6591.8955
26253,14656.0
26254,6447.8984
26255,6549.9473
26256,7571.775
26257,9794.105
26258,8596.715
26259,8573.796
26260,13124.801
26261,11271.722
26262,9698.26
26263,10239.758
26264,6753.908
26265,10453.028
26266,7829.4517
26267,6021.809
26268,9800.628
26269,10210.422
26270,9472.69
26271,14173.79
26272,9390.597
26273,9276.367
26274,9470.794
26275,9555.119
26276,7945.0605
26277,9617.53
26278,8369.411
26279,11925.209
26280,10066.702
26281,11702.77
26282,12178.632
26283,8044.678
26284,6592.883
26285,17158.137
26286,8429.407
26287,4447.189
26288,9909.388
26289,10814.704
26290,14197.859
26291,6690.5923
26292,8531.679
26293,9275.438
26294,6025.9575
26295,8254.09
26296,10052.636
26297,11378.721
26298,8332.295
26299,11164.259
26300,14402.504
26301,4171.793
26302,9381.358
26303,8516.54
26304,8344.6455
26305,7787.3804
26306,9891.645
26307,13694.534
26308,7380.686
26309,8210.629
26310,11809.691
26311,10769.959
26312,13257.213
26313,12410.056
26314,6165.3003
26315,9555.447
26316,8963.371
26317,11258.828
26318,11378.71
26319,12081.349
26320,5605.984
26321,10069.774
26322,10574.955
26323,11053.519
26324,13713.957
26325,5748.543
26326,5384.585
26327,15392.399
26328,12422.987
26329,12853.505
26330,9765.945
26331,10483.45
26332,12080.727
26333,5441.0576
26334,9804.106
26335,7689.738
26336,11421.136
26337,10160.005
26338,13190.859
26339,10160.993
26340,9773.203
26341,11907.934
26342,15335.53
26343,20774.709
26344,9714.21
26345,7014.444
26346,9406.329
26347,6120.8564
26348,4649.3613
26349,15433.765
26350,12332.042
26351,7785.821
26352,12528.924
26353,7159.657
26354,14238.527
26355,7221.238
26356,9446.301
26357,9060.195
26358,13005.7
26359,6715.93
26360,10179.958
26361,7643.1445
26362,8566.954
26363,10867.013
26364,6714.214
26365,9711.292
26366,9478.194
26367,11320.991
26368,11345.225
26369,9382.655
26370,7552.553
26371,17010.03
26372,6422.1074
26373,6560.2324
26374,16334.774
26375,9539.648
26376,13791.857
26377,11173.537
26378,15918.66
26379,8479.992
26380,9527.618
26381,7174.43
26382,9400.911
26383,11781.634
26384,15516.327
26385,10696.173
26386,11935.7
26387,12114.094
26388,6223.5806
26389,9576.012
26390,12523.523
26391,10340.886
26392,11679.298
26393,8426.723
26394,7479.6177
26395,7272.5396
26396,5622.671
26397,8599.618
26398,12372.899
26399,10528.049
26400,15255.676
26401,20935.36
26402,10128.348
26403,7003.1265
26404,11014.465
26405,9059.349
26406,12796.932
26407,6087.884
26408,8751.862
26409,5328.556
26410,11580.634
26411,9614.596
26412,9244.544
26413,19650.877
26414,13118.181
26415,8437.523
26416,9605.622
26417,5093.59
26418,6842.3574
26419,7464.2524
26420,11688.559
26421,7051.412
26422,5821.3286
26423,7970.7383
26424,11989.964
26425,10284.291
26426,7738.3276
26427,7732.6245
26428,9784.2
26429,10406.771
26430,11101.094
26431,5534.5283
26432,14734.148
26433,24236.918
26434,3893.7825
26435,10168.623
26436,13019.823
26437,11170.224
26438,9004.998
26439,3687.9622
26440,7115.7866
26441,11482.004
26442,6083.333
26443,12200.965
26444,12848.21
26445,6992.5605
26446,8483.221
26447,9370.403
26448,8805.86
26449,6159.5107
26450,9203.994
26451,11028.614
26452,12843.053
26453,10561.228
26454,14390.2705
26455,8058.071
26456,5220.093
26457,9720.624
26458,7818.012
26459,13671.592
26460,8400.113
26461,6464.3154
26462,25886.64
26463,10914.814
26464,8085.3784
26465,15000.891
26466,9965.526
26467,11076.071
26468,8694.38
26469,10817.583
26470,6192.925
26471,12469.615
26472,16912.953
26473,8367.36
26474,8080.452
26475,9439.78
26476,17968.01
26477,9302.602
26478,7692.445
26479,8924.531
26480,8202.121
26481,9746.822
26482,6124.174
26483,12673.77
26484,6574.96
26485,9839.779
26486,4188.956
26487,24946.69
26488,11245.649
26489,6285.289
26490,6030.074
26491,13924.955
26492,8977.18
26493,9440.924
26494,11191.028
26495,9303.453
26496,6832.1445
26497,6409.232
26498,13167.506
26499,8997.117
26500,8979.825
26501,9433.876
26502,10165.22
26503,6666.7803
26504,10104.352
26505,8080.252
26506,4925.51
26507,10839.561
26508,11876.289
26509,6029.407
26510,10326.969
26511,10403.278
26512,6989.7666
26513,12633.195
26514,9510.568
26515,8920.506
26516,8769.618
26517,10643.499
26518,4847.855
26519,6741.4995
26520,7648.8257
26521,14901.402
26522,8785.969
26523,12702.934
26524,5931.6694
26525,10891.874
26526,6424.141
26527,8353.884
26528,6437.1816
26529,9428.218
26530,7798.3735
26531,9698.61
26532,10633.403
26533,11478.905
26534,6104.939
26535,9194.8955
26536,9753.108
26537,12064.583
26538,8362.573
26539,12800.105
26540,13237.756
26541,8488.991
26542,3943.1106
26543,11616.608
26544,8929.427
26545,8358.387
26546,10856.901
26547,5456.447
26548,15038.866
26549,8156.094
26550,9904.72
26551,14590.562
26552,7888.2783
26553,6948.7324
26554,0.0
26555,8763.865
26556,13659.119
26557,6758.677
26558,12385.627
26559,13160.11
26560,7927.885
26561,7187.56
26562,9162.269
26563,7808.4585
26564,8242.887
26565,7664.366
26566,12792.526
26567,9736.769
26568,6642.7866
26569,6859.8506
26570,7911.2065
26571,11302.726
26572,10050.076
26573,12976.806
26574,8090.416
26575,9228.458
26576,5555.1074
26577,10241.066
26578,10942.739
26579,9526.818
26580,8452.626
26581,8753.331
26582,11646.517
26583,13186.457
26584,8513.616
26585,11305.248
26586,7758.193
26587,9109.751
26588,9692.655
26589,9378.701
26590,5768.305
26591,5797.7886
26592,9342.864
26593,8533.144
26594,8975.219
26595,8865.999
26596,11385.788
26597,8008.146
26598,8343.635
26599,9850.399
26600,7565.7905
26601,4846.32
26602,13412.18
26603,5151.1416
26604,10368.628
26605,10493.463
26606,8706.238
26607,10739.72
26608,18960.508
26609,12257.335
26610,11743.244
26611,6349.3286
26612,11261.481
26613,10222.866
26614,4964.272
26615,4789.322
26616,12205.69
26617,5954.5825
26618,10820.523
26619,15061.071
26620,10485.76
26621,10742.24
26622,8442.088
26623,10868.733
26624,9837.499
26625,10065.915
26626,11228.459
26627,13414.418
26628,12756.013
26629,9465.7
26630,10945.6
26631,7272.4077
26632,9914.616
26633,6104.38
26634,7590.38
26635,9235.379
26636,7328.8804
26637,7696.9585
26638,11509.425
26639,8348.252
26640,13490.501
26641,12110.328
26642,7864.089
26643,5795.2344
26644,14081.076
26645,9402.48
26646,9114.879
26647,9038.626
26648,11330.832
26649,8768.539
26650,8466.424
26651,9393.248
26652,10150.668
26653,8010.9805
26654,6220.72
26655,12556.605
26656,10007.378
26657,7854.921
26658,5686.731
26659,18849.281
26660,8848.951
26661,9426.042
26662,9183.081
26663,14638.845
26664,13550.631
26665,11168.071
26666,11466.409
26667,11682.64
26668,8537.255
26669,8325.05
26670,9851.687
26671,14042.184
26672,20099.188
26673,8393.882
26674,7988.022
26675,5513.447
26676,7971.552
26677,13481.073
26678,20743.29
26679,10646.423
26680,7902.2773
26681,6614.5884
26682,8806.675
26683,8468.047
26684,12368.746
26685,13030.221
26686,7548.599
26687,5622.07
26688,11096.5625
26689,8777.325
26690,12032.12
26691,14300.259
26692,7340.2764
26693,11037.548
26694,5245.934
26695,10353.982
26696,11039.485
26697,10661.909
26698,13899.7705
26699,9689.31
26700,10470.929
26701,6166.6235
26702,8525.822
26703,10254.407
26704,11406.853
26705,10294.742
26706,11351.946
26707,9422.015
26708,6782.823
26709,12647.928
26710,5847.384
26711,13982.913
26712,8695.748
26713,6391.778
26714,9712.774
26715,9954.658
26716,8486.158
26717,10361.55
26718,12148.921
26719,7771.7236
26720,14045.666
26721,5760.6406
26722,6758.7217
26723,11828.821
26724,12592.296
26725,13439.851
26726,8986.697
26727,9496.654
26728,7600.3047
26729,8042.8755
26730,10662.021
26731,10239.006
26732,9055.686
26733,7732.2554
26734,13964.495
26735,9965.127
26736,12788.318
26737,14518.768
26738,11099.706
26739,5908.484
26740,6687.5996
26741,8655.772
26742,11448.226
26743,7937.456
26744,11383.562
26745,8111.022
26746,16015.161
26747,8950.607
26748,7994.7065
26749,7554.7
26750,8500.115
26751,7250.093
26752,10519.959
26753,10640.008
26754,7574.91
26755,7820.8535
26756,7692.0635
26757,14949.759
26758,8502.953
26759,25055.99
26760,9755.891
26761,4876.847
26762,6067.374
26763,8740.534
26764,10570.831
26765,6026.078
26766,5509.8403
26767,11586.08
26768,8228.292
26769,8407.07
26770,6676.3696
26771,8516.841
26772,9652.948
26773,6356.9697
26774,6709.131
26775,8007.2905
26776,10016.966
26777,8588.0205
26778,7920.5986
26779,8148.8706
26780,10114.456
26781,7479.946
26782,5553.518
26783,6553.6846
26784,11220.28
26785,12223.515
26786,7814.262
26787,12216.743
26788,6181.564
26789,9573.199
26790,5825.2666
26791,6476.2515
26792,5162.4453
26793,8995.281
26794,9186.805
26795,13570.135
26796,10671.106
26797,7319.0654
26798,7282.653
26799,6475.467
26800,5078.1436
26801,6270.044
26802,12097.56
26803,7688.374
26804,6832.6465
26805,5790.709
26806,6658.8936
26807,9045.37
26808,4232.7583
26809,8922.522
26810,4976.6514
26811,7117.864
26812,7971.3994
26813,6348.723
26814,8632.366
26815,6143.7095
26816,8966.415
26817,10683.347
26818,8349.526
26819,6951.689
26820,11153.956
26821,5874.9004
26822,8056.2036
26823,8010.881
26824,12642.356
26825,6464.1553
26826,6812.025
26827,10361.431
26828,7700.498
26829,10685.212
26830,7636.7466
26831,11182.216
26832,6152.271
26833,5886.7866
26834,7301.655
26835,6643.484
26836,10616.268
26837,9191.563
26838,4319.528
26839,7104.1226
26840,8901.086
26841,7682.8613
26842,11313.953
26843,4424.121
26844,15217.922
26845,7349.748
26846,5907.402
26847,7370.563
26848,8225.766
26849,7483.0215
26850,9965.649
26851,5743.999
26852,7635.7485
26853,7296.6562
26854,8676.966
26855,8976.066
26856,7433.035
26857,8161.8296
26858,6130.895
26859,6431.192
26860,9327.087
26861,9006.132
26862,8676.296
26863,5700.259
26864,10445.125
26865,6362.739
26866,10547.769
26867,8334.624
26868,13135.5205
26869,7531.6914
26870,5295.828
26871,7788.985
26872,6500.9326
26873,6879.173
26874,6052.0396
26875,8597.765
26876,8162.351
26877,4371.174
26878,9587.253
26879,7232.839
26880,8660.141
26881,5344.0503
26882,8844.858
26883,10647.784
26884,5348.3184
26885,13775.7
26886,6530.8394
26887,6327.1836
26888,9784.274
26889,10870.827
26890,5967.2505
26891,5540.777
26892,8070.0464
26893,7684.283
26894,5453.3403
26895,6932.7646
26896,6897.576
26897,10337.986
26898,9792.966
26899,8340.954
26900,9103.002
26901,6907.004
26902,5016.122
26903,8074.335
26904,8507.975
26905,10030.818
26906,9496.627
26907,8907.081
26908,10550.193
26909,7126.219
26910,10031.201
26911,8364.049
26912,7165.1704
26913,8846.293
26914,10818.49
26915,7927.6274
26916,9204.951
26917,11729.264
26918,8741.576
26919,9510.795
26920,6754.8037
26921,8248.313
26922,9343.8
26923,7755.1445
26924,8489.34
26925,4778.384
26926,6250.6074
26927,12511.227
26928,9811.468
26929,7112.6045
26930,4963.8506
26931,10396.424
26932,8003.6104
26933,10107.243
26934,6643.186
26935,6860.793
26936,6381.2515
26937,4837.8677
26938,12209.16
26939,9192.291
26940,8094.8926
26941,8539.796
26942,6494.9087
26943,7383.587
26944,7585.538
26945,8455.683
26946,4876.745
26947,7972.1978
26948,6135.9966
26949,10289.933
26950,9470.125
26951,7633.688
26952,12809.363
26953,6867.7197
26954,5344.193
26955,12733.975
26956,6015.098
26957,7968.2827
26958,4843.2744
26959,10017.711
26960,8852.505
26961,5553.375
26962,7475.089
26963,7892.666
26964,6525.8203
26965,7883.442
26966,9281.128
26967,14032.973
26968,3283.6594
26969,7243.1045
26970,3736.7468
26971,17202.264
26972,5468.7593
26973,10021.151
26974,10284.379
26975,7840.856
26976,8338.981
26977,5480.791
26978,6645.271
26979,3575.7744
26980,5897.594
26981,7054.877
26982,6401.9736
26983,8226.715
26984,8436.252
26985,6061.5664
26986,8464.76
26987,7590.105
26988,9019.654
26989,10844.699
26990,8794.84
26991,5624.9346
26992,4210.023
26993,11447.079
26994,13424.49
26995,7279.8335
26996,9082.622
26997,5147.448
26998,8759.972
26999,6059.312
27000,5709.188
27001,7364.885
27002,5051.799
27003,9392.37
27004,6637.625
27005,10576.276
27006,8073.1875
27007,10035.604
27008,8898.132
27009,5896.987
27010,11172.014
27011,21610.809
27012,12528.362
27013,7143.989
27014,3694.8604
27015,7052.219
27016,10491.082
27017,6036.8247
27018,6651.0034
27019,13638.5
27020,6653.5034
27021,15792.348
27022,20063.488
27023,4434.5483
27024,8638.305
27025,6771.227
27026,4983.34
27027,8937.266
27028,5884.541
27029,11218.354
27030,10715.093
27031,11875.179
27032,8462.46
27033,9009.973
27034,4596.003
27035,8712.875
27036,4588.819
27037,7634.518
27038,8284.724
27039,11386.592
27040,6675.797
27041,6269.9663
27042,5559.3003
27043,8582.28
27044,7093.641
27045,5941.9814
27046,5433.2266
27047,9184.702
27048,6758.4575
27049,7085.1074
27050,9027.004
27051,9728.619
27052,0.0
27053,7722.1953
27054,8029.638
27055,7027.06
27056,8885.682
27057,8848.073
27058,9425.889
27059,8546.967
27060,8894.059
27061,6357.7095
27062,4260.7993
27063,8252.586
27064,8078.233
27065,7365.756
27066,5450.059
27067,3492.8884
27068,10584.845
27069,8473.363
27070,11245.403
27071,8387.088
27072,6875.5913
27073,8214.702
27074,6155.012
27075,5105.5513
27076,11881.194
27077,5883.789
27078,8479.055
27079,8365.612
27080,16939.799
27081,6636.34
27082,6953.8774
27083,8504.089
27084,7824.241
27085,7344.1353
27086,5695.764
27087,9068.754
27088,5154.597
27089,8269.85
27090,4659.7373
27091,7099.7734
27092,4459.725
27093,11961.752
27094,5797.717
27095,19619.248
27096,17264.49
27097,5460.029
27098,8280.908
27099,6511.327
27100,8032.066
27101,6569.876
27102,13528.459
27103,8960.0205
27104,11999.631
27105,5610.3755
27106,8382.673
27107,5270.284
27108,10308.439
27109,9835.885
27110,8087.453
27111,7210.9067
27112,6989.873
27113,6705.107
27114,9245.293
27115,10575.087
27116,6717.359
27117,8752.964
27118,11586.5
27119,7021.787
27120,8256.712
27121,7208.603
27122,11038.422
27123,8382.569
27124,6652.818
27125,6248.0146
27126,7825.7935
27127,6374.201
27128,12647.276
27129,6981.378
27130,8358.602
27131,8333.392
27132,10287.705
27133,4854.9307
27134,8728.6045
27135,12675.97
27136,10766.939
27137,10114.697
27138,8036.4263
27139,4771.3833
27140,16509.107
27141,11109.175
27142,9263.317
27143,18458.664
27144,11758.812
27145,8859.229
27146,8062.1606
27147,11004.354
27148,12123.838
27149,12953.459
27150,14643.872
27151,7222.684
27152,8993.085
27153,6700.4653
27154,10144.6
27155,4592.427
27156,12616.699
27157,7477.4277
27158,6555.435
27159,6859.9946
27160,11589.329
27161,9271.131
27162,6384.856
27163,8628.522
27164,6513.5947
27165,5978.822
27166,8099.055
27167,4487.2017
27168,5615.0225
27169,7442.7686
27170,8301.865
27171,10898.171
27172,9737.336
27173,8667.958
27174,7034.47
27175,7001.2295
27176,13132.414
27177,8788.299
27178,6686.8345
27179,6352.006
27180,5287.0205
27181,9574.204
27182,4903.2246
27183,11093.97
27184,7857.341
27185,3708.8267
27186,6313.1377
27187,10075.924
27188,7133.414
27189,5938.389
27190,9894.221
27191,10697.52
27192,13535.803
27193,6881.588
27194,10831.623
27195,3614.9417
27196,6473.0093
27197,8427.397
27198,7034.96
27199,8482.371
27200,6485.8394
27201,7415.7637
27202,5235.796
27203,6295.279
27204,12408.991
27205,9310.608
27206,6055.239
27207,5827.773
27208,10001.405
27209,13087.238
27210,9283.076
27211,6521.129
27212,5916.063
27213,11159.511
27214,7414.3
27215,8151.1016
27216,7256.651
27217,5738.145
27218,8228.802
27219,11960.429
27220,4821.6973
27221,5119.9087
27222,5998.689
27223,7450.752
27224,10180.006
27225,9535.036
27226,9662.795
27227,15715.675
27228,5928.683
27229,12825.952
27230,14556.758
27231,7998.3296
27232,5779.5293
27233,4098.787
27234,9166.263
27235,7529.2275
27236,7532.783
27237,7203.799
27238,8338.488
27239,13745.58
27240,6149.226
27241,6852.2124
27242,8637.638
27243,7032.29
27244,7523.2407
27245,5684.285
27246,5145.254
27247,8148.311
27248,4331.9355
27249,10649.633
27250,9337.27
27251,8410.623
27252,9962.305
27253,9998.096
27254,9325.842
27255,6473.6636
27256,9095.3125
27257,11061.935
27258,7517.9185
27259,6491.2173
27260,6110.4907
27261,5903.346
27262,12573.251
27263,7831.7744
27264,7342.8813
27265,6251.7227
27266,8664.858
27267,9327.033
27268,8757.373
27269,8032.296
27270,9858.773
27271,5934.9688
27272,6198.4976
27273,19527.162
27274,7994.226
27275,9315.271
27276,7789.3857
27277,8157.3237
27278,7352.006
27279,5732.9917
27280,4791.195
27281,5843.2637
27282,9499.952
27283,14669.341
27284,9776.028
27285,10230.991
27286,14015.05
27287,12010.21
27288,12998.371
27289,9123.02
27290,7008.5254
27291,5643.308
27292,12122.601
27293,12472.863
27294,9194.2295
27295,9983.192
27296,10051.601
27297,7417.978
27298,4971.2236
27299,12270.271
27300,8017.9824
27301,7849.184
27302,7938.5615
27303,3890.0476
27304,17328.312
27305,14034.485
27306,16298.096
27307,6427.5674
27308,6875.7095
27309,5350.701
27310,7254.0215
27311,7916.324
27312,11384.561
27313,7315.025
27314,5781.8726
27315,5826.967
27316,9209.474
27317,4830.444
27318,3933.4067
27319,7874.837
27320,15925.585
27321,7932.3926
27322,19107.385
27323,5450.335
27324,6273.0527
27325,8055.996
27326,6871.0024
27327,6265.04
27328,5488.4917
27329,5259.191
27330,4979.8184
27331,8870.609
27332,7587.803
27333,5126.0215
27334,10563.887
27335,8080.614
27336,8251.729
27337,5433.921
27338,10510.431
27339,9314.437
27340,10695.122
27341,7376.6675
27342,8825.258
27343,4733.3457
27344,5754.1714
27345,5556.453
27346,16977.178
27347,11415.069
27348,6970.665
27349,7119.0317
27350,5432.573
27351,6686.222
27352,5035.139
27353,11213.391
27354,5267.8467
27355,17026.309
27356,5179.5806
27357,6146.452
27358,6812.772
27359,10013.861
27360,7902.345
27361,5424.025
27362,8003.053
27363,9520.179
27364,8956.304
27365,8730.485
27366,7005.825
27367,5316.407
27368,12991.555
27369,5614.9263
27370,5076.4487
27371,6610.3438
27372,7322.6475
27373,7064.816
27374,7354.664
27375,11223.662
27376,9835.801
27377,7859.1025
27378,8087.476
27379,5684.312
27380,9103.801
27381,7001.4434
27382,5011.23
27383,8334.966
27384,7929.647
27385,7799.6377
27386,10852.677
27387,7621.822
27388,7645.266
27389,7847.4624
27390,8325.185
27391,6852.5654
27392,8141.1875
27393,7450.084
27394,8624.605
27395,8573.207
27396,8710.947
27397,10355.908
27398,6738.5166
27399,5586.8203
27400,13409.8
27401,7013.019
27402,4186.663
27403,9162.521
27404,9983.154
27405,12811.122
27406,6018.697
27407,6802.565
27408,7448.336
27409,4559.272
27410,7251.344
27411,8568.466
27412,8376.439
27413,6922.8857
27414,8744.962
27415,10306.197
27416,3899.4175
27417,7415.9897
27418,6894.1494
27419,7259.06
27420,6455.1597
27421,8173.6787
27422,11189.95
27423,6763.2104
27424,6080.061
27425,10525.579
27426,8528.66
27427,10365.859
27428,10548.302
27429,4990.9844
27430,8378.364
27431,8123.0454
27432,9800.339
27433,9309.001
27434,9761.932
27435,4508.362
27436,9464.626
27437,8403.358
27438,8639.31
27439,11050.451
27440,5080.44
27441,4955.77
27442,14200.839
27443,10408.071
27444,9952.864
27445,7685.705
27446,8367.217
27447,9846.613
27448,4501.8037
27449,8207.779
27450,6736.126
27451,8847.871
27452,8489.825
27453,9805.901
27454,9813.396
27455,7466.6665
27456,10372.871
27457,12705.721
27458,18120.828
27459,9280.526
27460,6046.737
27461,7631.1763
27462,4959.6714
27463,4054.2007
27464,12781.124
27465,9893.551
27466,6275.046
27467,10327.658
27468,5634.5195
27469,12875.21
27470,5315.758
27471,7503.7627
27472,7500.6284
27473,11219.777
27474,5630.211
27475,8038.289
27476,6438.084
27477,6912.6587
27478,9531.29
27479,5542.981
27480,7953.8784
27481,8262.068
27482,9622.1455
27483,8969.383
27484,7676.203
27485,6256.2324
27486,14143.839
27487,5746.2896
27488,5584.897
27489,12896.668
27490,8190.114
27491,11119.648
27492,8677.504
27493,15048.637
27494,7111.3696
27495,6759.3604
27496,6199.0356
27497,7525.681
27498,9553.078
27499,12479.026
27500,8627.279
27501,9638.651
27502,8941.111
27503,4771.6426
27504,8971.547
27505,9612.881
27506,8169.4077
27507,9443.049
27508,6669.4067
27509,6158.876
27510,5625.1704
27511,4650.444
27512,6504.94
27513,9986.249
27514,8751.778
27515,12264.445
27516,19454.053
27517,8157.3003
27518,5884.8613
27519,8963.756
27520,8104.5806
27521,10796.699
27522,4686.6484
27523,6895.846
27524,4868.4346
27525,10660.466
27526,7249.318
27527,7560.7695
27528,15516.18
27529,12128.788
27530,6550.21
27531,8032.863
27532,4408.412
27533,6063.278
27534,6201.4663
27535,9422.563
27536,5755.6313
27537,4895.2476
27538,7522.3584
27539,9746.283
27540,9210.801
27541,6404.0137
27542,6456.921
27543,7623.3267
27544,8655.12
27545,8398.254
27546,4749.786
27547,11888.789
27548,20456.65
27549,3881.6035
27550,8133.527
27551,10134.919
27552,8797.113
27553,6330.9624
27554,3272.2488
27555,5755.7085
27556,9317.99
27557,5617.0103
27558,9893.598
27559,10614.051
27560,5288.5083
27561,6186.0234
27562,7617.788
27563,7214.2363
27564,5372.7744
27565,6976.8047
27566,9077.079
27567,11062.188
27568,8906.343
27569,12432.482
27570,6366.509
27571,4417.412
27572,7858.1655
27573,6834.4453
27574,10362.191
27575,8177.4604
27576,5492.1733
27577,23572.799
27578,8575.529
27579,6924.5566
27580,13594.8125
27581,8351.311
27582,8687.814
27583,7296.51
27584,9030.827
27585,5970.188
27586,10286.92
27587,14714.32
27588,6470.2993
27589,6958.867
27590,7756.232
27591,16564.057
27592,7543.6978
27593,6418.58
27594,7296.19
27595,6446.0537
27596,7714.0977
27597,5112.5347
27598,9731.82
27599,5069.505
27600,8359.574
27601,3307.0828
27602,20985.676
27603,9643.488
27604,4973.908
27605,4967.337
27606,11803.769
27607,7442.8823
27608,8381.913
27609,9112.671
27610,7327.252
27611,5673.6846
27612,5762.9814
27613,11611.956
27614,7118.3257
27615,7609.626
27616,8138.6255
27617,8776.924
27618,6031.9844
27619,8531.752
27620,7289.7344
27621,4641.4785
27622,9775.114
27623,10406.811
27624,5380.6626
27625,8401.948
27626,8204.444
27627,5366.06
27628,10442.714
27629,7691.953
27630,8186.7866
27631,6970.1997
27632,8787.285
27633,4188.968
27634,5347.38
27635,6219.0825
27636,13768.962
27637,7421.9624
27638,10058.419
27639,4474.153
27640,9503.432
27641,5186.6455
27642,7004.803
27643,5443.0874
27644,7119.7925
27645,7007.282
27646,8335.761
27647,8658.2
27648,9435.559
27649,4730.8857
27650,7183.277
27651,8143.556
27652,9637.135
27653,7702.9146
27654,10828.008
27655,11004.237
27656,7218.5728
27657,3402.848
27658,9460.032
27659,7118.1626
27660,7456.24
27661,8569.912
27662,4900.5127
27663,12266.142
27664,6536.055
27665,8265.245
27666,12732.445
27667,7789.2075
27668,5517.724
27669,0.0
27670,6958.8604
27671,11202.263
27672,5912.351
27673,11632.951
27674,11833.8545
27675,6645.2266
27676,6244.196
27677,7864.8164
27678,6355.5996
27679,7314.641
27680,7115.753
27681,11037.843
27682,7799.4224
27683,6094.356
27684,5645.0312
27685,7770.493
27686,8686.704
27687,8126.61
27688,9573.446
27689,6853.9707
27690,7657.527
27691,4818.102
27692,8951.12
27693,8809.263
27694,7899.082
27695,6805.0566
27696,7540.4604
27697,9598.754
27698,11040.485
27699,6451.836
27700,8981.333
27701,6928.6196
27702,7584.7715
27703,7768.2256
27704,8192.746
27705,4927.103
27706,5290.759
27707,8817.35
27708,8065.999
27709,7173.171
27710,7208.5205
27711,9245.558
27712,6814.5596
27713,7002.0576
27714,7949.457
27715,5755.335
27716,3994.29
27717,10710.2705
27718,4511.1406
27719,8815.163
27720,8495.276
27721,7111.3765
27722,8744.161
27723,15977.936
27724,10522.729
27725,10120.343
27726,5567.8706
27727,9432.2295
27728,8607.939
27729,4849.4136
27730,4159.003
27731,9951.46
27732,4432.0366
27733,8620.403
27734,14402.834
27735,8732.043
27736,8472.385
27737,6415.1343
27738,8645.69
27739,7716.7983
27740,8019.596
27741,8394.811
27742,9913.462
27743,10378.601
27744,7825.443
27745,9113.218
27746,6150.4053
27747,8171.356
27748,5336.9795
27749,6750.8745
27750,7112.8213
27751,5969.357
27752,6526.798
27753,9133.302
27754,6232.218
27755,10767.885
27756,9138.931
27757,5934.839
27758,5225.3135
27759,11377.842
27760,8852.192
27761,7400.141
27762,7355.583
27763,9284.52
27764,6822.7866
27765,7175.785
27766,7606.723
27767,8019.137
27768,6735.978
27769,5924.347
27770,9801.255
27771,8380.099
27772,6152.3765
27773,4463.019
27774,16366.977
27775,7211.1475
27776,7274.135
27777,8022.6104
27778,12450.732
27779,10371.308
27780,9806.052
27781,10063.889
27782,8704.453
27783,6563.9443
27784,6712.024
27785,8717.655
27786,11985.437
27787,16745.18
27788,6577.9707
27789,6897.451
27790,4633.706
27791,6248.694
27792,11692.572
27793,17691.906
27794,9054.097
27795,6401.925
27796,5359.824
27797,7310.428
27798,6516.298
27799,10252.667
27800,10415.072
27801,7147.662
27802,4734.244
27803,9387.248
27804,7478.405
27805,9667.423
27806,10682.032
27807,6043.577
27808,9028.192
27809,4822.6587
27810,7977.0356
27811,10177.143
27812,8315.027
27813,11493.092
27814,8029.8755
27815,8822.918
27816,4874.308
27817,6773.3394
27818,8966.723
27819,9835.66
27820,8195.803
27821,9023.922
27822,7999.1533
27823,5295.1665
27824,11067.349
27825,5265.837
27826,12232.938
27827,6953.9106
27828,5293.7876
27829,7877.632
27830,8101.613
27831,7610.976
27832,8730.702
27833,10129.479
27834,5916.6274
27835,12476.801
27836,4579.544
27837,5464.9785
27838,9990.574
27839,11130.12
27840,11725.975
27841,8223.977
27842,8163.916
27843,6496.7734
27844,7222.7256
27845,8896.299
27846,8258.555
27847,7307.514
27848,6695.61
27849,11488.981
27850,8302.76
27851,9988.126
27852,13430.125
27853,9154.747
27854,5258.7944
27855,5739.875
27856,6999.54
27857,11125.461
27858,6477.74
27859,8960.481
27860,6832.4053
27861,12359.183
27862,8251.791
27863,6671.748
27864,6136.611
27865,6241.7544
27866,6182.867
27867,8208.805
27868,8330.833
27869,6621.2793
27870,6163.2896
27871,5892.354
27872,11270.077
27873,7177.9824
27874,22728.324
27875,8054.836
27876,4585.7993
27877,6356.139
27878,7997.33
27879,9823.013
27880,5782.198
27881,5173.2603
27882,9861.012
27883,7166.7974
27884,7480.7876
27885,6118.697
27886,8703.308
27887,9143.359
27888,5788.279
27889,5923.245
27890,7432.3545
27891,9311.816
27892,7406.2915
27893,7679.191
27894,7475.495
27895,9558.866
27896,6012.3335
27897,5043.4355
27898,6138.9175
27899,10563.051
27900,11254.459
27901,7122.4346
27902,11179.496
27903,5287.4443
27904,8542.134
27905,4516.8286
27906,6076.3394
27907,4948.722
27908,8511.295
27909,8600.233
27910,12329.607
27911,10183.628
27912,6779.7383
27913,6467.615
27914,5749.53
27915,4618.8257
27916,6034.833
27917,11642.663
27918,7082.6953
27919,6201.034
27920,5641.871
27921,5927.671
27922,8850.969
27923,3914.6982
27924,8323.558
27925,4777.832
27926,6936.0386
27927,7536.5996
27928,5849.4814
27929,8299.672
27930,5540.6235
27931,8061.569
27932,9860.739
27933,7617.3013
27934,6135.9673
27935,10241.555
27936,5768.1787
27937,7148.8896
27938,7642.569
27939,12058.911
27940,5595.8013
27941,6272.018
27942,9450.951
27943,7847.9785
27944,9920.471
27945,7064.2837
27946,9915.959
27947,5272.5264
27948,5015.495
27949,6571.5806
27950,6208.9946
27951,9932.523
27952,8323.708
27953,4095.0195
27954,6253.553
27955,7961.522
27956,7232.839
27957,10460.667
27958,4063.4968
27959,14788.068
27960,7008.1313
27961,5509.4355
27962,6755.461
27963,7092.904
27964,6770.7104
27965,9140.796
27966,5294.924
27967,6946.625
27968,6603.0903
27969,7791.1543
27970,7576.1675
27971,6525.615
27972,7310.414
27973,5665.0156
27974,5884.889
27975,8786.095
27976,8317.431
27977,7721.849
27978,5024.8667
27979,10027.69
27980,5770.8145
27981,10012.095
27982,7664.0737
27983,12377.254
27984,6851.99
27985,4927.728
27986,7234.1636
27987,6077.916
27988,6467.035
27989,5717.0625
27990,7950.1016
27991,7732.772
27992,4051.1082
27993,8739.009
27994,6641.887
27995,7867.75
27996,4770.8643
27997,8618.578
27998,9955.238
27999,4723.6616
28000,12425.927
28001,6013.2686
28002,5929.571
28003,8960.9
28004,9938.332
28005,5542.8755
28006,5173.27
28007,7607.231
28008,6804.3755
28009,5144.0366
28010,6544.683
28011,6229.734
28012,9707.375
28013,8580.995
28014,7588.165
28015,8552.0625
28016,6078.855
28017,4711.467
28018,7199.5327
28019,8169.688
28020,9234.269
28021,8987.34
28022,8583.205
28023,9303.125
28024,6525.7085
28025,9424.945
28026,7474.39
28027,6670.4565
28028,8157.868
28029,9947.606
28030,7364.5825
28031,7827.4507
28032,10614.881
28033,8737.475
28034,8505.89
28035,6079.9453
28036,7428.0176
28037,8396.3
28038,7088.447
28039,7701.2104
28040,4423.0493
28041,5822.939
28042,11271.528
28043,9160.835
28044,6491.533
28045,4665.844
28046,8994.724
28047,7371.4277
28048,9026.479
28049,6318.9453
28050,6274.782
28051,5737.133
28052,4444.3306
28053,11200.158
28054,7942.5073
28055,7666.347
28056,7736.1655
28057,5968.3433
28058,6548.804
28059,6888.3784
28060,7694.4995
28061,4338.2915
28062,6272.1494
28063,5752.9253
28064,9762.77
28065,8524.106
28066,7014.7183
28067,11589.783
28068,6806.693
28069,5296.6416
28070,11897.762
28071,5579.753
28072,7683.792
28073,3435.0127
28074,9296.942
28075,8270.875
28076,5277.261
28077,6856.6255
28078,8106.8535
28079,6065.21
28080,7112.842
28081,8435.874
28082,12780.197
28083,3077.1719
28084,6614.727
28085,3574.468
28086,14716.636
28087,5707.435
28088,9262.337
28089,9756.43
28090,7212.7983
28091,7671.3286
28092,5290.9253
28093,5989.541
28094,3345.8794
28095,5161.49
28096,6457.4814
28097,5640.935
28098,7833.112
28099,8060.4307
28100,5514.409
28101,7665.4116
28102,6921.803
28103,8551.582
28104,10155.161
28105,8373.516
28106,5419.2
28107,4024.7654
28108,10506.683
28109,12268.411
28110,6405.4917
28111,8284.755
28112,4929.599
28113,8093.657
28114,5538.072
28115,5421.2837
28116,6917.2427
28117,4498.1724
28118,8276.297
28119,6105.2183
28120,9820.512
28121,7555.334
28122,9331.456
28123,8342.975
28124,5519.614
28125,10344.2
28126,19937.652
28127,11646.117
28128,6115.319
28129,3384.3691
28130,6694.5054
28131,9493.593
28132,5539.44
28133,6161.2383
28134,13444.287
28135,6416.615
28136,14602.84
28137,18684.633
28138,4240.1533
28139,7596.116
28140,6097.4844
28141,4455.3965
28142,8508.373
28143,5979.278
28144,10019.125
28145,10084.374
28146,9775.422
28147,7436.7793
28148,8093.4487
28149,4487.912
28150,8064.8525
28151,4126.3853
28152,6948.3813
28153,7719.89
28154,10605.206
28155,6349.571
28156,5996.315
28157,5041.526
28158,7939.364
28159,6228.5273
28160,5620.0327
28161,4793.165
28162,8503.942
28163,6150.7515
28164,6515.7134
28165,7913.1006
28166,8653.3545
28167,0.0
28168,6732.985
28169,6827.9946
28170,6640.4365
28171,7907.299
28172,8031.8745
28173,8944.992
28174,7997.5513
28175,7833.4927
28176,6027.113
28177,4038.5913
28178,7926.524
28179,7293.0103
28180,6723.8267
28181,4957.6377
28182,3023.0603
28183,9821.654
28184,7636.659
28185,10619.072
28186,7747.101
28187,6214.5166
28188,7184.078
28189,5653.065
28190,4752.7637
28191,10445.403
28192,5530.217
28193,7914.399
28194,8142.391
28195,14880.143
28196,6196.6
28197,5666.8047
28198,7977.804
28199,5981.4
28200,6481.0464
28201,5414.7305
28202,8189.934
28203,4908.021
28204,7609.0015
28205,4402.55
28206,6559.607
28207,4042.0486
28208,11044.604
28209,5557.3228
28210,18619.012
28211,15184.389
28212,5259.5117
28213,7698.4414
28214,5661.613
28215,7230.4663
28216,6085.178
28217,12227.654
28218,8317.09
28219,10272.233
28220,4948.8545
28221,7918.7104
28222,5086.351
28223,9579.529
28224,9027.856
28225,7383.932
28226,6473.608
28227,6676.389
28228,6649.646
28229,8635.298
28230,9722.571
28231,6357.934
28232,8010.82
28233,10748.215
28234,6794.8413
28235,7434.999
28236,6759.418
28237,10007.636
28238,7778.4204
28239,5823.7554
28240,6024.044
28241,6661.714
28242,5844.0996
28243,12188.857
28244,6521.7383
28245,7810.775
28246,7665.799
28247,9513.943
28248,4671.999
28249,7937.88
28250,10561.892
28251,9436.791
28252,8720.149
28253,7119.609
28254,4470.7954
28255,16041.715
28256,10006.786
28257,8468.168
28258,17641.326
28259,9577.501
28260,8317.209
28261,7661.6836
28262,10112.286
28263,11069.259
28264,11964.41
28265,13459.413
28266,6086.6587
28267,8037.7065
28268,6076.31
28269,9232.965
28270,4145.955
28271,10912.91
28272,6697.009
28273,6146.781
28274,6483.971
28275,10242.355
28276,8570.206
28277,6103.92
28278,8019.26
28279,6079.522
28280,5225.7373
28281,7601.523
28282,4172.2466
28283,5384.2563
28284,6432.744
28285,7930.1987
28286,10200.095
28287,9259.669
28288,7966.269
28289,6699.3916
28290,6504.2695
28291,11957.497
28292,7968.2983
28293,5976.005
28294,5823.672
28295,5082.083
28296,9296.694
28297,4649.1973
28298,10935.728
28299,7619.1543
28300,3502.0068
28301,5882.88
28302,8779.854
28303,6682.7666
28304,5713.5356
28305,9353.626
28306,9819.557
28307,12871.993
28308,6200.6025
28309,10468.732
28310,3345.79
28311,5836.5625
28312,8015.329
28313,6129.474
28314,7584.0044
28315,5990.0894
28316,6981.298
28317,4842.517
28318,5582.0366
28319,11914.397
28320,9086.85
28321,5539.054
28322,5441.0938
28323,9268.3545
28324,12114.383
28325,8807.33
28326,5964.075
28327,5320.5566
28328,11319.253
28329,7057.8853
28330,8405.747
28331,6405.773
28332,5448.24
28333,7599.5513
28334,10592.873
28335,3957.815
28336,5096.5303
28337,5043.06
28338,6713.612
28339,9868.322
28340,8763.975
28341,8856.762
28342,13784.046
28343,5657.294
28344,11524.1875
28345,13433.315
28346,7405.811
28347,5424.7495
28348,3598.966
28349,8651.274
28350,6851.2256
28351,6695.425
28352,6566.7686
28353,7530.4414
28354,11715.635
28355,5777.0986
28356,6245.685
28357,8146.4927
28358,5401.772
28359,7309.3755
28360,5210.8745
28361,4678.171
28362,7543.6113
28363,3913.1526
28364,8656.92
28365,8528.2295
28366,7677.5796
28367,8786.246
28368,9242.27
28369,8724.95
28370,5944.045
28371,8348.093
28372,9940.968
28373,7126.8037
28374,6141.5356
28375,5847.239
28376,6329.749
28377,11657.941
28378,7223.146
28379,6753.5796
28380,5672.8022
28381,8520.083
28382,8726.681
28383,7893.3057
28384,7148.9985
28385,9324.694
28386,5611.89
28387,5997.8364
28388,17862.912
28389,7031.398
28390,9072.544
28391,6754.8228
28392,7031.847
28393,6540.09
28394,5381.7095
28395,4450.8896
28396,5592.7705
28397,9006.991
28398,13763.487
28399,9003.813
28400,9767.538
28401,11850.299
28402,11255.693
28403,11817.827
28404,8311.214
28405,6567.42
28406,5195.454
28407,11686.229
28408,11459.937
28409,8656.268
28410,9074.586
28411,8553.36
28412,6854.4087
28413,4339.2974
28414,11345.02
28415,7405.705
28416,7005.799
28417,7085.594
28418,3584.0146
28419,14985.633
28420,12862.629
28421,14908.596
28422,6116.2695
28423,5898.8716
28424,5067.107
28425,6873.9326
28426,6771.0396
28427,10219.2295
28428,6851.6963
28429,5465.578
28430,5494.578
28431,7861.9062
28432,4906.739
28433,3545.5781
28434,6779.641
28435,14438.648
28436,7361.1133
28437,18488.227
28438,4934.2847
28439,5878.0283
28440,7501.852
28441,5950.614
28442,5723.943
28443,5288.771
28444,4856.8296
28445,4429.6064
28446,8028.007
28447,7108.291
28448,4701.702
28449,9620.256
28450,6827.754
28451,7528.244
28452,4832.905
28453,10042.766
28454,8585.694
28455,9970.917
28456,6337.306
28457,7751.817
28458,4422.3154
28459,5372.2827
28460,5212.117
28461,16732.648
28462,10871.988
28463,6522.566
28464,6305.567
28465,5109.985
28466,6187.168
28467,4555.7246
28468,9885.288
28469,4766.4155
28470,15890.841
28471,4785.723
28472,5619.3735
28473,6108.69
28474,9558.766
28475,7539.756
28476,5163.652
28477,7239.6235
28478,8447.452
28479,8246.952
28480,7943.9316
28481,6392.333
28482,4410.578
28483,10656.155
28484,5064.9033
28485,4407.0835
28486,6199.2305
28487,7025.331
28488,6675.892
28489,6876.9097
28490,10381.531
28491,8809.321
28492,7154.8105
28493,7431.7236
28494,5194.5425
28495,8537.051
28496,6546.1875
28497,4793.6455
28498,7601.1025
28499,7330.3276
28500,7011.7886
28501,9977.614
28502,7103.6416
28503,7032.753
28504,7404.3066
28505,7054.628
28506,6146.077
28507,7699.932
28508,7214.1196
28509,7696.3564
28510,6603.8086
28511,7518.858
28512,9485.375
28513,6557.93
28514,5077.0684
28515,12652.79
28516,6143.8735
28517,4031.7705
28518,8010.537
28519,9571.748
28520,11635.892
28521,5495.8
28522,6204.6436
28523,6878.5957
28524,4181.913
28525,6590.6064
28526,8113.5137
28527,7227.5356
28528,6079.6494
28529,7616.546
28530,9423.642
28531,3539.323
28532,6700.1587
28533,6370.257
28534,6464.291
28535,5699.465
28536,7469.679
28537,9910.815
28538,6266.9946
28539,5398.9956
28540,9568.991
28541,7833.986
28542,9371.1455
28543,9759.679
28544,5036.2197
28545,7502.8965
28546,7467.578
28547,9070.329
28548,8450.458
28549,9179.657
28550,3935.2683
28551,9335.88
28552,7987.5347
28553,7918.129
28554,10657.416
28555,4823.3027
28556,4501.7993
28557,13397.643
28558,9609.801
28559,9085.932
28560,6856.1875
28561,6844.413
28562,9408.087
28563,3966.875
28564,7377.033
28565,6041.9634
28566,8366.833
28567,7182.783
28568,8203.795
28569,8919.901
28570,6477.8203
28571,9459.41
28572,11960.291
28573,17467.076
28574,8269.377
28575,5383.8506
28576,6769.438
28577,4684.744
28578,3505.329
28579,11796.779
28580,8810.405
28581,5724.1997
28582,9028.08
28583,5279.285
28584,11705.962
28585,5005.158
28586,7109.1655
28587,6667.594
28588,11264.081
28589,5451.099
28590,7626.199
28591,6021.4873
28592,6185.5156
28593,8375.201
28594,5071.962
28595,7844.155
28596,7959.388
28597,9268.531
28598,8355.66
28599,7129.5234
28600,5790.0957
28601,12298.73
28602,5170.128
28603,5258.664
28604,11470.795
28605,7973.9243
28606,10440.284
28607,8000.458
28608,14407.67
28609,6325.9346
28610,6053.9624
28611,5513.6045
28612,6718.2495
28613,8885.775
28614,11644.106
28615,7902.164
28616,8483.221
28617,8354.815
28618,4478.2603
28619,8312.236
28620,9098.966
28621,7550.637
28622,8358.107
28623,6039.008
28624,5502.687
28625,5484.033
28626,4286.343
28627,5826.1777
28628,9181.978
28629,7722.2764
28630,11040.844
28631,18575.68
28632,7443.0454
28633,5663.1196
28634,8303.544
28635,7647.2427
28636,9878.021
28637,4370.1357
28638,6631.202
28639,4505.4897
28640,9449.076
28641,6982.27
28642,6529.2573
28643,14222.471
28644,12486.3955
28645,6003.262
28646,7329.013
28647,4269.001
28648,5801.9487
28649,5741.846
28650,9061.881
28651,5317.396
28652,4687.605
28653,6699.494
28654,7847.724
28655,7007.9106
28656,5565.6934
28657,6174.3926
28658,6919.532
28659,7546.346
28660,7568.6196
28661,4243.9937
28662,11036.874
28663,19216.598
28664,3725.2402
28665,7508.753
28666,8786.12
28667,8085.332
28668,5539.1123
28669,3145.046
28670,5249.363
28671,8227.711
28672,5089.413
28673,8418.247
28674,10098.138
28675,5079.103
28676,5664.886
28677,7122.156
28678,6537.246
28679,4958.4893
28680,6723.468
28681,8282.124
28682,10384.105
28683,8099.789
28684,11167.816
28685,6088.5864
28686,4084.6812
28687,7060.3022
28688,6261.8857
28689,8936.763
28690,7551.559
28691,4878.425
28692,22927.377
28693,7525.5303
28694,6334.629
28695,12750.989
28696,7468.931
28697,8212.227
28698,6599.7344
28699,8416.071
28700,5336.1855
28701,9367.303
28702,14216.477
28703,5617.7495
28704,6215.2104
28705,7446.2334
28706,14796.59
28707,6853.121
28708,5906.0947
28709,6601.529
28710,5721.3613
28711,6922.199
28712,4277.932
28713,8991.524
28714,4814.578
28715,7819.183
28716,3191.275
28717,20041.209
28718,9280.474
28719,5036.9546
28720,4843.5103
28721,10158.396
28722,6858.594
28723,7789.8613
28724,8645.171
28725,6503.9224
28726,5387.3643
28727,5034.3657
28728,10492.513
28729,6752.8193
28730,6862.501
28731,7591.9297
28732,8218.793
28733,5438.074
28734,7806.4253
28735,6403.36
28736,4303.6357
28737,8751.8125
28738,8921.008
28739,5097.011
28740,7712.5967
28741,7572.367
28742,5138.133
28743,9893.532
28744,6543.2974
28745,7593.979
28746,6701.635
28747,8250.642
28748,4024.205
28749,4994.475
28750,5667.5347
28751,11312.831
28752,7636.4404
28753,9265.465
28754,4091.2168
28755,8554.355
28756,4887.3345
28757,6537.3086
28758,4907.2065
28759,6441.051
28760,6596.7954
28761,7531.4326
28762,7766.8105
28763,8854.177
28764,4429.5386
28765,6567.144
28766,7719.5737
28767,8381.17
28768,7447.342
28769,10034.924
28770,10417.506
28771,6726.078
28772,3396.6047
28773,7618.544
28774,5836.501
28775,6724.513
28776,7705.7656
28777,4662.4717
28778,11704.6
28779,6107.729
28780,7488.1265
28781,11913.454
28782,6816.614
28783,4958.735
28784,0.0
28785,6241.7363
28786,10731.375
28787,5690.03
28788,10128.628
28789,10212.351
28790,6262.077
28791,5760.47
28792,7103.4585
28793,5873.444
28794,6430.6704
28795,6635.036
28796,9884.138
28797,7340.4165
28798,5723.812
28799,4987.2676
28800,6928.0513
28801,8003.1675
28802,7188.9795
28803,8861.603
28804,6236.797
28805,7079.541
28806,4564.864
28807,8385.928
28808,8470.971
28809,7290.826
28810,6222.714
28811,7044.9316
28812,8520.213
28813,9782.492
28814,6052.5073
28815,8099.6577
28816,6040.7876
28817,6862.8477
28818,7514.3267
28819,7578.943
28820,4717.3354
28821,4819.104
28822,9177.329
28823,7894.3145
28824,6326.876
28825,6360.621
28826,8225.498
28827,6374.87
28828,5936.254
28829,7813.271
28830,5507.8857
28831,3562.5195
28832,9454.377
28833,4251.019
28834,8138.1675
28835,7784.484
28836,6449.0547
28837,7201.2295
28838,12083.8955
28839,10224.875
28840,9849.281
28841,5097.512
28842,8607.915
28843,7786.088
28844,4671.0234
28845,3606.3687
28846,8804.794
28847,3921.0703
28848,7899.8354
28849,13368.758
28850,8218.8955
28851,7638.5166
28852,5456.66
28853,7832.148
28854,7007.2754
28855,7115.583
28856,7596.5435
28857,8827.446
28858,9789.025
28859,7015.4946
28860,8417.549
28861,5646.3667
28862,7388.427
28863,5059.0947
28864,6125.266
28865,6524.3643
28866,5594.7607
28867,5992.69
28868,8188.005
28869,5626.7373
28870,10144.125
28871,8084.283
28872,5329.466
28873,4801.173
28874,10432.968
28875,8283.799
28876,6370.0137
28877,6757.4004
28878,7770.775
28879,6313.21
28880,6278.644
28881,6970.1
28882,7526.8726
28883,6319.2163
28884,5363.44
28885,9687.415
28886,7888.301
28887,5904.326
28888,4023.1418
28889,13553.953
28890,6735.8623
28891,6120.81
28892,7273.247
28893,11715.1875
28894,9626.001
28895,9419.257
28896,9130.026
28897,7839.383
28898,6090.7065
28899,6250.375
28900,8049.3984
28901,10231.9375
28902,15881.189
28903,5640.9673
28904,6046.3794
28905,4034.6985
28906,5300.604
28907,9749.491
28908,15533.177
28909,7134.8364
28910,5141.329
28911,5167.776
28912,6781.614
28913,6049.1714
28914,10154.87
28915,9263.547
28916,6651.6885
28917,4345.233
28918,8590.519
28919,6723.4546
28920,8855.579
28921,9909.879
28922,5378.025
28923,8222.815
28924,4397.7817
28925,7725.5913
28926,9358.641
28927,7596.196
28928,10603.962
28929,7023.4688
28930,8252.074
28931,4650.2397
28932,6465.5737
28933,7828.063
28934,9226.504
28935,7617.323
28936,8380.3545
28937,7190.111
28938,4875.6196
28939,10127.807
28940,4866.1133
28941,11122.13
28942,6442.403
28943,5007.0825
28944,8893.906
28945,7274.5024
28946,6755.2544
28947,8171.4727
28948,9555.119
28949,5495.05
28950,11494.89
28951,4162.7534
28952,4862.151
28953,8964.346
28954,9889.324
28955,11368.806
28956,7682.0625
28957,7070.141
28958,6080.676
28959,6363.376
28960,8280.663
28961,7313.713
28962,6877.6245
28963,5946.8857
28964,10645.916
28965,7893.2153
28966,9037.359
28967,12394.063
28968,9051.653
28969,4806.548
28970,5280.1714
28971,6315.661
28972,10942.196
28973,5786.75
28974,8608.219
28975,5756.384
28976,10920.167
28977,7536.9443
28978,5994.576
28979,5615.0493
28980,5673.111
28981,5515.198
28982,7312.5205
28983,6970.9644
28984,5907.227
28985,5108.074
28986,5300.8564
28987,10386.582
28988,6812.753
28989,22405.129
28990,7584.7134
28991,4341.073
28992,5347.1606
28993,7627.6035
28994,9511.448
28995,5155.123
28996,4920.861
28997,9704.662
28998,7758.859
28999,7280.6665
29000,6017.52
29001,7731.378
29002,8717.779
29003,5422.525
29004,5831.871
29005,7367.2456
29006,8707.326
29007,7112.1025
29008,7269.7515
29009,7271.5474
29010,9680.377
29011,6175.671
29012,4980.949
29013,6130.766
29014,10003.141
29015,11223.47
29016,7483.9995
29017,10631.102
29018,5570.8506
29019,8240.505
29020,5089.452
29021,6106.4473
29022,4574.58
29023,8137.787
29024,7857.401
29025,11948.924
29026,9869.301
29027,7064.1216
29028,6142.637
29029,5241.9175
29030,4967.934
29031,6075.8174
29032,10765.6875
29033,6903.566
29034,5677.5767
29035,5946.143
29036,5828.1455
29037,7838.261
29038,3561.969
29039,7838.979
29040,4790.7607
29041,7313.1343
29042,7686.394
29043,5717.8916
29044,8216.152
29045,5350.747
29046,8385.784
29047,9676.232
29048,7263.0283
29049,5857.963
29050,9577.026
29051,5248.166
29052,6915.58
29053,7788.398
29054,12281.512
29055,5743.4565
29056,6564.2383
29057,8954.715
29058,7375.0986
29059,9686.972
29060,6901.5645
29061,9568.928
29062,5114.1587
29063,5264.6265
29064,6280.89
29065,6432.333
29066,9835.744
29067,8513.853
29068,3984.932
29069,6034.672
29070,8535.357
29071,6666.9517
29072,10406.91
29073,3902.1636
29074,13432.277
29075,6719.6724
29076,5300.74
29077,6222.6016
29078,6792.4634
29079,6521.359
29080,8780.247
29081,5125.9775
29082,6689.1245
29083,6404.0806
29084,7676.833
29085,7401.059
29086,6072.127
29087,7559.0894
29088,5723.0366
29089,5793.5815
29090,8880.217
29091,8243.186
29092,7330.2783
29093,4818.341
29094,9552.149
29095,5607.219
29096,8838.5
29097,7563.4814
29098,12269.78
29099,6730.763
29100,4722.153
29101,7416.888
29102,5958.253
29103,6212.229
29104,5309.3022
29105,7594.015
29106,7227.6323
29107,3984.4263
29108,8486.902
29109,6261.5454
29110,7901.6743
29111,4735.712
29112,7694.815
29113,8845.744
29114,4422.374
29115,11705.382
29116,5900.6387
29117,5468.1436
29118,8708.838
29119,9726.985
29120,5479.155
29121,5171.672
29122,7591.249
29123,6720.3965
29124,4774.078
29125,6577.626
29126,5761.5474
29127,9342.142
29128,8729.012
29129,7248.495
29130,8382.984
29131,5917.79
29132,4564.5503
29133,7020.5884
29134,8388.432
29135,8640.57
29136,8818.367
29137,8027.241
29138,8705.739
29139,6308.918
29140,9378.8
29141,7346.0405
29142,5910.073
29143,7697.575
29144,10162.4375
29145,7169.744
29146,8805.886
29147,10114.283
29148,8232.955
29149,8339.705
29150,6310.531
29151,7157.3496
29152,8472.999
29153,6654.1123
29154,7195.613
29155,4143.737
29156,5685.1147
29157,10425.587
29158,8514.615
29159,6488.339
29160,4535.588
29161,8888.369
29162,7013.534
29163,8377.485
29164,6067.31
29165,5834.876
29166,5537.6333
29167,4244.5806
29168,11124.061
29169,7762.3745
29170,7302.2744
29171,7403.629
29172,6070.0537
29173,6043.197
29174,6680.7715
29175,7560.618
29176,4253.5625
29177,6387.1035
29178,5518.9243
29179,9389.63
29180,7893.6597
29181,6736.312
29182,10978.365
29183,5547.5034
29184,5157.863
29185,11201.632
29186,5454.8438
29187,6689.8965
29188,3531.1313
29189,9344.156
29190,8081.7314
29191,5885.4
29192,6960.4204
29193,6835.86
29194,5953.8555
29195,6734.2437
29196,8681.3955
29197,11889.605
29198,3156.2148
29199,6880.308
29200,3533.3958
29201,14054.577
29202,4928.8984
29203,8790.831
29204,9231.697
29205,6869.5146
29206,7315.0737
29207,5000.4624
29208,5841.135
29209,3288.8604
29210,5037.0796
29211,6607.3745
29212,5259.532
29213,7239.2163
29214,7874.146
29215,5730.7227
29216,7433.716
29217,6656.341
29218,8484.062
29219,10234.689
29220,8259.035
29221,5265.3096
29222,4260.823
29223,10214.455
29224,11166.484
29225,6401.827
29226,7528.1147
29227,4580.7935
29228,7948.5396
29229,5670.1733
29230,4885.6333
29231,6606.1206
29232,4700.4287
29233,7793.7407
29234,5624.666
29235,9523.203
29236,7143.2256
29237,9328.751
29238,8103.622
29239,5771.398
29240,9733.52
29241,19430.986
29242,10960.13
29243,5757.273
29244,3387.1953
29245,6440.5596
29246,9225.686
29247,5267.4346
29248,6198.119
29249,13709.432
29250,6113.989
29251,14496.712
29252,19136.875
29253,4105.7056
29254,7151.6177
29255,5815.6284
29256,4662.152
29257,9953.453
29258,5205.9707
29259,9509.97
29260,9436.035
29261,9214.087
29262,7350.6313
29263,7723.7715
29264,4608.0264
29265,7287.2666
29266,4139.1226
29267,6517.1245
29268,7511.367
29269,10108.361
29270,6514.806
29271,6218.632
29272,4804.403
29273,7569.421
29274,5694.4927
29275,5396.3594
29276,4805.599
29277,8377.374
29278,6286.2124
29279,6482.9014
29280,7272.22
29281,8385.832
29282,0.0
29283,6400.551
29284,6853.2715
29285,5985.783
29286,7847.2827
29287,7594.508
29288,9166.429
29289,7963.7925
29290,8109.0884
29291,5866.6016
29292,3976.976
29293,7445.3813
29294,7257.1357
29295,6790.5005
29296,4861.859
29297,3243.473
29298,9235.097
29299,7593.624
29300,10073.425
29301,7322.452
29302,6294.8525
29303,7500.013
29304,5611.7563
29305,4785.1616
29306,10395.135
29307,5332.614
29308,8217.586
29309,7990.956
29310,15000.404
29311,6368.021
29312,6235.4644
29313,8092.2217
29314,6097.269
29315,8023.6743
29316,5899.8335
29317,7978.5117
29318,4586.2236
29319,7527.289
29320,4342.001
29321,6319.4395
29322,3845.2107
29323,10591.227
29324,5468.0186
29325,17172.463
29326,14395.253
29327,5368.159
29328,7426.6714
29329,5522.879
29330,7066.319
29331,5869.585
29332,12053.817
29333,8365.325
29334,9802.488
29335,4815.786
29336,7518.6714
29337,5218.216
29338,9301.528
29339,8222.424
29340,7632.4795
29341,6410.6567
29342,6829.7144
29343,6739.2104
29344,8268.139
29345,10090.061
29346,6161.362
29347,7962.927
29348,10086.048
29349,6994.9883
29350,7000.9824
29351,6825.1494
29352,9809.344
29353,7444.0107
29354,5812.462
29355,5651.8306
29356,6754.1206
29357,5903.352
29358,11129.473
29359,6580.1294
29360,8200.893
29361,7268.76
29362,9128.938
29363,4689.0674
29364,7274.3223
29365,10190.488
29366,8862.786
29367,9058.83
29368,7158.9473
29369,4416.78
29370,14493.504
29371,9667.155
29372,8759.178
29373,18247.812
29374,10307.967
29375,7830.2583
29376,7413.2603
29377,9751.342
29378,10740.335
29379,11040.285
29380,11727.217
29381,6072.2544
29382,7762.974
29383,6054.488
29384,9334.394
29385,4161.396
29386,11884.13
29387,6422.144
29388,5866.641
29389,6362.217
29390,9778.1455
29391,8100.6543
29392,5876.5034
29393,7725.6724
29394,5658.2383
29395,5107.5337
29396,7686.7827
29397,4367.227
29398,5030.372
29399,6592.864
29400,7050.5244
29401,10242.912
29402,9004.99
29403,7853.3325
29404,7087.1016
29405,6468.8613
29406,11535.624
29407,7732.9785
29408,5774.774
29409,5373.272
29410,4880.37
29411,9095.616
29412,4553.3047
29413,10836.035
29414,7254.5337
29415,3590.7974
29416,5351.186
29417,8503.043
29418,6696.383
29419,5609.675
29420,9249.174
29421,10364.989
29422,12032.189
29423,6221.515
29424,10730.229
29425,3161.8052
29426,5729.662
29427,7466.6377
29428,5967.154
29429,7052.381
29430,5644.396
29431,6824.251
29432,4820.6763
29433,5717.9297
29434,11449.809
29435,9073.643
29436,5348.8896
29437,5179.185
29438,8707.476
29439,11483.296
29440,10335.857
29441,5911.4263
29442,5468.18
29443,9405.88
29444,6293.1953
29445,7655.796
29446,6260.4766
29447,5463.2744
29448,7440.2915
29449,10670.536
29450,4219.5234
29451,4614.127
29452,5173.1914
29453,6358.2617
29454,9758.282
29455,8313.251
29456,8214.139
29457,14025.186
29458,5544.864
29459,11070.674
29460,12586.16
29461,7589.8516
29462,5096.637
29463,3900.1875
29464,8182.5005
29465,6653.237
29466,6385.185
29467,6785.509
29468,6970.8447
29469,11404.372
29470,5253.1094
29471,6355.6846
29472,7912.799
29473,5903.127
29474,7556.9775
29475,5075.8677
29476,4841.529
29477,7684.305
29478,3620.7537
29479,8726.647
29480,8251.477
29481,7414.915
29482,8594.493
29483,9061.569
29484,8139.231
29485,6222.2275
29486,7736.2983
29487,9659.92
29488,6729.781
29489,5817.11
29490,5589.704
29491,5313.436
29492,11249.822
29493,7889.2563
29494,6875.362
29495,5482.5894
29496,7554.2964
29497,8735.175
29498,7655.5913
29499,6779.26
29500,8530.938
29501,5475.8735
29502,6094.6465
29503,17272.97
29504,6821.674
29505,9019.68
29506,6886.631
29507,6870.386
29508,6229.9536
29509,5331.7593
29510,4248.048
29511,5964.388
29512,9288.922
29513,13030.594
29514,8937.188
29515,9185.0
29516,11814.953
29517,10703.755
29518,11432.252
29519,8695.242
29520,6690.075
29521,4852.958
29522,11209.84
29523,11211.123
29524,8369.851
29525,8707.957
29526,8475.141
29527,6568.7607
29528,4261.1323
29529,10992.678
29530,6952.7236
29531,6753.335
29532,6854.1606
29533,3406.8464
29534,14147.846
29535,12363.497
29536,14707.01
29537,6202.9272
29538,5739.2017
29539,4645.815
29540,6578.598
29541,6724.0254
29542,9445.399
29543,6936.753
29544,5116.3984
29545,5311.5005
29546,7537.6133
29547,4266.4565
29548,3466.1418
29549,6788.4478
29550,13811.325
29551,7264.172
29552,18222.44
29553,4943.5894
29554,5920.664
29555,6870.386
29556,5751.0107
29557,5553.947
29558,5322.958
29559,4496.877
29560,4280.2305
29561,8166.3926
29562,7218.7036
29563,4272.5693
29564,9338.534
29565,6198.0127
29566,7150.1646
29567,4819.688
29568,9686.251
29569,8163.5737
29570,9962.789
29571,5984.704
29572,7738.446
29573,4361.074
29574,5300.897
29575,5043.3296
29576,15249.581
29577,10568.009
29578,6743.133
29579,6164.6597
29580,5206.517
29581,5995.7886
29582,5345.4927
29583,11776.151
29584,4405.4907
29585,14606.044
29586,4615.3643
29587,5481.042
29588,6088.691
29589,9148.184
29590,7672.8286
29591,4995.919
29592,7122.4478
29593,8089.4746
29594,8246.182
29595,7925.133
29596,5744.388
29597,4363.65
29598,10658.209
29599,4715.329
29600,4314.895
29601,5839.079
29602,7354.0254
29603,6370.901
29604,6714.7964
29605,9897.392
29606,8792.215
29607,6940.029
29608,7422.175
29609,4847.314
29610,8223.804
29611,6296.2515
29612,4742.4023
29613,7637.7954
29614,7315.946
29615,6774.6704
29616,10072.57
29617,6849.2134
29618,6713.7656
29619,7452.7705
29620,7156.0664
29621,6101.7314
29622,7222.7534
29623,7127.103
29624,7733.9224
29625,6903.4736
29626,6856.822
29627,9809.494
29628,6501.2803
29629,4740.747
29630,11850.276
29631,6416.5537
29632,3624.9595
29633,7949.965
29634,9218.974
29635,11240.299
29636,5404.416
29637,6213.995
29638,6599.7407
29639,4054.8777
29640,6274.0464
29641,7687.391
29642,7665.463
29643,6069.0986
29644,7214.4497
29645,9202.458
29646,3520.7952
29647,6501.869
29648,6336.9316
29649,6158.5063
29650,5566.1606
29651,7269.876
29652,9134.782
29653,6007.0254
29654,5276.3604
29655,9150.277
29656,7687.164
29657,9370.108
29658,8848.791
29659,5110.5796
29660,7108.474
29661,7292.252
29662,8712.751
29663,8467.336
29664,8630.802
29665,5528.1914
29666,9573.72
29667,8053.6143
29668,7928.641
29669,9767.957
29670,4609.3145
29671,4283.788
29672,12539.993
29673,9051.092
29674,8744.82
29675,6571.8877
29676,7088.271
29677,8852.488
29678,4063.741
29679,7535.3486
29680,5944.215
29681,8577.084
29682,7109.4707
29683,8089.9297
29684,8643.521
29685,6601.9756
29686,8904.907
29687,11459.172
29688,16271.755
29689,7969.955
29690,5259.311
29691,6482.147
29692,4647.0513
29693,3451.1494
29694,10906.656
29695,8506.53
29696,5754.303
29697,8702.81
29698,5735.9946
29699,11081.671
29700,5124.5405
29701,6985.6274
29702,6572.195
29703,10045.046
29704,5254.788
29705,6864.668
29706,5731.2695
29707,5871.629
29708,8168.839
29709,5334.974
29710,7487.691
29711,8074.235
29712,9077.408
29713,8321.073
29714,7201.463
29715,6203.661
29716,11790.56
29717,4944.6265
29718,5587.609
29719,10874.125
29720,7292.8154
29721,9856.79
29722,7937.8574
29723,14618.796
29724,6117.104
29725,5685.0117
29726,5730.526
29727,6607.444
29728,8763.339
29729,10991.745
29730,7654.4014
29731,8702.22
29732,8119.8306
29733,4395.8984
29734,7801.6914
29735,8226.785
29736,7464.722
29737,8662.248
29738,6135.142
29739,5227.677
29740,5409.31
29741,4150.3037
29742,5598.77
29743,9084.597
29744,8249.792
29745,11245.178
29746,17475.525
29747,7070.748
29748,5448.952
29749,7589.62
29750,7572.873
29751,9017.504
29752,4521.6953
29753,6579.232
29754,4543.1787
29755,9486.642
29756,6849.3438
29757,6409.605
29758,14008.822
29759,11945.711
29760,5867.777
29761,7371.512
29762,4012.9617
29763,5543.9697
29764,5557.3276
29765,9254.106
29766,5183.915
29767,4647.1357
29768,6286.1045
29769,8067.807
29770,7965.882
29771,5206.7905
29772,6306.1924
29773,7415.021
29774,7339.5205
29775,7599.4062
29776,4097.02
29777,10466.525
29778,17930.502
29779,3726.8076
29780,7625.414
29781,8648.923
29782,7932.0674
29783,5326.1167
29784,3237.238
29785,4797.419
29786,8274.561
29787,4867.376
29788,8160.6543
29789,9754.699
29790,5148.533
29791,5780.0366
29792,7137.3887
29793,6350.3037
29794,4884.99
29795,6477.0605
29796,7724.5894
29797,9935.129
29798,8303.607
29799,10418.4
29800,6229.425
29801,4116.101
29802,6890.159
29803,6130.4683
29804,9560.443
29805,7455.209
29806,4823.459
29807,21803.424
29808,7493.5205
29809,6176.731
29810,11966.2705
29811,7000.2812
29812,7832.253
29813,6573.963
29814,7999.6494
29815,5084.105
29816,9118.479
29817,14409.924
29818,5490.1934
29819,6217.6475
29820,6794.4917
29821,14179.226
29822,6797.4604
29823,5758.13
29824,6221.5806
29825,5527.633
29826,6453.762
29827,4468.8296
29828,8709.618
29829,4472.608
29830,7506.0747
29831,3041.8499
29832,19686.012
29833,8838.517
29834,4374.152
29835,4971.717
29836,10343.352
29837,6596.078
29838,7326.1826
29839,8370.098
29840,6505.9575
29841,5190.674
29842,5107.47
29843,10120.102
29844,6439.5703
29845,6637.378
29846,7161.8975
29847,7764.0557
29848,5126.403
29849,7485.7485
29850,6207.23
29851,4050.934
29852,8601.596
29853,8942.194
29854,4793.051
29855,7923.4854
29856,7832.1035
29857,5128.095
29858,9854.026
29859,6437.3164
29860,7275.8906
29861,6865.1133
29862,8312.617
29863,3843.6667
29864,5144.9985
29865,5547.895
29866,0.0
29867,6421.035
29868,8805.323
29869,4354.5728
29870,8416.168
29871,4353.755
29872,6332.358
29873,4748.8804
29874,6371.381
29875,6395.949
29876,7234.7915
29877,7863.4062
29878,8905.136
29879,4651.047
29880,6564.94
29881,7417.688
29882,8598.134
29883,6897.8
29884,8760.522
29885,9898.27
29886,6768.973
29887,3384.211
29888,7836.6616
29889,5611.1733
29890,6458.042
29891,7503.8555
29892,4408.2188
29893,11499.802
29894,6058.526
29895,7474.1836
29896,11444.47
29897,7217.375
29898,4822.056
29899,0.0
29900,6254.0483
29901,10352.234
29902,5491.215
29903,9652.865
29904,10748.563
29905,6173.892
29906,5471.848
29907,6793.124
29908,5652.6714
29909,6211.7847
29910,6369.1875
29911,9485.701
29912,7324.75
29913,5367.883
29914,4997.2153
29915,6641.374
29916,7822.189
29917,7042.1973
29918,8502.28
29919,6175.388
29920,6903.032
29921,4715.32
29922,8300.701
29923,7776.143
29924,6932.758
29925,6561.0396
29926,6661.1167
29927,8312.625
29928,9940.769
29929,5946.971
29930,7855.1377
29931,5757.026
29932,7200.2744
29933,7472.0737
29934,7419.577
29935,4494.398
29936,4681.1216
29937,7749.71
29938,8081.3384
29939,5859.4043
29940,6125.348
29941,8406.124
29942,6166.9473
29943,6118.3643
29944,6913.4434
29945,5570.171
29946,3731.4429
29947,8295.406
29948,4064.0784
29949,7382.805
29950,7535.9595
29951,6343.378
29952,6989.0796
29953,12453.595
29954,9896.184
29955,8702.319
29956,4906.8086
29957,9260.8
29958,7573.964
29959,4314.763
29960,3626.0627
29961,8897.877
29962,3789.3708
29963,7783.9863
29964,12552.521
29965,8714.113
29966,7259.8564
29967,5294.4443
29968,7499.0117
29969,7225.1924
29970,6706.891
29971,7654.146
29972,8703.315
29973,9445.049
29974,6781.562
29975,8449.185
29976,5411.932
29977,6970.0337
29978,5031.4277
29979,5842.9233
29980,6832.692
29981,5667.621
29982,5667.0317
29983,8153.325
29984,5354.546
29985,9752.765
29986,7666.457
29987,5533.578
29988,4540.41
29989,10251.758
29990,7696.826
29991,6262.561
29992,6362.162
29993,7474.996
29994,6016.9463
29995,6224.8213
29996,6778.3413
29997,7385.059
29998,5888.5615
29999,5054.0205
30000,9482.137
30001,7676.2617
30002,6280.6504
30003,3891.484
30004,13082.571
30005,6962.99
30006,5895.907
30007,7327.9785
30008,10938.753
30009,9359.7295
30010,8378.396
30011,8581.184
30012,7578.386
30013,5983.511
30014,6189.6177
30015,7871.4727
30016,9646.533
30017,14246.949
30018,5403.906
30019,5999.221
30020,4138.807
30021,5105.429
30022,9807.67
30023,14723.248
30024,7064.8696
30025,5558.5522
30026,5398.501
30027,6989.5464
30028,6157.954
30029,9218.077
30030,9210.396
30031,6386.2812
30032,4355.7236
30033,8108.663
30034,6674.6953
30035,9220.855
30036,9729.102
30037,5184.835
30038,8100.121
30039,4353.73
30040,7867.48
30041,9008.332
30042,7480.852
30043,9542.297
30044,6808.8096
30045,7793.2354
30046,4307.825
30047,6904.626
30048,7485.1772
30049,8526.033
30050,7528.2583
30051,8636.031
30052,7196.725
30053,4458.675
30054,9845.872
30055,4677.185
30056,10796.545
30057,6498.1743
30058,4718.9287
30059,6342.3555
30060,7094.392
30061,6710.097
30062,7713.406
30063,9195.036
30064,5631.387
30065,11008.416
30066,4279.2383
30067,4817.247
30068,8319.597
30069,9323.841
30070,10667.433
30071,6622.9023
30072,7311.837
30073,5742.454
30074,6563.6313
30075,7740.21
30076,7130.1016
30077,6933.148
30078,5924.0083
30079,10444.418
30080,7147.792
30081,8804.047
30082,11796.5205
30083,8869.272
30084,4521.385
30085,5057.681
30086,6123.0522
30087,10804.446
30088,5528.1387
30089,8548.679
30090,5576.944
30091,11077.35
30092,7206.3345
30093,5832.244
30094,5861.2993
30095,5455.921
30096,5489.036
30097,6800.2812
30098,6758.58
30099,5530.217
30100,5071.754
30101,5138.9414
30102,9865.848
30103,7121.2456
30104,22002.77
30105,7420.1504
30106,4358.766
30107,4804.8613
30108,7332.2153
30109,9478.863
30110,4952.2686
30111,5028.5776
30112,9968.7295
30113,6470.583
30114,7306.42
30115,6136.769
30116,7411.556
30117,8440.4375
30118,5730.8267
30119,5758.0312
30120,7798.1055
30121,8662.719
30122,6618.097
30123,7932.34
30124,7132.992
30125,8330.594
30126,6669.725
30127,5334.684
30128,6159.1523
30129,10159.036
30130,10631.943
30131,7378.4126
30132,9802.731
30133,4941.5195
30134,8125.455
30135,3888.3855
30136,6421.997
30137,4613.062
30138,8176.1504
30139,7905.738
30140,11420.929
30141,9736.091
30142,7222.5327
30143,6043.9116
30144,4798.5176
30145,4424.0366
30146,6194.3247
30147,10366.066
30148,6954.627
30149,5619.6147
30150,5823.189
30151,6011.1123
30152,7418.2256
30153,3614.7969
30154,8418.625
30155,4842.0874
30156,8184.5537
30157,7690.992
30158,5794.151
30159,8619.844
30160,5161.559
30161,8942.535
30162,8947.936
30163,7385.221
30164,5836.802
30165,8816.87
30166,5207.6646
30167,6554.347
30168,8073.0103
30169,12238.493
30170,5638.8745
30171,6799.5093
30172,8380.234
30173,7483.7065
30174,9707.718
30175,6976.878
30176,9439.348
30177,4944.5605
30178,4775.791
30179,5880.4004
30180,6867.8574
30181,10111.303
30182,8826.15
30183,3977.9854
30184,5946.943
30185,8797.952
30186,7469.8506
30187,9714.8125
30188,4021.5647
30189,12726.181
30190,6759.618
30191,4852.2407
30192,5783.974
30193,6399.5684
30194,6626.1123
30195,8385.664
30196,4642.479
30197,6355.3877
30198,6992.707
30199,7505.0654
30200,7064.1826
30201,5253.771
30202,7394.56
30203,5729.5312
30204,5602.4507
30205,9067.439
30206,8432.776
30207,6990.1997
30208,5069.863
30209,9613.835
30210,5460.4243
30211,8843.23
30212,8007.3286
30213,12667.135
30214,6927.7803
30215,4367.727
30216,7939.2275
30217,6157.2725
30218,6782.3706
30219,5562.228
30220,8492.215
30221,7378.511
30222,3974.1016
30223,8915.556
30224,6142.4556
30225,8213.833
30226,4715.32
30227,7826.241
30228,8121.194
30229,5340.483
30230,11251.915
30231,5557.54
30232,5745.5225
30233,8786.363
30234,9775.366
30235,5556.167
30236,4858.5117
30237,7583.607
30238,6419.878
30239,4729.8525
30240,7012.6914
30241,5792.0347
30242,9856.884
30243,7781.1953
30244,7731.326
30245,7990.9785
30246,5671.1143
30247,4806.062
30248,7005.0103
30249,8526.749
30250,8195.247
30251,8927.655
30252,8349.279
30253,8570.518
30254,6476.863
30255,9395.739
30256,7306.3154
30257,5745.3853
30258,7213.2114
30259,9955.884
30260,7896.943
30261,7132.8086
30262,9741.925
30263,8841.999
30264,8707.857
30265,6297.098
30266,7585.972
30267,8960.413
30268,6517.423
30269,7285.863
30270,4363.579
30271,5356.8906
30272,9363.766
30273,8287.308
30274,6318.3545
30275,4649.8184
30276,8518.482
30277,7039.914
30278,8178.9272
30279,6559.056
30280,5924.551
30281,5189.268
30282,3989.5835
30283,10727.609
30284,7085.7227
30285,7147.096
30286,7405.9033
30287,6131.6787
30288,5790.4272
30289,6607.154
30290,8139.4717
30291,4336.3965
30292,7095.9214
30293,5466.094
30294,9500.042
30295,8397.565
30296,6979.7397
30297,11987.54
30298,4902.182
30299,5492.1836
30300,11021.264
30301,5355.7515
30302,7463.6187
30303,3402.8933
30304,9439.924
30305,8093.4565
30306,6004.9346
30307,6995.7627
30308,6573.0474
30309,6208.5625
30310,6543.578
30311,7805.294
30312,11224.144
30313,3318.1462
30314,6473.4043
30315,3527.2732
30316,13105.588
30317,4834.182
30318,8681.478
30319,10087.116
30320,7309.459
30321,7071.018
30322,4894.4307
30323,5256.934
30324,3198.6753
30325,4658.3066
30326,6831.128
30327,5079.3257
30328,7967.325
30329,7902.541
30330,5523.9907
30331,7419.485
30332,6727.0083
30333,8634.779
30334,10474.235
30335,8396.044
30336,5602.4453
30337,4794.4546
30338,10057.623
30339,10935.071
30340,6332.708
30341,7623.792
30342,4632.0977
30343,7719.655
30344,5513.026
30345,4854.0786
30346,6888.3125
30347,4809.515
30348,7200.941
30349,5590.6475
30350,9347.018
30351,7405.9243
30352,9244.914
30353,7819.6826
30354,5871.0186
30355,9850.831
30356,18176.842
30357,10497.647
30358,5189.2285
30359,3492.4785
30360,6526.9287
30361,8332.247
30362,5014.9165
30363,6584.625
30364,13489.742
30365,6055.868
30366,12874.866
30367,19843.92
30368,4337.3604
30369,6556.104
30370,5521.378
30371,4057.4197
30372,8526.277
30373,5361.507
30374,8510.759
30375,9278.915
30376,8291.751
30377,7103.3906
30378,7447.789
30379,5020.0327
30380,7820.6895
30381,3961.4712
30382,7320.818
30383,7451.704
30384,10297.855
30385,6817.485
30386,6590.129
30387,4493.875
30388,7754.316
30389,5899.26
30390,5765.4834
30391,4592.861
30392,8615.027
30393,6176.348
30394,6704.1665
30395,7390.4424
30396,8088.7646
30397,0.0
30398,6073.755
30399,6464.5376
30400,5656.9487
30401,7629.488
30402,7597.942
30403,9832.358
30404,7887.1196
30405,8227.578
30406,6192.677
30407,4488.0664
30408,7081.8643
30409,7016.1836
30410,6684.507
30411,4932.2705
30412,3065.1624
30413,8865.618
30414,6937.3354
30415,10231.147
30416,7136.15
30417,6312.2886
30418,7686.3135
30419,5159.1963
30420,4798.6914
30421,10344.289
30422,6301.695
30423,8255.633
30424,8743.193
30425,13814.0
30426,6607.1475
30427,5274.327
30428,8240.74
30429,4958.3613
30430,5987.2104
30431,6181.6763
30432,7552.344
30433,4517.057
30434,7876.8125
30435,4307.932
30436,5837.698
30437,3634.1487
30438,10017.893
30439,5522.442
30440,15741.671
30441,13580.35
30442,5793.0845
30443,7651.6494
30444,5486.0054
30445,7175.799
30446,5668.5996
30447,12210.534
30448,8463.823
30449,9026.187
30450,4590.3774
30451,7578.2056
30452,5599.469
30453,9883.525
30454,8183.461
30455,8155.55
30456,6401.4424
30457,7200.8994
30458,6973.93
30459,8725.383
30460,9244.306
30461,6627.895
30462,7438.695
30463,10218.576
30464,7215.5645
30465,7159.125
30466,7058.6055
30467,9174.31
30468,7146.4214
30469,5703.3535
30470,5733.7734
30471,6448.138
30472,5819.5186
30473,11009.55
30474,7026.3496
30475,8330.889
30476,7208.9263
30477,9378.308
30478,5029.513
30479,7043.037
30480,9741.618
30481,8309.573
30482,8778.531
30483,6492.7344
30484,4357.86
30485,13796.843
30486,8858.223
30487,8856.626
30488,17507.254
30489,8807.095
30490,8504.349
30491,7425.588
30492,8974.705
30493,10491.532
30494,10635.128
30495,11915.477
30496,6066.9106
30497,7385.968
30498,6072.359
30499,10012.591
30500,4188.856
30501,9728.517
30502,6064.9497
30503,6213.444
30504,6430.2593
30505,8856.693
30506,7580.3887
30507,5754.6763
30508,7905.353
30509,5262.0913
30510,4671.2637
30511,7798.485
30512,4546.4688
30513,5155.3594
30514,6408.535
30515,6748.6665
30516,10680.983
30517,9615.421
30518,7359.3516
30519,7303.431
30520,6755.6284
30521,10659.398
30522,7207.07
30523,6101.993
30524,5199.2715
30525,5056.0073
30526,9867.87
30527,4551.798
30528,12109.462
30529,7331.943
30530,3449.4446
30531,4912.382
30532,8296.814
30533,6883.3276
30534,6184.808
30535,9594.406
30536,9994.797
30537,11449.568
30538,6052.8823
30539,11475.884
30540,3088.0732
30541,5752.6567
30542,7401.9697
30543,5798.889
30544,7236.4688
30545,6113.3477
30546,7185.9697
30547,5020.4014
30548,5745.572
30549,11897.296
30550,8819.965
30551,5137.765
30552,5314.4043
30553,9032.31
30554,10643.926
30555,8481.854
30556,6211.3877
30557,5379.4717
30558,9569.22
30559,5943.0186
30560,8279.691
30561,5670.6006
30562,5874.0435
30563,7965.297
30564,9250.647
30565,3883.952
30566,4849.3535
30567,4660.6177
30568,5856.845
30569,9723.081
30570,8885.894
30571,8631.9795
30572,12316.279
30573,5844.969
30574,11140.943
30575,12290.874
30576,7935.4727
30577,5205.385
30578,3539.7957
30579,8276.154
30580,6330.914
30581,6172.4316
30582,7202.5894
30583,7028.2935
30584,11279.895
30585,4816.034
30586,6290.693
30587,7934.746
30588,4570.5586
30589,9029.88
30590,5554.5244
30591,4529.9756
30592,8177.1255
30593,3767.8196
30594,7299.4824
30595,8431.24
30596,7667.6562
30597,8345.537
30598,8933.099
30599,7929.526
30600,6077.788
30601,7942.454
30602,10083.653
30603,6886.828
30604,5829.93
30605,6285.151
30606,5299.1123
30607,10791.171
30608,7743.37
30609,6637.2324
30610,5210.223
30611,7221.238
30612,8902.937
30613,7545.1587
30614,6782.325
30615,8616.129
30616,5656.2256
30617,6930.5693
30618,16445.557
30619,6761.1396
30620,10044.212
30621,5987.119
30622,6770.7686
30623,6758.5864
30624,5685.5
30625,4324.174
30626,6031.064
30627,9557.699
30628,12728.511
30629,8687.02
30630,9565.351
30631,10142.742
30632,11292.511
30633,11372.363
30634,9070.043
30635,6333.9585
30636,4719.9053
30637,11072.152
30638,11535.327
30639,8898.726
30640,8142.593
30641,8769.158
30642,6533.7056
30643,4069.005
30644,11415.418
30645,6733.948
30646,6460.445
30647,7036.007
30648,3111.1196
30649,12474.493
30650,11273.9795
30651,13594.695
30652,6290.105
30653,5663.762
30654,5224.4014
30655,6849.553
30656,6589.582
30657,8781.579
30658,7440.7173
30659,4900.775
30660,5423.254
30661,7104.4272
30662,3824.75
30663,3316.8044
30664,5952.2773
30665,13266.029
30666,7495.429
30667,18613.508
30668,4377.015
30669,6060.6816
30670,6685.514
30671,5987.89
30672,5091.127
30673,5801.8823
30674,4404.44
30675,3900.3328
30676,9194.212
30677,7336.6577
30678,4553.031
30679,9737.855
30680,6371.758
30681,6917.4404
30682,4886.8545
30683,9977.6045
30684,7971.529
30685,9355.713
30686,5666.0425
30687,7453.7515
30688,4478.3584
30689,5400.6025
30690,5164.918
30691,13952.247
30692,11031.886
30693,7191.3726
30694,5826.567
30695,5477.4043
30696,6610.129
30697,4216.538
30698,9011.881
30699,4303.492
30700,14537.778
30701,4552.2144
30702,5223.131
30703,6055.891
30704,9684.034
30705,8322.739
30706,5712.3745
30707,6954.355
30708,7631.846
30709,8301.295
30710,8419.66
30711,5745.8896
30712,4211.6094
30713,9468.662
30714,4926.647
30715,4218.606
30716,5952.4136
30717,7882.036
30718,6156.891
30719,6364.329
30720,9599.12
30721,8853.974
30722,7120.22
30723,7966.5273
30724,4844.693
30725,8789.908
30726,6037.942
30727,4886.929
30728,7876.8276
30729,7203.826
30730,6470.571
30731,9555.867
30732,6878.366
30733,6728.4585
30734,7558.174
30735,6240.7124
30736,5943.3643
30737,7224.0347
30738,8353.007
30739,7329.111
30740,6611.5796
30741,7124.065
30742,9846.389
30743,7178.1055
30744,4795.3877
30745,12026.671
30746,5522.858
30747,3427.432
30748,8334.329
30749,10086.577
30750,10421.898
30751,5169.8516
30752,6546.618
30753,6920.4565
30754,4118.0845
30755,6828.7114
30756,7627.8364
30757,7304.615
30758,6321.5073
30759,6528.566
30760,8936.021
30761,3605.519
30762,6045.67
30763,6030.2124
30764,5700.373
30765,5426.69
30766,7594.935
30767,9386.308
30768,6120.629
30769,5367.724
30770,8673.425
30771,7752.3564
30772,9335.773
30773,9028.864
30774,5476.4224
30775,7223.1323
30776,7135.7417
30777,8409.957
30778,8489.971
30779,9080.595
30780,3930.695
30781,9821.327
30782,7853.5874
30783,7757.438
30784,10246.42
30785,4749.659
30786,4109.8276
30787,12094.63
30788,8450.49
30789,8913.608
30790,6255.027
30791,6322.1104
30792,8840.625
30793,3986.753
30794,7726.181
30795,5551.68
30796,8807.053
30797,6179.2944
30798,7906.4316
30799,8776.723
30800,6127.288
30801,8608.99
30802,11458.669
30803,15605.7
30804,8086.142
30805,5218.047
30806,6466.918
30807,4886.062
30808,3359.562
30809,10896.29
30810,8059.8696
30811,6255.188
30812,8870.16
30813,5979.2324
30814,10056.952
30815,5427.7773
30816,7082.1143
30817,7082.405
30818,9224.63
30819,5600.794
30820,6714.412
30821,6487.3115
30822,5639.181
30823,8182.8755
30824,5439.8486
30825,7606.5273
30826,8716.009
30827,8907.048
30828,8558.134
30829,7154.6196
30830,6372.9917
30831,11226.906
30832,5129.2446
30833,6003.709
30834,11284.027
30835,7220.632
30836,9229.787
30837,7379.2573
30838,15733.551
30839,5879.8955
30840,5567.8228
30841,5453.382
30842,6058.1504
30843,9156.816
30844,11429.461
30845,8134.4424
30846,8137.399
30847,8207.654
30848,4455.0693
30849,8127.734
30850,7657.87
30851,7580.5693
30852,8730.728
30853,6238.445
30854,5417.2256
30855,5679.9546
30856,3819.0188
30857,5240.0527
30858,8800.688
30859,7109.1724
30860,11494.177
30861,17257.082
30862,7047.015
30863,5208.256
30864,7673.37
30865,7566.743
30866,8788.635
30867,4466.0684
30868,6873.231
30869,4558.898
30870,9048.969
30871,7252.271
30872,7010.2637
30873,13449.532
30874,13084.031
30875,5249.823
30876,7350.1826
30877,3941.595
30878,5763.0312
30879,5408.469
30880,9420.353
30881,5043.575
30882,4934.9155
30883,6045.664
30884,7831.812
30885,6470.645
30886,4705.6953
30887,6266.122
30888,7792.0835
30889,7659.5063
30890,7457.805
30891,3454.8586
30892,11153.36
30893,17228.797
30894,3645.0366
30895,8433.355
30896,8444.665
30897,7431.426
30898,5132.005
30899,3173.2937
30900,4736.2993
30901,7608.3413
30902,5099.302
30903,7635.1587
30904,9788.988
30905,4972.1577
30906,5911.6914
30907,7493.3706
30908,6338.3887
30909,5125.259
30910,6577.1616
30911,7579.586
30912,10415.231
30913,7819.2275
30914,9964.747
30915,6426.6113
30916,3947.9282
30917,6416.823
30918,6011.829
30919,9412.871
30920,7545.4106
30921,4709.144
30922,19743.98
30923,7313.9365
30924,6194.7383
30925,12051.254
30926,6759.3926
30927,7792.9307
30928,6822.175
30929,7573.7397
30930,5119.933
30931,9264.06
30932,13863.917
30933,5389.986
30934,5982.17
30935,6536.766
30936,12359.536
30937,7319.589
30938,5875.2817
30939,6014.1
30940,5621.3193
30941,5882.7173
30942,4892.5684
30943,8748.791
30944,4088.907
30945,7182.105
30946,3125.2673
30947,21630.646
30948,8810.909
30949,4327.991
30950,5668.859
30951,10377.789
30952,6398.8965
30953,7193.2866
30954,8789.221
30955,6326.954
30956,5584.151
30957,4671.3037
30958,9889.701
30959,6402.102
30960,6721.8135
30961,6943.6045
30962,8249.163
30963,5180.618
30964,7980.156
30965,6609.7256
30966,4116.8276
30967,8429.352
30968,9953.13
30969,4680.3447
30970,8125.68
30971,8348.587
30972,5346.6504
30973,10483.74
30974,5685.142
30975,6903.7305
30976,7361.015
30977,8463.049
30978,3655.0088
30979,5298.233
30980,5561.846
30981,0.0
30982,6244.416
30983,8627.781
30984,4443.021
30985,8493.899
30986,4055.3496
30987,6426.3657
30988,4833.896
30989,6333.3364
30990,5945.9556
30991,7070.148
30992,7886.5327
30993,9652.23
30994,4954.0166
30995,6712.2607
30996,7285.96
30997,8822.767
30998,6434.634
30999,9287.6455
31000,10075.606
31001,6733.871
31002,3783.1836
31003,7164.542
31004,5617.867
31005,6647.9907
31006,7256.305
31007,4309.6133
31008,12497.965
31009,6247.496
31010,6837.953
31011,11092.5205
31012,6831.8315
31013,4903.833
31014,0.0
31015,6240.7837
31016,10424.374
31017,5557.243
31018,9189.714
31019,9728.813
31020,7462.43
31021,5501.443
31022,7296.8022
31023,5671.617
31024,6072.1733
31025,6656.5312
31026,8691.163
31027,7874.6045
31028,5311.901
31029,4781.443
31030,7556.7974
31031,8192.895
31032,6576.3525
31033,8215.134
31034,6147.2734
31035,6541.2754
31036,4257.9995
31037,8682.19
31038,7360.194
31039,7527.7627
31040,6393.4424
31041,6637.3525
31042,8903.132
31043,9585.689
31044,6310.892
31045,8051.6714
31046,5371.709
31047,7304.9844
31048,7698.126
31049,7128.9863
31050,4512.126
31051,4530.797
31052,7843.2046
31053,8458.627
31054,5678.4976
31055,6369.2725
31056,8354.505
31057,6845.0728
31058,5763.504
31059,6393.034
31060,5419.4014
31061,3158.4346
31062,8234.228
31063,3965.5771
31064,7247.0435
31065,7778.5317
31066,7150.233
31067,7028.8364
31068,10016.335
31069,9413.787
31070,8325.407
31071,4991.8506
31072,8362.445
31073,7468.732
31074,4007.782
31075,3174.3809
31076,8477.049
31077,3947.8376
31078,7361.7383
31079,12391.83
31080,8249.91
31081,7057.9595
31082,5148.6265
31083,7588.744
31084,7229.8525
31085,6844.25
31086,7693.4355
31087,8747.014
31088,8429.512
31089,6345.478
31090,8906.716
31091,5099.122
31092,7040.4443
31093,4583.6304
31094,5851.4233
31095,7543.7983
31096,5944.827
31097,5632.8594
31098,8051.249
31099,5488.036
31100,10142.423
31101,7150.499
31102,5599.363
31103,4698.1606
31104,10133.546
31105,7981.7466
31106,5870.016
31107,6304.851
31108,7730.2573
31109,6096.844
31110,6080.8325
31111,6656.487
31112,7950.0103
31113,5648.462
31114,4858.8223
31115,10156.75
31116,7359.7656
31117,6614.323
31118,3806.3694
31119,13056.557
31120,7109.3013
31121,5761.1187
31122,6598.9033
31123,10916.99
31124,9550.482
31125,8821.235
31126,8661.645
31127,7243.257
31128,5906.6357
31129,6659.2236
31130,7804.17
31131,10406.474
31132,13897.981
31133,5339.561
31134,5380.919
31135,3678.5493
31136,4778.8213
31137,9638.753
31138,14449.008
31139,6486.922
31140,4954.466
31141,5564.5947
31142,6294.8525
31143,6599.4385
31144,8628.35
31145,8947.074
31146,6582.6655
31147,4133.3423
31148,8665.867
31149,6521.0605
31150,8736.684
31151,9763.17
31152,5367.4062
31153,8085.972
31154,4180.1904
31155,8359.032
31156,8703.938
31157,7362.504
31158,9078.092
31159,6761.636
31160,7690.5596
31161,4750.1123
31162,6959.0728
31163,7928.5503
31164,8383.688
31165,7556.559
31166,8770.179
31167,6911.05
31168,4494.197
31169,9776.28
31170,4766.6523
31171,10946.706
31172,6914.848
31173,4866.4014
31174,5635.944
31175,7136.892
31176,6425.0176
31177,7596.29
31178,8868.333
31179,5655.4595
31180,11005.729
31181,4024.082
31182,4842.8267
31183,8039.2705
31184,9352.796
31185,11123.339
31186,6199.881
31187,6424.0063
31188,6150.5283
31189,6288.845
31190,7921.014
31191,6698.203
31192,7154.92
31193,5507.082
31194,10841.918
31195,6417.2085
31196,9151.857
31197,12124.266
31198,8930.543
31199,4982.617
31200,4700.913
31201,6056.4805
31202,10990.403
31203,5418.068
31204,8156.491
31205,5588.9893
31206,10960.172
31207,7266.4585
31208,5960.953
31209,5963.5234
31210,5181.0923
31211,5309.4287
31212,6949.3887
31213,5987.096
31214,5422.3594
31215,4788.65
31216,5013.056
31217,9233.819
31218,6645.645
31219,21371.922
31220,7798.024
31221,4088.2478
31222,2686.0078
31223,4185.01
31224,9002.817
31225,2027.1389
31226,2727.553
31227,6097.8213
31228,3267.3672
31229,6286.596
31230,4720.7383
31231,5178.538
31232,5802.613
31233,4336.1523
31234,3401.2317
31235,5354.096
31236,5309.0894
31237,2628.4546
31238,4679.836
31239,4343.2354
31240,5621.641
31241,4878.8853
31242,3330.4602
31243,4386.0684
31244,7439.2837
31245,7936.517
31246,5353.0854
31247,7244.549
31248,2114.2424
31249,7553.2734
31250,3342.501
31251,4935.565
31252,2342.0654
31253,7810.1416
31254,6925.092
31255,8578.671
31256,9050.039
31257,6597.544
31258,6024.492
31259,2648.4004
31260,4491.972
31261,5498.6104
31262,7873.32
31263,4018.8037
31264,3483.887
31265,5439.5996
31266,4888.3047
31267,5314.582
31268,2468.872
31269,7387.574
31270,4126.9404
31271,7657.2124
31272,6063.5728
31273,3458.2844
31274,8413.03
31275,3000.6372
31276,8446.066
31277,5635.885
31278,6153.979
31279,2551.219
31280,5222.364
31281,4593.9033
31282,3762.0156
31283,6978.156
31284,10231.82
31285,2936.7766
31286,5909.6504
31287,5288.675
31288,8032.02
31289,6931.039
31290,5352.1406
31291,6517.6216
31292,2415.4338
31293,2430.6614
31294,4521.5015
31295,5796.506
31296,8193.911
31297,7653.0435
31298,2502.313
31299,4033.5017
31300,8293.958
31301,8276.825
31302,5486.8584
31303,3132.7537
31304,10492.082
31305,5310.1733
31306,3643.1663
31307,3776.96
31308,2212.2527
31309,4398.1133
31310,7033.202
31311,3420.7554
31312,5584.657
31313,3129.489
31314,5572.365
31315,3558.5898
31316,1851.5745
31317,4249.2393
31318,5087.85
31319,5458.8
31320,8651.241
31321,6454.581
31322,5277.2563
31323,3707.677
31324,10396.811
31325,3334.221
31326,5817.809
31327,7086.0605
31328,11690.432
31329,4790.656
31330,2928.6921
31331,6518.8965
31332,5741.567
31333,6431.848
31334,4690.0337
31335,9229.452
31336,5462.3364
31337,2193.8838
31338,7411.648
31339,4327.9043
31340,5639.283
31341,2301.5898
31342,7638.0576
31343,3617.1667
31344,2726.6995
31345,7839.5396
31346,4097.0356
31347,5228.554
31348,7535.1904
31349,7290.9307
31350,4254.6177
31351,4454.3086
31352,6858.0186
31353,3145.619
31354,2950.7861
31355,6389.8516
31356,4554.0474
31357,6576.0386
31358,3182.8015
31359,4355.192
31360,5972.7114
31361,4147.237
31362,3113.7415
31363,5134.4873
31364,5829.897
31365,6056.388
31366,7094.4463
31367,7793.8228
31368,7039.5444
31369,3834.7563
31370,7303.8696
31371,5315.9053
31372,3177.562
31373,3567.842
31374,7911.1387
31375,7200.9204
31376,2855.735
31377,7090.239
31378,9186.121
31379,6437.8076
31380,4677.8228
31381,6736.8774
31382,7187.0596
31383,5226.829
31384,4156.9365
31385,2797.53
31386,4938.3154
31387,5069.6016
31388,4584.8457
31389,5069.519
31390,3214.7632
31391,5658.4434
31392,6954.4478
31393,5694.238
31394,6340.0996
31395,5731.231
31396,2893.3787
31397,1579.914
31398,6914.5576
31399,6114.4497
31400,6851.729
31401,3347.562
31402,5299.8354
31403,3936.346
31404,5132.5337
31405,5593.4053
31406,3531.721
31407,3998.064
31408,4754.804
31409,6796.5073
31410,6231.0767
31411,7322.899
31412,12857.44
31413,3947.092
31414,4669.829
31415,9867.259
31416,3484.7744
31417,5089.345
31418,814.4823
31419,7735.28
31420,6525.621
31421,5317.5024
31422,6185.398
31423,5300.1133
31424,4471.3413
31425,4842.6323
31426,4775.955
31427,7601.581
31428,2968.151
31429,5167.8945
31430,2672.4658
31431,8277.575
31432,3111.0188
31433,7297.227
31434,9670.401
31435,5973.0303
31436,5826.1
31437,4137.1094
31438,2274.4167
31439,1812.4242
31440,3514.3423
31441,5112.9004
31442,3030.1863
31443,5279.305
31444,7059.097
31445,3694.0923
31446,5078.439
31447,4647.2954
31448,8123.2314
31449,7516.6997
31450,6898.4316
31451,4801.1226
31452,3054.2922
31453,7990.5366
31454,8997.461
31455,3487.9905
31456,4221.661
31457,3675.217
31458,5232.91
31459,5169.8813
31460,3720.1335
31461,6402.273
31462,3188.7612
31463,4870.4927
31464,4685.7812
31465,8250.532
31466,5302.7075
31467,6818.493
31468,6016.2
31469,4360.0093
31470,7937.1685
31471,16709.652
31472,8135.1406
31473,3567.6787
31474,3262.863
31475,6208.2427
31476,7108.3384
31477,2779.6511
31478,4533.9443
31479,9432.805
31480,5868.029
31481,6652.437
31482,16848.94
31483,5118.0776
31484,5136.6133
31485,2675.2756
31486,2165.915
31487,9081.02
31488,3337.3428
31489,6077.2783
31490,8246.771
31491,2680.1025
31492,3487.9604
31493,6015.11
31494,3821.2783
31495,6722.9995
31496,1978.6642
31497,4854.486
31498,4734.3345
31499,9745.623
31500,5652.0786
31501,5597.1733
31502,3000.165
31503,7480.909
31504,5562.095
31505,6340.2627
31506,1583.2472
31507,8857.623
31508,4744.5156
31509,5717.1445
31510,4143.571
31511,4310.6084
31512,0.0
31513,4414.118
31514,3477.7207
31515,5106.165
31516,4553.6
31517,4711.2646
31518,7954.4854
31519,9214.131
31520,7188.822
31521,3992.652
31522,4101.8184
31523,4376.9194
31524,4600.1216
31525,6263.433
31526,2887.7627
31527,1310.7628
31528,6502.446
31529,5330.981
31530,7742.462
31531,5169.403
31532,4245.1636
31533,4405.44
31534,3291.139
31535,2640.4749
31536,8518.287
31537,5990.541
31538,4819.1455
31539,5222.2793
31540,10590.782
31541,5964.5645
31542,2043.0508
31543,7329.111
31544,1931.359
31545,4041.6475
31546,5783.4556
31547,6030.293
31548,2518.6238
31549,4100.3823
31550,3899.9607
31551,3527.539
31552,1595.6338
31553,7790.7085
31554,4339.1235
31555,8740.792
31556,9866.506
31557,5680.7676
31558,5373.0566
31559,4245.8765
31560,4775.6816
31561,4637.093
31562,11027.993
31563,6221.5034
31564,6596.336
31565,3060.5166
31566,5557.275
31567,5358.72
31568,8161.1133
31569,8185.756
31570,6872.49
31571,5220.8794
31572,6245.7207
31573,5272.361
31574,8330.912
31575,6012.9585
31576,6481.1704
31577,5726.4604
31578,8799.748
31579,6669.1523
31580,4604.2437
31581,5561.5913
31582,7741.7456
31583,5574.4546
31584,3227.531
31585,5320.9424
31586,3159.4985
31587,4629.5576
31588,8073.442
31589,6696.881
31590,7134.755
31591,5866.954
31592,7852.007
31593,4572.9526
31594,4072.9502
31595,4071.5208
31596,5875.1133
31597,5860.5728
31598,6099.142
31599,3083.4426
31600,12163.46
31601,4964.305
31602,5467.059
31603,15359.082
31604,5318.786
31605,7282.625
31606,5890.6963
31607,6678.287
31608,8116.71
31609,7244.825
31610,9195.167
31611,2768.9028
31612,4337.795
31613,5227.053
31614,8293.104
31615,2555.8647
31616,5175.2446
31617,4417.517
31618,4831.393
31619,4989.575
31620,5639.434
31621,3357.9055
31622,5472.563
31623,4754.5596
31624,2921.0996
31625,3072.2588
31626,7059.8647
31627,3955.5088
31628,4709.31
31629,5392.9067
31630,5057.266
31631,8862.313
31632,10744.71
31633,4661.3867
31634,7344.492
31635,5912.413
31636,9218.895
31637,4669.4595
31638,2828.047
31639,3865.541
31640,4972.931
31641,10539.673
31642,3740.9304
31643,8807.523
31644,7192.141
31645,2063.2715
31646,3764.0474
31647,5813.5654
31648,5832.906
31649,5026.7314
31650,8370.026
31651,8632.218
31652,7228.0737
31653,3903.128
31654,11133.21
31655,2059.286
31656,3603.0952
31657,7696.5547
31658,3884.2668
31659,5230.6743
31660,3649.114
31661,6911.017
31662,4561.2466
31663,3753.427
31664,12740.839
31665,10282.81
31666,2443.8645
31667,4682.814
31668,5454.495
31669,7187.3477
31670,8950.496
31671,4911.4775
31672,2564.8503
31673,8676.114
31674,2039.7532
31675,9079.019
31676,4423.5596
31677,5178.291
31678,8820.579
31679,5397.003
31680,1591.521
31681,4555.5156
31682,2309.273
31683,3745.6438
31684,10415.32
31685,7547.584
31686,4165.276
31687,12303.904
31688,6429.027
31689,9873.001
31690,11535.866
31691,6723.4033
31692,4170.0903
31693,2061.0146
31694,4694.917
31695,6356.4365
31696,2713.778
31697,5512.7944
31698,4254.0415
31699,6762.462
31700,2389.3003
31701,5191.031
31702,7992.61
31703,1667.3334
31704,8647.224
31705,5442.0747
31706,2787.8215
31707,6604.7217
31708,3011.4229
31709,2995.8606
31710,8974.0205
31711,6824.036
31712,6708.235
31713,7759.2285
31714,5303.3853
31715,4633.5913
31716,6351.2
31717,6836.688
31718,7568.9014
31719,5347.492
31720,6443.349
31721,3480.7974
31722,8303.9
31723,5799.979
31724,5574.0293
31725,3823.043
31726,4642.5767
31727,7776.996
31728,5664.616
31729,3801.3872
31730,5017.979
31731,5144.253
31732,4889.7734
31733,14429.095
31734,4822.9805
31735,9558.556
31736,4601.596
31737,3550.6482
31738,6046.4023
31739,5107.3
31740,2998.6655
31741,4665.484
31742,8479.629
31743,13426.45
31744,7029.0176
31745,8973.207
31746,6721.0054
31747,10269.313
31748,8124.866
31749,6528.7964
31750,6689.418
31751,4056.5488
31752,9834.047
31753,7597.8984
31754,6771.705
31755,5170.9663
31756,5163.179
31757,4828.7993
31758,2304.3826
31759,11411.749
31760,6079.6494
31761,5502.713
31762,4651.766
31763,1468.9645
31764,8147.34
31765,7810.8047
31766,11056.481
31767,5471.6865
31768,4369.2856
31769,3683.1526
31770,6958.7275
31771,4629.35
31772,3990.067
31773,9743.234
31774,4149.235
31775,4284.3643
31776,5061.9233
31777,3447.007
31778,2545.6074
31779,2311.8755
31780,13241.936
31781,4778.5386
31782,12764.216
31783,4127.1807
31784,5604.492
31785,4823.2935
31786,3908.3103
31787,3023.6948
31788,5816.272
31789,3039.1
31790,2700.051
31791,9801.227
31792,5805.641
31793,2680.27
31794,7947.2207
31795,2471.3347
31796,5820.94
31797,3351.5881
31798,9495.894
31799,7171.878
31800,7607.2744
31801,2333.3425
31802,4847.3047
31803,2544.9421
31804,4645.0396
31805,3416.5515
31806,15232.167
31807,10459.001
31808,4721.896
31809,2867.9377
31810,5508.91
31811,3939.2458
31812,2484.262
31813,7134.387
31814,2389.3198
31815,13165.22
31816,3987.099
31817,4569.569
31818,5664.0864
31819,10639.724
31820,6588.9727
31821,4767.548
31822,4754.4277
31823,5722.966
31824,6479.4087
31825,6758.2705
31826,3790.8025
31827,1223.526
31828,4589.042
31829,2845.3997
31830,2910.1934
31831,5540.238
31832,6621.494
31833,5594.526
31834,5077.7705
31835,7782.0566
31836,5489.5386
31837,3212.5037
31838,7474.9106
31839,2224.205
31840,9040.411
31841,4714.857
31842,2755.6726
31843,4342.7383
31844,4113.299
31845,4482.2905
31846,6869.692
31847,6623.61
31848,3654.723
31849,5735.491
31850,2384.5771
31851,4442.2666
31852,7643.939
31853,8384.729
31854,3445.5276
31855,2131.9897
31856,4859.777
31857,7000.575
31858,6065.3604
31859,2535.5596
31860,10346.145
31861,3365.7756
31862,3234.534
31863,5326.574
31864,9603.405
31865,8752.472
31866,3963.104
31867,4226.3955
31868,5499.633
31869,1549.1877
31870,6719.2686
31871,6901.6167
31872,4562.365
31873,4316.801
31874,2924.3872
31875,7920.3647
31876,2926.701
31877,4344.9136
31878,3674.828
31879,3360.1196
31880,2786.9773
31881,7209.236
31882,6332.889
31883,5350.3545
31884,3568.2234
31885,4840.3975
31886,7257.4956
31887,7092.7007
31888,7107.057
31889,4592.304
31890,4969.9863
31891,5261.9956
31892,7585.864
31893,6533.512
31894,4980.1465
31895,1978.8662
31896,6494.667
31897,6079.951
31898,5924.0757
31899,7443.2227
31900,5229.128
31901,2615.169
31902,7454.5264
31903,5042.1177
31904,9121.462
31905,2607.8738
31906,2625.079
31907,8621.423
31908,1557.682
31909,4964.807
31910,4421.864
31911,7668.951
31912,3549.094
31913,4430.798
31914,8801.377
31915,2702.315
31916,5970.94
31917,9433.075
31918,13774.334
31919,6517.808
31920,2471.093
31921,5084.163
31922,3542.2717
31923,2214.9106
31924,7259.5586
31925,4728.846
31926,6106.6104
31927,4984.975
31928,4919.429
31929,5107.665
31930,4604.6255
31931,5034.5576
31932,4481.1445
31933,8674.955
31934,5079.6064
31935,2324.885
31936,5915.7866
31937,3962.0872
31938,5467.3926
31939,5366.086
31940,5521.8096
31941,7309.0337
31942,7428.159
31943,7783.504
31944,5408.882
31945,4748.744
31946,5762.2617
31947,2852.0024
31948,5565.1045
31949,8502.783
31950,6411.0176
31951,6618.217
31952,6761.6816
31953,13292.17
31954,2985.6606
31955,3474.2456
31956,4747.5576
31957,4072.4492
31958,8483.261
31959,9114.0
31960,7564.845
31961,6991.58
31962,7338.869
31963,2071.9102
31964,7752.083
31965,3086.274
31966,6079.1216
31967,5871.153
31968,5012.358
31969,2087.2788
31970,4956.1436
31971,3392.7964
31972,3062.225
31973,6794.1094
31974,4422.142
31975,8564.355
31976,16633.299
31977,5244.143
31978,3128.7815
31979,4488.6914
31980,8039.593
31981,6087.28
31982,4002.2957
31983,5306.396
31984,2000.7548
31985,5895.3447
31986,6587.2065
31987,3282.3723
31988,9736.834
31989,11341.417
31990,2963.0244
31991,5216.0215
31992,3386.142
31993,3700.7195
31994,3729.2544
31995,8323.883
31996,3717.7036
31997,4416.645
31998,4451.718
31999,2792.0881
32000,2703.1917
32001,2534.5764
32002,5135.776
32003,5368.625
32004,4272.3247
32005,7386.1226
32006,1086.8988
32007,7288.5664
32008,13974.034
32009,2934.462
32010,7930.244
32011,6610.5894
32012,4340.0425
32013,4046.1995
32014,2271.1467
32015,3997.961
32016,4521.1953
32017,4794.446
32018,3074.4663
32019,8673.053
32020,4047.2532
32021,3805.9844
32022,5887.4043
32023,4661.867
32024,5428.756
32025,4701.4243
32026,5417.918
32027,9565.788
32028,4421.9062
32029,6972.088
32030,5669.059
32031,3332.9807
32032,3173.1484
32033,4402.554
32034,5533.847
32035,6513.6504
32036,3461.1592
32037,11838.765
32038,4900.6484
32039,4374.273
32040,11181.437
32041,4464.769
32042,6349.2437
32043,4182.855
32044,5270.6763
32045,4928.25
32046,6466.104
32047,15801.794
32048,2889.6753
32049,5201.2754
32050,3390.124
32051,9070.147
32052,6587.9355
32053,4535.5923
32054,3545.9534
32055,3992.4958
32056,2551.0706
32057,2146.9043
32058,6502.651
32059,2082.0227
32060,3779.9443
32061,1268.111
32062,20063.049
32063,7883.502
32064,2089.5044
32065,5120.9243
32066,5976.4043
32067,6353.0903
32068,4996.6196
32069,7664.7974
32070,5369.516
32071,5551.484
32072,2729.1655
32073,7479.8174
32074,5934.0405
32075,3936.1206
32076,5806.228
32077,8795.88
32078,4083.6409
32079,7807.4604
32080,6076.2754
32081,3034.3662
32082,5246.269
32083,6522.0557
32084,2646.1262
32085,8600.356
32086,6691.511
32087,4476.279
32088,9416.876
32089,3493.1516
32090,4805.7686
32091,8127.4707
32092,6080.508
32093,2280.997
32094,4554.899
32095,3492.8784
32096,0.0
32097,4883.6763
32098,5420.146
32099,3189.5674
32100,5766.22
32101,2215.9517
32102,5399.809
32103,2869.0952
32104,5167.219
32105,5338.4155
32106,4607.9604
32107,5470.126
32108,8149.9355
32109,2642.2703
32110,5180.4697
32111,6787.302
32112,3173.5784
32113,5219.3657
32114,5679.3154
32115,8603.917
32116,6123.2974
32117,3429.7737
32118,2201.2422
32119,2127.6846
32120,5104.8306
32121,4504.2954
32122,4350.2593
32123,10952.544
32124,5567.3237
32125,5220.979
32126,7996.3613
32127,6470.941
32128,2152.7234
32129,16788.26
32130,4228.884
32131,7453.389
32132,5856.5996
32133,6854.651
32134,6018.1743
32135,8043.205
32136,5080.5566
32137,3951.9785
32138,2832.7632
32139,3232.3716
32140,5938.525
32141,4112.3765
32142,7731.894
32143,4633.3438
32144,2733.5613
32145,7303.675
32146,7139.2954
32147,4550.7295
32148,7026.5376
32149,4174.6675
32150,6650.1533
32151,3310.4033
32152,4767.8115
32153,3663.5364
32154,4526.097
32155,3361.2227
32156,6171.696
32157,7504.4355
32158,7450.7944
32159,5904.9287
32160,5245.529
32161,3924.2622
32162,5947.992
32163,6607.5444
32164,6767.3853
32165,2720.0574
32166,2801.746
32167,8094.7847
32168,6184.3833
32169,2870.0588
32170,3807.9456
32171,7486.055
32172,6422.3154
32173,2432.8398
32174,5981.7705
32175,4546.9937
32176,1705.3998
32177,4797.799
32178,2641.1562
32179,3977.2568
32180,5864.1904
32181,5677.6743
32182,4998.6504
32183,4022.0635
32184,7956.185
32185,6049.2
32186,3487.0823
32187,5284.172
32188,4745.9277
32189,2982.66
32190,1177.0903
32191,6905.5083
32192,1598.6881
32193,5533.383
32194,8970.932
32195,5418.28
32196,4238.1963
32197,2993.0725
32198,5140.8926
32199,4836.216
32200,4781.3975
32201,5372.636
32202,5864.5767
32203,7352.3213
32204,6016.4927
32205,7874.98
32206,3597.576
32207,3675.7747
32208,3943.7952
32209,3468.5498
32210,5046.496
32211,6284.252
32212,3299.2554
32213,5021.968
32214,2623.6807
32215,7488.4478
32216,4134.916
32217,4192.962
32218,3785.2124
32219,5352.1816
32220,7379.004
32221,3353.3152
32222,6086.3335
32223,4378.59
32224,5002.008
32225,5098.237
32226,5671.2227
32227,7128.578
32228,4341.649
32229,3456.5298
32230,8817.392
32231,6425.471
32232,6492.078
32233,1903.3756
32234,4695.8667
32235,4832.5913
32236,3899.7634
32237,4599.7705
32238,9534.445
32239,7657.344
32240,8977.582
32241,9097.812
32242,5971.3613
32243,4846.9165
32244,5703.6636
32245,5686.2373
32246,7100.498
32247,10195.203
32248,3125.133
32249,1778.8712
32250,1522.0355
32251,3813.0234
32252,4946.7354
32253,9379.676
32254,2333.1843
32255,1886.9552
32256,5058.559
32257,5346.166
32258,5457.816
32259,9227.71
32260,6476.115
32261,6232.866
32262,2672.9375
32263,7283.785
32264,6068.7227
32265,6896.0303
32266,6849.037
32267,3451.3667
32268,5697.144
32269,3054.6477
32270,6435.2173
32271,5430.2524
32272,4887.004
32273,5795.6543
32274,3758.8733
32275,5908.9575
32276,4812.9346
32277,6413.6655
32278,4635.5806
32279,7661.596
32280,5189.1494
32281,8250.815
32282,4806.7773
32283,3433.9282
32284,7803.6636
32285,2617.991
32286,9908.471
32287,5415.748
32288,4563.623
32289,3274.1099
32290,6700.0244
32291,4290.008
32292,4183.7007
32293,6470.898
32294,4299.406
32295,11580.744
32296,2984.3364
32297,2960.877
32298,5625.1436
32299,5980.875
32300,9930.458
32301,2791.2253
32302,4393.237
32303,5884.833
32304,5306.9277
32305,4383.5586
32306,3276.1094
32307,5669.216
32308,3206.203
32309,10010.844
32310,2760.9883
32311,6403.9707
32312,12752.363
32313,6911.142
32314,5744.64
32315,3102.5068
32316,4828.4673
32317,7707.339
32318,2677.2007
32319,7258.8804
32320,2901.6948
32321,7837.431
32322,6617.0303
32323,5380.2314
32324,5529.046
32325,4502.0703
32326,2877.3035
32327,5157.307
32328,2233.2063
32329,3526.2168
32330,3030.215
32331,2767.3633
32332,7411.139
32333,5246.224
32334,20626.404
32335,7266.3755
32336,0.0
32337,0.0
32338,0.0
32339,0.0
32340,0.0
32341,0.0
32342,0.0
32343,0.0
32344,0.0
32345,0.0
32346,0.0
32347,0.0
32348,0.0
32349,0.0
32350,0.0
32351,0.0
32352,0.0
32353,0.0
32354,0.0
32355,0.0
32356,0.0
32357,0.0
32358,0.0
32359,0.0
32360,0.0
32361,0.0
32362,0.0
32363,0.0
32364,0.0
32365,0.0
32366,0.0
32367,0.0
32368,0.0
32369,0.0
32370,0.0
32371,0.0
32372,0.0
32373,0.0
32374,0.0
32375,0.0
32376,0.0
32377,0.0
32378,0.0
32379,0.0
32380,0.0
32381,0.0
32382,0.0
32383,0.0
32384,0.0
32385,0.0
32386,0.0
32387,0.0
32388,0.0
32389,0.0
32390,0.0
32391,0.0
32392,0.0
32393,0.0
32394,0.0
32395,0.0
32396,0.0
32397,0.0
32398,0.0
32399,0.0
32400,0.0
32401,0.0
32402,0.0
32403,0.0
32404,0.0
32405,0.0
32406,0.0
32407,0.0
32408,0.0
32409,0.0
32410,0.0
32411,0.0
32412,0.0
32413,0.0
32414,0.0
32415,0.0
32416,0.0
32417,0.0
32418,0.0
32419,0.0
32420,11617.45
32421,0.0
32422,0.0
32423,0.0
32424,0.0
32425,0.0
32426,0.0
32427,0.0
32428,0.0
32429,0.0
32430,0.0
32431,0.0
32432,0.0
32433,0.0
32434,0.0
32435,0.0
32436,0.0
32437,0.0
32438,0.0
32439,0.0
32440,0.0
32441,0.0
32442,0.0
32443,0.0
32444,0.0
32445,0.0
32446,0.0
32447,0.0
32448,0.0
32449,0.0
32450,0.0
32451,0.0
32452,0.0
32453,0.0
32454,0.0
32455,0.0
32456,0.0
32457,3999.5745
32458,0.0
32459,0.0
32460,0.0
32461,0.0
32462,0.0
32463,0.0
32464,0.0
32465,0.0
32466,0.0
32467,0.0
32468,0.0
32469,0.0
32470,0.0
32471,0.0
32472,0.0
32473,0.0
32474,0.0
32475,0.0
32476,0.0
32477,0.0
32478,0.0
32479,0.0
32480,0.0
32481,0.0
32482,0.0
32483,0.0
32484,0.0
32485,0.0
32486,0.0
32487,0.0
32488,0.0
32489,0.0
32490,0.0
32491,0.0
32492,0.0
32493,0.0
32494,0.0
32495,0.0
32496,0.0
32497,0.0
32498,0.0
32499,0.0
32500,0.0
32501,0.0
32502,0.0
32503,0.0
32504,0.0
32505,0.0
32506,0.0
32507,0.0
32508,0.0
32509,0.0
32510,0.0
32511,0.0
32512,0.0
32513,0.0
32514,0.0
32515,0.0
32516,0.0
32517,0.0
32518,0.0
32519,0.0
32520,0.0
32521,0.0
32522,0.0
32523,0.0
32524,0.0
32525,0.0
32526,0.0
32527,0.0
32528,0.0
32529,0.0
32530,0.0
32531,0.0
32532,0.0
32533,0.0
32534,0.0
32535,0.0
32536,0.0
32537,0.0
32538,0.0
32539,0.0
32540,0.0
32541,0.0
32542,0.0
32543,0.0
32544,2623.5618
32545,0.0
32546,0.0
32547,0.0
32548,0.0
32549,0.0
32550,0.0
32551,0.0
32552,0.0
32553,0.0
32554,0.0
32555,0.0
32556,0.0
32557,0.0
32558,0.0
32559,0.0
32560,0.0
32561,0.0
32562,0.0
32563,0.0
32564,0.0
32565,0.0
32566,0.0
32567,0.0
32568,0.0
32569,0.0
32570,0.0
32571,0.0
32572,0.0
32573,0.0
32574,0.0
32575,0.0
32576,0.0
32577,0.0
32578,0.0
32579,0.0
32580,0.0
32581,0.0
32582,0.0
32583,0.0
32584,0.0
32585,0.0
32586,0.0
32587,0.0
32588,0.0
32589,0.0
32590,0.0
32591,0.0
32592,0.0
32593,0.0
32594,17348.438
32595,0.0
32596,0.0
32597,29259.834
32598,0.0
32599,0.0
32600,0.0
32601,0.0
32602,0.0
32603,0.0
32604,0.0
32605,0.0
32606,0.0
32607,0.0
32608,0.0
32609,7458.481
32610,0.0
32611,0.0
32612,0.0
32613,0.0
32614,0.0
32615,0.0
32616,0.0
32617,0.0
32618,0.0
32619,0.0
32620,0.0
32621,0.0
32622,0.0
32623,0.0
32624,0.0
32625,0.0
32626,0.0
32627,0.0
32628,0.0
32629,0.0
32630,0.0
32631,0.0
32632,0.0
32633,0.0
32634,4912.9062
32635,0.0
32636,0.0
32637,0.0
32638,0.0
32639,0.0
32640,0.0
32641,0.0
32642,0.0
32643,0.0
32644,0.0
32645,2766.6084
32646,0.0
32647,0.0
32648,0.0
32649,0.0
32650,0.0
32651,0.0
32652,0.0
32653,0.0
32654,0.0
32655,0.0
32656,0.0
32657,0.0
32658,0.0
32659,0.0
32660,0.0
32661,0.0
32662,0.0
32663,0.0
32664,0.0
32665,0.0
32666,0.0
32667,0.0
32668,0.0
32669,0.0
32670,7842.524
32671,0.0
32672,0.0
32673,0.0
32674,0.0
32675,0.0
32676,0.0
32677,0.0
32678,0.0
32679,0.0
32680,0.0
32681,0.0
32682,0.0
32683,0.0
32684,0.0
32685,0.0
32686,0.0
32687,0.0
32688,8721.106
32689,0.0
32690,0.0
32691,0.0
32692,0.0
32693,0.0
32694,0.0
32695,0.0
32696,0.0
32697,0.0
32698,0.0
32699,0.0
32700,0.0
32701,0.0
32702,0.0
32703,0.0
32704,0.0
32705,0.0
32706,0.0
32707,0.0
32708,0.0
32709,0.0
32710,0.0
32711,0.0
32712,0.0
32713,0.0
32714,0.0
32715,0.0
32716,0.0
32717,0.0
32718,0.0
32719,0.0
32720,0.0
32721,0.0
32722,0.0
32723,0.0
32724,0.0
32725,0.0
32726,0.0
32727,0.0
32728,0.0
32729,0.0
32730,0.0
32731,0.0
32732,0.0
32733,0.0
32734,0.0
32735,0.0
32736,0.0
32737,0.0
32738,0.0
32739,0.0
32740,0.0
32741,0.0
32742,0.0
32743,0.0
32744,0.0
32745,0.0
32746,0.0
32747,0.0
32748,0.0
32749,0.0
32750,0.0
32751,0.0
32752,0.0
32753,0.0
32754,0.0
32755,0.0
32756,0.0
32757,0.0
32758,14504.276
32759,0.0
32760,0.0
32761,0.0
32762,0.0
32763,0.0
32764,0.0
32765,0.0
32766,0.0
32767,0.0
32768,1739.1128
32769,0.0
32770,0.0
32771,0.0
32772,0.0
32773,0.0
32774,0.0
32775,0.0
32776,0.0
32777,0.0
32778,0.0
32779,0.0
32780,0.0
32781,0.0
32782,0.0
32783,0.0
32784,0.0
32785,0.0
32786,0.0
32787,0.0
32788,5579.854
32789,0.0
32790,0.0
32791,0.0
32792,0.0
32793,0.0
32794,0.0
32795,0.0
32796,0.0
32797,0.0
32798,0.0
32799,0.0
32800,0.0
32801,0.0
32802,0.0
32803,0.0
32804,0.0
32805,0.0
32806,0.0
32807,0.0
32808,0.0
32809,0.0
32810,0.0
32811,0.0
32812,0.0
32813,0.0
32814,0.0
32815,0.0
32816,0.0
32817,0.0
32818,0.0
32819,0.0
32820,0.0
32821,0.0
32822,0.0
32823,0.0
32824,0.0
32825,0.0
32826,0.0
32827,0.0
32828,0.0
32829,7837.065
32830,0.0
32831,0.0
32832,0.0
32833,0.0
32834,0.0
32835,0.0
32836,0.0
32837,0.0
32838,0.0
32839,0.0
32840,0.0
32841,0.0
32842,0.0
32843,0.0
32844,0.0
32845,0.0
32846,0.0
32847,6797.5254
32848,0.0
32849,0.0
32850,0.0
32851,0.0
32852,0.0
32853,0.0
32854,0.0
32855,0.0
32856,0.0
32857,0.0
32858,0.0
32859,2216.9456
32860,0.0
32861,0.0
32862,0.0
32863,0.0
32864,0.0
32865,5654.203
32866,0.0
32867,0.0
32868,0.0
32869,0.0
32870,0.0
32871,0.0
32872,0.0
32873,0.0
32874,0.0
32875,0.0
32876,0.0
32877,0.0
32878,0.0
32879,0.0
32880,0.0
32881,0.0
32882,0.0
32883,0.0
32884,0.0
32885,0.0
32886,0.0
32887,0.0
32888,0.0
32889,0.0
32890,0.0
32891,0.0
32892,0.0
32893,0.0
32894,0.0
32895,0.0
32896,0.0
32897,18433.734
32898,0.0
32899,0.0
32900,0.0
32901,0.0
32902,0.0
32903,0.0
32904,0.0
32905,0.0
32906,0.0
32907,0.0
32908,0.0
32909,0.0
32910,0.0
32911,0.0
32912,0.0
32913,6023.211
32914,0.0
32915,0.0
32916,0.0
32917,0.0
32918,0.0
32919,0.0
32920,0.0
32921,0.0
32922,0.0
32923,0.0
32924,0.0
32925,0.0
32926,0.0
32927,0.0
32928,0.0
32929,0.0
32930,0.0
32931,0.0
32932,0.0
32933,0.0
32934,0.0
32935,0.0
32936,0.0
32937,0.0
32938,0.0
32939,0.0
32940,0.0
32941,0.0
32942,0.0
32943,0.0
32944,0.0
32945,0.0
32946,0.0
32947,0.0
32948,0.0
32949,0.0
32950,0.0
32951,0.0
32952,0.0
32953,0.0
32954,0.0
32955,0.0
32956,0.0
32957,0.0
32958,0.0
32959,0.0
32960,0.0
32961,0.0
32962,0.0
32963,0.0
32964,0.0
32965,0.0
32966,0.0
32967,0.0
32968,0.0
32969,0.0
32970,0.0
32971,0.0
32972,0.0
32973,0.0
32974,0.0
32975,0.0
32976,0.0
32977,0.0
32978,0.0
32979,0.0
32980,0.0
32981,0.0
32982,0.0
32983,0.0
32984,0.0
32985,0.0
32986,0.0
32987,0.0
32988,0.0
32989,0.0
32990,0.0
32991,0.0
32992,0.0
32993,0.0
32994,0.0
32995,0.0
32996,0.0
32997,0.0
32998,0.0
32999,0.0
33000,0.0
33001,0.0
33002,0.0
33003,0.0
33004,0.0
33005,0.0
33006,0.0
33007,0.0
33008,0.0
33009,0.0
33010,0.0
33011,13755.718
33012,0.0
33013,0.0
33014,0.0
33015,0.0
33016,0.0
33017,7066.0825
33018,0.0
33019,0.0
33020,0.0
33021,0.0
33022,0.0
33023,0.0
33024,0.0
33025,0.0
33026,0.0
33027,0.0
33028,0.0
33029,0.0
33030,0.0
33031,0.0
33032,0.0
33033,0.0
33034,0.0
33035,0.0
33036,0.0
33037,0.0
33038,0.0
33039,0.0
33040,0.0
33041,0.0
33042,0.0
33043,0.0
33044,0.0
33045,0.0
33046,0.0
33047,0.0
33048,0.0
33049,0.0
33050,0.0
33051,0.0
33052,0.0
33053,0.0
33054,0.0
33055,0.0
33056,0.0
33057,0.0
33058,0.0
33059,0.0
33060,0.0
33061,0.0
33062,0.0
33063,0.0
33064,0.0
33065,0.0
33066,0.0
33067,4243.0747
33068,15300.745
33069,0.0
33070,0.0
33071,0.0
33072,0.0
33073,0.0
33074,0.0
33075,0.0
33076,0.0
33077,0.0
33078,0.0
33079,0.0
33080,0.0
33081,0.0
33082,0.0
33083,0.0
33084,0.0
33085,0.0
33086,0.0
33087,0.0
33088,0.0
33089,0.0
33090,0.0
33091,0.0
33092,0.0
33093,0.0
33094,0.0
33095,0.0
33096,0.0
33097,0.0
33098,0.0
33099,0.0
33100,0.0
33101,0.0
33102,0.0
33103,0.0
33104,11589.551
33105,0.0
33106,0.0
33107,0.0
33108,0.0
33109,0.0
33110,0.0
33111,0.0
33112,0.0
33113,0.0
33114,0.0
33115,0.0
33116,0.0
33117,0.0
33118,0.0
33119,0.0
33120,0.0
33121,0.0
33122,0.0
33123,0.0
33124,0.0
33125,0.0
33126,0.0
33127,0.0
33128,0.0
33129,0.0
33130,0.0
33131,0.0
33132,0.0
33133,0.0
33134,0.0
33135,0.0
33136,0.0
33137,0.0
33138,0.0
33139,0.0
33140,0.0
33141,0.0
33142,0.0
33143,0.0
33144,0.0
33145,0.0
33146,0.0
33147,0.0
33148,0.0
33149,0.0
33150,0.0
33151,0.0
33152,0.0
33153,0.0
33154,0.0
33155,0.0
33156,0.0
33157,0.0
33158,0.0
33159,0.0
33160,0.0
33161,0.0
33162,0.0
33163,0.0
33164,0.0
33165,0.0
33166,0.0
33167,0.0
33168,0.0
33169,0.0
33170,0.0
33171,0.0
33172,0.0
33173,0.0
33174,0.0
33175,0.0
33176,0.0
33177,0.0
33178,0.0
33179,0.0
33180,0.0
33181,0.0
33182,0.0
33183,0.0
33184,0.0
33185,0.0
33186,0.0
33187,0.0
33188,0.0
33189,0.0
33190,0.0
33191,0.0
33192,0.0
33193,0.0
33194,0.0
33195,0.0
33196,0.0
33197,0.0
33198,2867.1362
33199,0.0
33200,0.0
33201,0.0
33202,2413.9434
33203,0.0
33204,0.0
33205,0.0
33206,0.0
33207,0.0
33208,0.0
33209,0.0
33210,0.0
33211,0.0
33212,0.0
33213,0.0
33214,0.0
33215,0.0
33216,0.0
33217,0.0
33218,0.0
33219,0.0
33220,0.0
33221,0.0
33222,0.0
33223,0.0
33224,0.0
33225,0.0
33226,0.0
33227,0.0
33228,0.0
33229,0.0
33230,0.0
33231,0.0
33232,0.0
33233,0.0
33234,0.0
33235,0.0
33236,0.0
33237,0.0
33238,0.0
33239,0.0
33240,0.0
33241,0.0
33242,0.0
33243,0.0
33244,0.0
33245,0.0
33246,0.0
33247,0.0
33248,0.0
33249,0.0
33250,0.0
33251,0.0
33252,0.0
33253,0.0
33254,0.0
33255,0.0
33256,0.0
33257,0.0
33258,0.0
33259,0.0
33260,0.0
33261,0.0
33262,0.0
33263,0.0
33264,0.0
33265,0.0
33266,2626.7312
33267,0.0
33268,0.0
33269,0.0
33270,0.0
33271,0.0
33272,0.0
33273,0.0
33274,0.0
33275,0.0
33276,0.0
33277,0.0
33278,0.0
33279,0.0
33280,0.0
33281,0.0
33282,0.0
33283,11029.498
33284,0.0
33285,0.0
33286,0.0
33287,0.0
33288,0.0
33289,0.0
33290,0.0
33291,0.0
33292,0.0
33293,0.0
33294,0.0
33295,0.0
33296,0.0
33297,0.0
33298,0.0
33299,0.0
33300,0.0
33301,0.0
33302,0.0
33303,0.0
33304,0.0
33305,0.0
33306,0.0
33307,0.0
33308,0.0
33309,0.0
33310,0.0
33311,0.0
33312,0.0
33313,0.0
33314,0.0
33315,0.0
33316,0.0
33317,0.0
33318,0.0
33319,0.0
33320,0.0
33321,0.0
33322,0.0
33323,0.0
33324,0.0
33325,0.0
33326,0.0
33327,0.0
33328,0.0
33329,0.0
33330,0.0
33331,0.0
33332,0.0
33333,0.0
33334,0.0
33335,0.0
33336,0.0
33337,0.0
33338,0.0
33339,0.0
33340,0.0
33341,0.0
33342,0.0
33343,0.0
33344,0.0
33345,0.0
33346,0.0
33347,0.0
33348,0.0
33349,0.0
33350,0.0
33351,0.0
33352,0.0
33353,0.0
33354,0.0
33355,0.0
33356,0.0
33357,0.0
33358,0.0
33359,0.0
33360,0.0
33361,0.0
33362,0.0
33363,0.0
33364,0.0
33365,0.0
33366,0.0
33367,0.0
33368,0.0
33369,0.0
33370,0.0
33371,0.0
33372,0.0
33373,0.0
33374,0.0
33375,0.0
33376,0.0
33377,0.0
33378,0.0
33379,0.0
33380,4583.8706
33381,0.0
33382,0.0
33383,0.0
33384,0.0
33385,0.0
33386,0.0
33387,0.0
33388,0.0
33389,0.0
33390,0.0
33391,0.0
33392,0.0
33393,0.0
33394,0.0
33395,0.0
33396,0.0
33397,0.0
33398,0.0
33399,0.0
33400,0.0
33401,0.0
33402,0.0
33403,0.0
33404,0.0
33405,0.0
33406,0.0
33407,0.0
33408,0.0
33409,0.0
33410,0.0
33411,0.0
33412,0.0
33413,0.0
33414,0.0
33415,0.0
33416,5334.043
33417,0.0
33418,0.0
33419,0.0
33420,0.0
33421,0.0
33422,0.0
33423,0.0
33424,0.0
33425,0.0
33426,0.0
33427,0.0
33428,0.0
33429,0.0
33430,0.0
33431,0.0
33432,13035.293
33433,0.0
33434,4889.4844
33435,0.0
33436,0.0
33437,0.0
33438,0.0
33439,0.0
33440,0.0
33441,0.0
33442,0.0
33443,0.0
33444,0.0
33445,0.0
33446,0.0
33447,0.0
33448,0.0
33449,0.0
33450,0.0
33451,3910.0854
33452,4242.1885
33453,5844.317
33454,8788.308
33455,4073.809
33456,4154.1377
33457,9161.255
33458,5463.3003
33459,6912.9814
33460,5831.448
33461,6787.496
33462,6476.2266
33463,3927.2844
33464,5189.5303
33465,5649.5664
33466,7865.2812
33467,5325.497
33468,6235.5894
33469,6151.555
33470,8433.976
33471,4301.8384
33472,4066.886
33473,4663.637
33474,8460.644
33475,10324.458
33476,5568.6777
33477,7915.3726
33478,3857.3784
33479,6835.1235
33480,3306.6
33481,4662.6763
33482,3845.0164
33483,7458.011
33484,7454.278
33485,8881.005
33486,9239.352
33487,5479.3745
33488,4809.1436
33489,3933.8684
33490,4039.331
33491,5273.3667
33492,9112.6875
33493,5805.924
33494,4642.479
33495,4598.7876
33496,4294.016
33497,6654.925
33498,3074.1057
33499,6759.547
33500,3560.155
33501,6302.29
33502,5769.4004
33503,4765.175
33504,6555.0537
33505,4238.2935
33506,7357.2246
33507,7836.6763
33508,6140.844
33509,5077.3057
33510,7174.608
33511,4532.491
33512,6429.113
33513,5607.2407
33514,9180.77
33515,4125.287
33516,5872.374
33517,7204.3003
33518,7223.1733
33519,8000.832
33520,5844.852
33521,7635.428
33522,3627.592
33523,4072.7754
33524,5283.769
33525,5722.0107
33526,8776.639
33527,6894.866
33528,3065.7415
33529,5100.7417
33530,7178.4756
33531,6864.668
33532,7653.2554
33533,3428.5862
33534,11739.84
33535,6378.6836
33536,3892.7983
33537,5806.6826
33538,5195.0625
33539,6099.8286
33540,7681.6963
33541,3944.4536
33542,5162.115
33543,5253.7256
33544,6286.8296
33545,5901.2183
33546,4774.0967
33547,5895.1816
33548,4623.7803
33549,4810.8687
33550,8895.561
33551,6474.392
33552,5928.96
33553,4593.1807
33554,9957.802
33555,4760.8584
33556,7975.43
33557,7210.9204
33558,11583.937
33559,5755.961
33560,4572.425
33561,5770.457
33562,6262.2085
33563,5830.581
33564,4336.1978
33565,7044.226
33566,6902.4004
33567,3423.4714
33568,6861.9644
33569,5364.4585
33570,6684.0156
33571,4090.081
33572,9610.076
33573,7215.0483
33574,4312.496
33575,11009.497
33576,4640.5933
33577,4322.2153
33578,7279.771
33579,8312.569
33580,5292.677
33581,4242.4473
33582,6402.8774
33583,5221.751
33584,4723.1123
33585,5513.2417
33586,4553.4043
33587,7844.3564
33588,6631.4233
33589,6210.4756
33590,7416.2446
33591,4772.025
33592,4408.286
33593,5567.584
33594,6965.986
33595,7177.565
33596,7199.526
33597,6994.902
33598,8223.004
33599,5160.112
33600,7629.5825
33601,5894.94
33602,4672.9707
33603,5304.3213
33604,8641.024
33605,6115.68
33606,5501.9624
33607,8812.767
33608,7222.367
33609,6604.5015
33610,4770.901
33611,6738.253
33612,6424.411
33613,6579.0376
33614,5816.605
33615,3756.375
33616,5032.2534
33617,7729.498
33618,6954.521
33619,5242.032
33620,3602.377
33621,7427.3867
33622,6635.9097
33623,7174.8545
33624,6020.511
33625,4877.4478
33626,4532.647
33627,3547.943
33628,8465.785
33629,6283.2207
33630,6090.5728
33631,5359.2773
33632,4856.112
33633,6062.1445
33634,5662.342
33635,5817.2876
33636,3590.6775
33637,5597.6484
33638,4369.1436
33639,7673.7803
33640,7083.1685
33641,6400.954
33642,9157.83
33643,4323.0645
33644,4547.4795
33645,9696.179
33646,4794.359
33647,5374.5073
33648,1947.8357
33649,7355.4355
33650,7508.273
33651,4527.777
33652,5992.2783
33653,5978.7188
33654,5554.6304
33655,5500.3936
33656,7088.291
33657,9495.622
33658,2605.637
33659,7025.05
33660,2699.1768
33661,12586.389
33662,3917.216
33663,7146.6465
33664,8134.163
33665,5232.8853
33666,6404.276
33667,4181.9414
33668,4792.6484
33669,3083.881
33670,4135.764
33671,5090.8213
33672,4496.911
33673,6316.0347
33674,6651.105
33675,4347.637
33676,6526.418
33677,5707.2935
33678,7240.6387
33679,7975.803
33680,6993.7676
33681,3985.2473
33682,3140.7583
33683,9247.833
33684,8646.869
33685,4876.8706
33686,6624.027
33687,4734.6235
33688,7084.4927
33689,4256.7
33690,4534.7573
33691,5759.371
33692,3138.967
33693,5562.0264
33694,4135.267
33695,9300.907
33696,6138.285
33697,7377.765
33698,7148.18
33699,4557.4717
33700,7707.0522
33701,17296.314
33702,8571.073
33703,4589.0986
33704,2575.8154
33705,5338.9756
33706,6918.3643
33707,4783.742
33708,5821.212
33709,12771.011
33710,6110.829
33711,9546.821
33712,17470.36
33713,3947.1938
33714,5826.85
33715,4681.729
33716,3865.2424
33717,7674.19
33718,4408.248
33719,7469.487
33720,9064.794
33721,6473.6885
33722,5395.762
33723,6548.242
33724,4213.6025
33725,6304.304
33726,3403.848
33727,5724.9697
33728,6521.639
33729,7849.154
33730,5684.3013
33731,4807.974
33732,3946.505
33733,6884.2666
33734,4476.949
33735,4997.2153
33736,3364.3535
33737,7862.0864
33738,4725.3203
33739,5831.743
33740,6274.0044
33741,7011.655
33742,0.0
33743,5207.431
33744,5874.3345
33745,5080.5806
33746,6157.7134
33747,6360.8394
33748,7955.745
33749,11187.464
33750,6755.4155
33751,4662.9834
33752,3132.2666
33753,5480.127
33754,6149.0444
33755,5436.8345
33756,4376.9985
33757,1931.1757
33758,7282.4517
33759,5632.655
33760,8670.24
33761,6402.1143
33762,4789.5225
33763,5887.584
33764,4511.1235
33765,4178.0537
33766,8534.178
33767,4839.548
33768,6403.3843
33769,6893.2554
33770,13527.311
33771,4757.2544
33772,4522.187
33773,7146.619
33774,4515.45
33775,5286.012
33776,4842.217
33777,7031.5723
33778,4105.251
33779,6223.3257
33780,3552.8372
33781,5408.258
33782,3560.8445
33783,8842.809
33784,4453.4336
33785,12600.562
33786,12092.634
33787,4529.656
33788,6429.53
33789,4919.5234
33790,5593.8057
33791,5033.972
33792,10968.36
33793,6423.051
33794,7909.622
33795,4072.76
33796,6885.613
33797,4548.681
33798,8660.199
33799,8356.864
33800,6001.8594
33801,5394.7793
33802,5698.6006
33803,6338.993
33804,7212.475
33805,8388.008
33806,5662.212
33807,6420.0127
33808,8686.763
33809,6217.4043
33810,5992.107
33811,4752.723
33812,9433.75
33813,6778.943
33814,4896.7983
33815,4693.0366
33816,5425.9087
33817,4174.2173
33818,7857.5806
33819,5755.9277
33820,6559.269
33821,5451.1147
33822,7728.3994
33823,4203.8833
33824,6681.218
33825,7603.3286
33826,7029.675
33827,7327.3076
33828,6165.2183
33829,3594.4749
33830,11446.479
33831,9202.906
33832,6449.3994
33833,16003.008
33834,8737.0
33835,6233.7993
33836,5937.251
33837,7702.4224
33838,9056.679
33839,10057.412
33840,9796.264
33841,4884.5195
33842,6793.137
33843,4809.1665
33844,7359.4004
33845,3780.6475
33846,9493.946
33847,4986.497
33848,4248.3438
33849,5630.431
33850,8013.991
33851,6762.8037
33852,5036.032
33853,7042.728
33854,4743.004
33855,3483.3652
33856,6274.7524
33857,3799.8972
33858,4400.039
33859,5115.388
33860,5217.171
33861,8290.6045
33862,8321.208
33863,6781.795
33864,6306.836
33865,5519.4873
33866,10233.362
33867,6205.5605
33868,4493.168
33869,4573.895
33870,4384.2734
33871,8680.153
33872,3900.7717
33873,10498.579
33874,6627.806
33875,3101.613
33876,4190.547
33877,6351.6787
33878,5809.918
33879,4587.729
33880,8181.299
33881,8856.322
33882,11469.8
33883,5395.6904
33884,9556.56
33885,2985.6292
33886,4760.5317
33887,6764.8296
33888,4345.8877
33889,6014.616
33890,5262.779
33891,5552.4795
33892,3368.3936
33893,4365.9775
33894,11281.907
33895,8192.957
33896,4055.0283
33897,4973.23
33898,7669.924
33899,9876.815
33900,7191.86
33901,5277.115
33902,3881.8257
33903,12514.091
33904,5236.37
33905,6935.9526
33906,5136.055
33907,4615.0957
33908,6526.4805
33909,7303.9395
33910,3001.8599
33911,3958.6418
33912,4369.611
33913,5866.221
33914,9651.31
33915,6778.0957
33916,6638.467
33917,12036.688
33918,4937.557
33919,9338.757
33920,10448.104
33921,6614.3296
33922,4317.2456
33923,2761.4255
33924,6672.3467
33925,5727.843
33926,5332.7256
33927,5449.4043
33928,5724.571
33929,9951.402
33930,4401.227
33931,5078.352
33932,6680.8735
33933,4396.4355
33934,6527.246
33935,4454.7803
33936,3588.041
33937,5629.7544
33938,2952.5122
33939,5909.346
33940,7956.231
33941,6251.436
33942,7064.243
33943,7542.7407
33944,6919.519
33945,4741.7603
33946,6605.8745
33947,8541.466
33948,6913.925
33949,5315.0586
33950,5661.618
33951,4666.4497
33952,9465.113
33953,5413.873
33954,6331.923
33955,4807.2314
33956,6331.2827
33957,7420.0654
33958,6253.595
33959,5630.8823
33960,7331.607
33961,5479.416
33962,5564.0854
33963,15914.684
33964,5413.1606
33965,7798.559
33966,5118.7563
33967,5370.2793
33968,4981.101
33969,4326.6206
33970,3889.9363
33971,4311.558
33972,7939.061
33973,13428.319
33974,8429.069
33975,9076.517
33976,9053.328
33977,9814.772
33978,9110.307
33979,6842.8857
33980,7762.1157
33981,4455.4688
33982,11074.645
33983,10042.076
33984,6216.8823
33985,7680.964
33986,7072.9536
33987,5576.444
33988,3821.1833
33989,10828.617
33990,5613.957
33991,5861.154
33992,5838.673
33993,1889.3531
33994,11577.266
33995,9107.162
33996,14009.13
33997,5524.5913
33998,4438.421
33999,4105.4863
34000,5918.1685
34001,5720.521
34002,6100.946
34003,6344.9517
34004,5208.1465
34005,4264.678
34006,6393.7046
34007,3264.4353
34008,2464.7593
34009,5466.996
34010,12054.094
34011,6024.843
34012,16807.291
34013,4345.7466
34014,5104.3823
34015,5750.32
34016,4539.6523
34017,4420.059
34018,4671.3037
34019,4682.0815
34020,3332.4148
34021,7705.2515
34022,5929.2993
34023,3354.2397
34024,8422.544
34025,4296.2817
34026,5300.8716
34027,4054.4792
34028,11112.937
34029,6711.345
34030,9320.986
34031,4703.833
34032,6100.457
34033,3616.642
34034,4426.185
34035,4071.8354
34036,13641.583
34037,9125.899
34038,5540.37
34039,4372.15
34040,4590.5
34041,5496.3555
34042,3820.6147
34043,8863.514
34044,4112.8354
34045,13443.915
34046,4232.73
34047,4921.8984
34048,5463.587
34049,8407.583
34050,6066.321
34051,4336.4087
34052,6078.5767
34053,5978.582
34054,6785.91
34055,6189.8477
34056,5129.9053
34057,3056.2888
34058,8418.89
34059,4588.617
34060,3465.322
34061,5868.93
34062,5762.5366
34063,5838.5557
34064,6019.5635
34065,8300.4
34066,7411.295
34067,5980.4927
34068,6608.087
34069,3920.1953
34070,7907.0874
34071,5088.0103
34072,4081.137
34073,6302.0015
34074,6396.834
34075,5622.1074
34076,7492.8916
34077,5581.084
34078,5693.885
34079,5963.2617
34080,5390.4688
34081,4850.6675
34082,6450.3037
34083,6459.594
34084,6076.687
34085,4931.4756
34086,4738.7124
34087,8038.78
34088,5211.0635
34089,3713.6274
34090,10083.769
34091,4584.7495
34092,3057.96
34093,6491.3228
34094,8282.029
34095,8828.1455
34096,4876.0103
34097,4838.186
34098,5484.3154
34099,3094.2778
34100,5971.145
34101,7155.5747
34102,5597.0557
34103,5068.4795
34104,6101.6147
34105,7246.767
34106,2954.6833
34107,4953.5063
34108,5035.6914
34109,5009.538
34110,4297.6504
34111,6880.518
34112,6514.1973
34113,5375.0913
34114,4203.9395
34115,7222.7393
34116,5673.1216
34117,7281.6807
34118,7665.5503
34119,4148.7363
34120,6252.671
34121,6063.515
34122,7352.4614
34123,7093.0186
34124,7260.8467
34125,2965.7676
34126,8787.033
34127,6389.3457
34128,6627.4585
34129,9276.35
34130,4416.5312
34131,3680.9502
34132,10641.235
34133,7405.5005
34134,7314.4385
34135,5022.9688
34136,5405.2046
34137,7985.417
34138,2839.8865
34139,6015.534
34140,4931.438
34141,6961.755
34142,5297.551
34143,4754.8906
34144,7243.222
34145,4500.932
34146,7525.207
34147,9476.296
34148,15698.926
34149,6879.9473
34150,4028.1147
34151,4909.449
34152,3663.788
34153,2811.2456
34154,10203.803
34155,7231.7905
34156,5004.432
34157,7735.265
34158,4451.433
34159,10407.218
34160,3948.508
34161,5669.8867
34162,5740.795
34163,7922.0117
34164,4649.1665
34165,5251.6763
34166,4928.2124
34167,4173.258
34168,7369.909
34169,4737.5195
34170,6007.6387
34171,6789.516
34172,8826.823
34173,7124.615
34174,6500.2817
34175,4856.0283
34176,9170.1455
34177,4313.105
34178,4874.634
34179,9419.931
34180,6344.1646
34181,7586.023
34182,10187.689
34183,14555.619
34184,4540.4795
34185,4182.5234
34186,4512.3584
34187,5414.385
34188,7570.6055
34189,8719.684
34190,6188.9683
34191,7196.8486
34192,7101.7583
34193,3239.249
34194,7278.014
34195,6234.84
34196,5527.717
34197,6737.3403
34198,4615.3774
34199,4406.4614
34200,4425.6196
34201,3537.9424
34202,4074.2986
34203,7309.3965
34204,6489.8804
34205,9844.754
34206,15169.089
34207,6350.9214
34208,4849.0156
34209,6089.1787
34210,7774.1553
34211,8322.025
34212,3597.1057
34213,5312.2656
34214,3807.5386
34215,9083.384
34216,5939.794
34217,5497.886
34218,11138.17
34219,11642.452
34220,4325.304
34221,6545.432
34222,3380.1812
34223,5278.9277
34224,5234.4976
34225,8292.218
34226,4305.804
34227,3962.5483
34228,5112.203
34229,6044.8457
34230,5651.7334
34231,4039.5815
34232,5141.182
34233,6282.5977
34234,5715.961
34235,6030.7188
34236,3235.2961
34237,9389.048
34238,17105.248
34239,3879.205
34240,6724.8403
34241,7457.3354
34242,5730.925
34243,3711.2263
34244,3366.739
34245,3303.1794
34246,6746.4653
34247,4129.886
34248,6308.4185
34249,8866.489
34250,4096.051
34251,5370.6074
34252,5329.181
34253,5053.5483
34254,4281.247
34255,5207.3965
34256,5770.501
34257,9514.297
34258,6744.0527
34259,7753.259
34260,5223.445
34261,3727.8708
34262,5851.1553
34263,6056.804
34264,7213.507
34265,6134.6973
34266,4105.157
34267,20444.81
34268,5871.5728
34269,5137.6133
34270,10864.991
34271,6002.827
34272,6010.883
34273,5333.112
34274,6838.4688
34275,4278.2344
34276,8405.13
34277,14625.211
34278,4456.6377
34279,4929.59
34280,5777.1426
34281,11148.937
34282,5566.23
34283,4628.0034
34284,5420.7715
34285,4629.752
34286,5680.4585
34287,3755.78
34288,7789.616
34289,3575.4707
34290,6981.5444
34291,2334.3813
34292,17972.123
34293,7577.042
34294,3559.8257
34295,4286.4204
34296,7943.1436
34297,5790.9077
34298,6034.885
34299,7299.7466
34300,5060.784
34301,4915.424
34302,3876.649
34303,8895.365
34304,5235.2817
34305,5531.2295
34306,6201.7856
34307,7110.088
34308,5101.842
34309,7424.7944
34310,4890.114
34311,3596.2378
34312,7521.103
34313,8753.09
34314,4306.79
34315,6934.497
34316,6189.3164
34317,4615.298
34318,8832.314
34319,5127.469
34320,6492.6416
34321,5952.243
34322,6943.6904
34323,3519.039
34324,4518.38
34325,4164.859
34326,0.0
34327,6217.7954
34328,7238.574
34329,3436.045
34330,7664.0444
34331,3308.6826
34332,5687.3657
34333,4339.599
34334,5456.6343
34335,5681.3364
34336,6261.856
34337,6105.265
34338,7330.922
34339,3232.1465
34340,5400.3037
34341,6873.637
34342,6221.634
34343,5760.6567
34344,6485.5176
34345,9631.364
34346,6216.811
34347,2783.1128
34348,5681.8296
34349,4607.842
34350,6027.274
34351,6221.266
34352,4371.883
34353,10883.649
34354,5179.1455
34355,6484.8867
34356,9601.949
34357,5609.5195
34358,3570.7124
34359,9207.006
34360,4826.6025
34361,9018.433
34362,4694.0796
34363,7055.119
34364,8338.472
34365,5407.5254
34366,4925.4585
34367,5756.5703
34368,4528.818
34369,5361.5273
34370,5329.654
34371,9194.58
34372,6541.7495
34373,4990.656
34374,3979.754
34375,5683.5205
34376,6230.6074
34377,5802.3584
34378,6369.8193
34379,5280.287
34380,6141.7524
34381,4619.0107
34382,6945.2603
34383,6704.1665
34384,5971.111
34385,5106.2964
34386,6061.023
34387,6937.587
34388,9067.838
34389,4916.183
34390,6766.288
34391,4729.189
34392,5203.6377
34393,6417.949
34394,6126.1543
34395,3935.2158
34396,3897.309
34397,6767.8047
34398,7625.3047
34399,4325.4653
34400,5281.5317
34401,7105.9453
34402,5837.676
34403,4696.704
34404,5565.8477
34405,4116.859
34406,3005.2668
34407,6971.0107
34408,3832.818
34409,6561.478
34410,5952.646
34411,5428.1914
34412,5491.7173
34413,9686.224
34414,8140.8613
34415,6711.5117
34416,4687.905
34417,7453.4814
34418,7202.1978
34419,3597.8196
34420,3280.5315
34421,8439.745
34422,2888.5962
34423,6473.1943
34424,11528.288
34425,6847.489
34426,6024.4863
34427,3733.825
34428,6577.3247
34429,5444.354
34430,5853.4663
34431,6357.4126
34432,7375.6685
34433,7375.4854
34434,5021.5605
34435,7275.2935
34436,4023.6792
34437,6063.2954
34438,4503.2515
34439,5142.2266
34440,5058.255
34441,4984.438
34442,5089.515
34443,6596.8013
34444,3952.6724
34445,8491.372
34446,5938.1343
34447,4083.75
34448,4286.3057
34449,7530.24
34450,6709.406
34451,4674.527
34452,5402.8335
34453,5857.8286
34454,4458.5938
34455,5781.128
34456,5630.861
34457,5617.894
34458,4438.9077
34459,4643.1743
34460,7465.0996
34461,6245.6255
34462,5556.7446
34463,3338.0876
34464,9826.649
34465,5589.2666
34466,4346.066
34467,6119.4497
34468,9825.047
34469,7234.3433
34470,8146.687
34471,8748.215
34472,6035.4775
34473,4782.136
34474,4935.386
34475,7105.417
34476,7614.6284
34477,11089.918
34478,3738.5154
34479,5582.8623
34480,2846.5767
34481,3802.41
34482,8093.742
34483,12604.275
34484,5365.3643
34485,4115.6577
34486,4193.006
34487,5603.7437
34488,5102.917
34489,8199.688
34490,7420.596
34491,5305.8545
34492,3408.4294
34493,6779.499
34494,5402.4263
34495,10693.398
34496,7668.98
34497,4300.6606
34498,5990.884
34499,3597.2292
34500,6515.8066
34501,7133.829
34502,6430.787
34503,7344.555
34504,5594.435
34505,6347.639
34506,3813.1326
34507,5241.0625
34508,6515.5957
34509,7088.595
34510,6515.353
34511,7535.543
34512,5131.2954
34513,3852.8147
34514,8844.766
34515,4022.4165
34516,10609.304
34517,5389.163
34518,4061.2686
34519,5735.278
34520,6008.8247
34521,5502.4087
34522,6896.7407
34523,7995.904
34524,4178.165
34525,11720.933
34526,3695.911
34527,4011.7715
34528,6310.1396
34529,6992.9404
34530,10086.712
34531,5517.024
34532,5926.4946
34533,5169.571
34534,5983.5737
34535,6123.8877
34536,4738.6855
34537,5611.869
34538,4416.9443
34539,9031.37
34540,5704.2456
34541,7571.9053
34542,11546.411
34543,7505.187
34544,4228.8716
34545,4416.805
34546,5092.021
34547,9922.363
34548,5025.595
34549,9516.747
34550,3747.4238
34551,8872.42
34552,6532.565
34553,4940.775
34554,4446.7734
34555,4052.0974
34556,4588.6567
34557,4667.7764
34558,4987.6387
34559,4282.313
34560,3840.6357
34561,4308.039
34562,7337.218
34563,5659.4204
34564,20312.707
34565,5836.0615
34566,3651.527
34567,3936.3008
34568,5724.5874
34569,7504.271
34570,3845.618
34571,3815.4175
34572,9228.0
34573,5264.1494
34574,6057.347
34575,5306.113
34576,6306.818
34577,5922.031
34578,3590.2185
34579,4753.104
34580,5010.6753
34581,7399.231
34582,5397.1367
34583,5341.217
34584,5761.7725
34585,7751.9277
34586,4183.4375
34587,3824.451
34588,4027.9917
34589,7779.051
34590,8998.293
34591,4686.143
34592,7705.1704
34593,3786.2815
34594,6181.1045
34595,3550.5974
34596,4226.5405
34597,3615.8281
34598,6607.658
34599,6518.9214
34600,8272.201
34601,8401.779
34602,4744.5923
34603,4303.796
34604,3789.4104
34605,3912.1038
34606,4549.6357
34607,8245.5205
34608,5256.1167
34609,4223.4014
34610,3857.4924
34611,3864.376
34612,6004.27
34613,2855.4177
34614,6201.129
34615,3163.036
34616,5407.618
34617,4975.1846
34618,4393.111
34619,5685.695
34620,3919.784
34621,6597.701
34622,7196.464
34623,5505.8843
34624,4659.271
34625,7050.464
34626,4100.852
34627,6102.7266
34628,4762.412
34629,8167.8647
34630,4178.6675
34631,5204.6104
34632,6869.043
34633,6302.855
34634,7762.567
34635,5191.9517
34636,7210.198
34637,3506.9512
34638,3934.694
34639,5013.52
34640,4998.9937
34641,7769.063
34642,5887.365
34643,2939.138
34644,4659.7866
34645,6052.5825
34646,6252.2354
34647,7326.93
34648,3199.8472
34649,10804.292
34650,5639.332
34651,3665.55
34652,5377.5376
34653,5229.6914
34654,5701.727
34655,6977.583
34656,3745.7153
34657,4618.4863
34658,4990.4795
34659,5605.6045
34660,5818.231
34661,4579.579
34662,5326.5845
34663,4075.7407
34664,4418.086
34665,7826.3535
34666,5802.353
34667,5319.684
34668,4014.4778
34669,8758.325
34670,4561.273
34671,7305.04
34672,6418.5127
34673,10230.474
34674,5192.15
34675,4150.4976
34676,5133.6943
34677,5630.098
34678,5082.4517
34679,4034.756
34680,6451.5835
34681,5935.6655
34682,3178.4897
34683,5752.492
34684,4963.259
34685,5806.2837
34686,3668.4534
34687,7581.0757
34688,6785.664
34689,4234.935
34690,9947.332
34691,4068.5002
34692,3752.9402
34693,6584.531
34694,7731.356
34695,4673.2783
34696,3742.2546
34697,5454.5264
34698,5108.3325
34699,4215.5083
34700,4924.4624
34701,4249.2637
34702,7344.044
34703,6468.954
34704,5639.902
34705,6921.849
34706,4513.2754
34707,3978.7405
34708,4982.608
34709,6259.736
34710,6869.836
34711,6471.4165
34712,6102.296
34713,7380.299
34714,4589.392
34715,6432.9463
34716,5460.3516
34717,4421.7964
34718,5133.3267
34719,7484.035
34720,5320.633
34721,5534.09
34722,8461.031
34723,6761.5137
34724,5988.5815
34725,4425.2354
34726,6317.4146
34727,5850.642
34728,5849.593
34729,5397.6978
34730,3560.257
34731,4719.8965
34732,7867.1196
34733,6627.7876
34734,4896.373
34735,3454.2917
34736,6957.2344
34737,6170.4717
34738,6476.585
34739,5393.0664
34740,4558.4893
34741,4274.445
34742,3217.9111
34743,7780.2827
34744,5960.612
34745,5343.6577
34746,5151.3237
34747,4302.405
34748,5487.272
34749,5105.3516
34750,4912.1284
34751,3221.8398
34752,5559.1304
34753,3679.746
34754,7003.9414
34755,6659.103
34756,6040.6665
34757,9039.531
34758,4055.3418
34759,4159.6177
34760,8557.922
34761,4148.78
34762,4797.1997
34763,2221.4312
34764,6454.378
34765,6928.844
34766,3966.4739
34767,5345.294
34768,5522.605
34769,5192.239
34770,4820.5566
34771,6626.327
34772,8693.476
34773,2190.8079
34774,6073.859
34775,2469.455
34776,11332.939
34777,3522.4883
34778,6633.726
34779,7238.7744
34780,4539.479
34781,5600.773
34782,3803.9373
34783,4706.373
34784,2822.8489
34785,4102.8237
34786,4551.524
34787,4072.4258
34788,5390.078
34789,5833.468
34790,4027.4578
34791,6234.501
34792,5259.8027
34793,6624.0396
34794,7147.0557
34795,6062.688
34796,3642.2246
34797,2776.3318
34798,8676.527
34799,7790.82
34800,4366.4604
34801,6223.9844
34802,4132.6523
34803,6306.7637
34804,3580.15
34805,4030.4517
34806,5108.347
34807,2762.486
34808,5566.15
34809,3599.3438
34810,8125.0986
34811,5561.793
34812,6347.4634
34813,6402.4683
34814,4076.4175
34815,7075.0386
34816,16257.127
34817,7730.759
34818,4290.1753
34819,2305.0488
34820,4724.973
34821,6727.092
34822,4267.095
34823,5176.74
34824,11832.522
34825,5493.598
34826,8669.314
34827,16542.332
34828,3576.0984
34829,5308.117
34830,4280.8467
34831,3713.3262
34832,6630.7275
34833,4015.7302
34834,6844.4067
34835,7773.8145
34836,6857.28
34837,5083.727
34838,5961.6465
34839,3941.159
34840,5714.0425
34841,3323.1387
34842,5077.136
34843,5653.61
34844,7055.0586
34845,5030.8564
34846,4301.19
34847,3611.898
34848,6432.376
34849,4182.0767
34850,4468.6846
34851,3175.044
34852,7175.9287
34853,4097.071
34854,4934.864
34855,6045.301
34856,6473.9663
34857,0.0
34858,4840.203
34859,5795.245
34860,4843.7275
34861,6055.1807
34862,5883.3066
34863,6861.205
34864,8044.2637
34865,6511.3833
34866,4349.0933
34867,2853.9238
34868,5126.589
34869,5685.4185
34870,4752.374
34871,4113.997
34872,2163.8796
34873,7127.4155
34874,5295.3936
34875,7762.2856
34876,6019.397
34877,4311.554
34878,5343.428
34879,4157.0
34880,3743.1973
34881,7703.2744
34882,4297.3843
34883,5654.3105
34884,5994.3306
34885,11960.6455
34886,4317.2085
34887,4443.1396
34888,6271.557
34889,4679.5454
34890,4999.432
34891,4096.719
34892,6388.091
34893,3780.7954
34894,5808.804
34895,3152.351
34896,5011.0576
34897,3269.0632
34898,8038.7646
34899,4011.5723
34900,12399.633
34901,11287.429
34902,4181.8296
34903,5690.399
34904,4835.4595
34905,5002.5615
34906,4619.8833
34907,9973.552
34908,5819.5186
34909,7332.2437
34910,3741.9155
34911,6408.0522
34912,4087.7136
34913,7923.7573
34914,7638.488
34915,5298.961
34916,4850.3896
34917,4932.68
34918,5797.0864
34919,6223.664
34920,7505.724
34921,5134.076
34922,5985.1377
34923,7711.545
34924,5344.2847
34925,5405.9883
34926,4228.42
34927,8148.847
34928,5812.29
34929,4843.5195
34930,4192.9937
34931,5103.2046
34932,3548.2441
34933,7056.29
34934,4961.976
34935,5551.0815
34936,4910.1562
34937,7007.0015
34938,3782.0977
34939,6281.3096
34940,7591.278
34941,6620.9067
34942,7073.952
34943,5887.6235
34944,3294.2705
34945,10899.97
34946,8372.254
34947,5688.6514
34948,14282.88
34949,8505.0625
34950,5202.635
34951,5410.208
34952,7353.9204
34953,8323.423
34954,9197.992
34955,8867.184
34956,4643.879
34957,6226.0327
34958,4335.7183
34959,6891.263
34960,3505.814
34961,9112.4795
34962,4852.31
34963,3873.6877
34964,4945.5605
34965,7583.0645
34966,6510.7744
34967,4385.1396
34968,6595.147
34969,4634.427
34970,3222.2087
34971,5526.578
34972,3364.0552
34973,3979.1125
34974,5053.341
34975,4822.5205
34976,7295.7583
34977,7409.245
34978,6022.177
34979,5226.894
34980,5035.033
34981,9023.3545
34982,6057.0464
34983,4271.746
34984,4054.3826
34985,4024.5159
34986,7375.5137
34987,3470.8171
34988,9147.721
34989,5775.815
34990,2831.508
34991,4043.5486
34992,5883.851
34993,5143.502
34994,4071.6724
34995,7246.567
34996,7714.289
34997,10553.615
34998,5079.7666
34999,8586.005
35000,2682.3894
35001,4293.823
35002,5676.927
35003,3917.8438
35004,5440.6426
35005,4805.6313
35006,5055.327
35007,3077.401
35008,4030.2131
35009,9944.988
35010,7297.303
35011,3849.5635
35012,4423.543
35013,7226.35
35014,9076.412
35015,6500.6973
35016,4870.367
35017,3627.066
35018,11229.509
35019,5120.114
35020,6054.8574
35021,4900.7607
35022,4081.0435
35023,5768.3657
35024,7122.081
35025,2955.997
35026,3584.3396
35027,4308.1704
35028,5291.001
35029,8355.859
35030,6133.1704
35031,6416.3027
35032,11662.712
35033,4198.625
35034,8335.976
35035,9502.924
35036,5688.6733
35037,3805.1821
35038,2696.3367
35039,6435.309
35040,5315.3525
35041,4835.363
35042,4656.2275
35043,5088.923
35044,9838.212
35045,4085.8657
35046,4431.1235
35047,5809.569
35048,4764.3887
35049,5600.634
35050,4140.477
35051,3377.8538
35052,5007.8896
35053,2681.3057
35054,6258.6494
35055,7525.616
35056,5429.289
35057,6788.5386
35058,6737.906
35059,6546.262
35060,3961.0781
35061,5696.1333
35062,8340.954
35063,6349.7344
35064,4687.4126
35065,5098.825
35066,4113.8716
35067,8526.692
35068,4516.2944
35069,5370.797
35070,4522.39
35071,5797.0312
35072,6367.3286
35073,5569.5967
35074,5358.219
35075,6945.7905
35076,5056.76
35077,5206.0205
35078,14474.91
35079,4939.0596
35080,6894.557
35081,4990.694
35082,5098.577
35083,4334.1675
35084,3763.3726
35085,3669.598
35086,3999.7158
35087,6921.0635
35088,11649.538
35089,7600.537
35090,7810.1196
35091,9022.158
35092,8704.644
35093,8272.351
35094,5893.484
35095,6828.913
35096,4014.4358
35097,9600.594
35098,9051.714
35099,5354.4336
35100,7254.07
35101,7160.914
35102,5308.097
35103,3436.6614
35104,9823.341
35105,5042.921
35106,5291.94
35107,5488.5806
35108,1970.681
35109,10886.785
35110,8463.921
35111,12432.375
35112,4961.853
35113,4156.7935
35114,3776.3762
35115,5119.147
35116,5393.154
35117,5797.28
35118,5614.2676
35119,4766.3296
35120,3764.8052
35121,6006.7217
35122,2935.984
35123,2353.4846
35124,5162.662
35125,10980.879
35126,5568.216
35127,15753.131
35128,4064.2954
35129,4573.5327
35130,5293.4395
35131,4285.075
35132,3879.4714
35133,4094.0588
35134,4172.9473
35135,3217.6626
35136,6501.733
35137,5061.8315
35138,3239.2522
35139,7384.573
35140,4273.8047
35141,4631.3994
35142,3623.4382
35143,9146.665
35144,5957.321
35145,8249.053
35146,4344.9424
35147,5851.518
35148,3251.441
35149,4213.478
35150,3594.931
35151,12382.379
35152,8054.851
35153,4822.916
35154,4127.271
35155,3956.3125
35156,4984.4473
35157,3706.8638
35158,8047.8477
35159,3812.2998
35160,11980.968
35161,3856.249
35162,4677.8677
35163,4971.9683
35164,7165.4165
35165,5078.633
35166,3917.4812
35167,5592.093
35168,6151.8247
35169,5815.246
35170,5577.8003
35171,4654.296
35172,2866.0505
35173,8259.192
35174,4118.214
35175,3290.872
35176,5353.933
35177,4815.2715
35178,5106.6567
35179,5604.6846
35180,7722.9316
35181,6983.8086
35182,5504.9966
35183,5761.8936
35184,3692.0806
35185,7081.3037
35186,4733.666
35187,3523.0024
35188,6083.2227
35189,5813.028
35190,5304.827
35191,6622.0625
35192,4930.93
35193,5186.5664
35194,5220.287
35195,5554.7256
35196,4467.3975
35197,5881.6177
35198,5779.6504
35199,5445.362
35200,5121.667
35201,4416.4595
35202,7441.732
35203,4953.091
35204,3634.256
35205,8821.749
35206,4329.1226
35207,3072.9387
35208,6275.285
35209,7295.668
35210,8313.22
35211,4584.54
35212,4244.674
35213,4727.597
35214,2883.8274
35215,5501.469
35216,6413.941
35217,5094.756
35218,4716.701
35219,5611.7886
35220,6144.2427
35221,2966.2556
35222,4408.593
35223,4532.898
35224,4783.6284
35225,3997.2366
35226,6134.937
35227,5968.85
35228,5201.2554
35229,3675.0803
35230,6875.526
35231,4892.022
35232,6190.887
35233,6964.013
35234,3927.086
35235,5831.4316
35236,5675.633
35237,6746.208
35238,6226.579
35239,6774.573
35240,2860.5518
35241,7989.9194
35242,5324.8926
35243,5793.6924
35244,7815.947
35245,3901.676
35246,3572.1501
35247,10300.94
35248,6972.454
35249,6328.7466
35250,4891.0234
35251,5451.5044
35252,7066.656
35253,2889.1958
35254,5511.438
35255,4620.364
35256,5912.0693
35257,5112.388
35258,4729.365
35259,7044.9116
35260,4240.0483
35261,6738.208
35262,8473.8
35263,13748.596
35264,6796.436
35265,3880.0896
35266,4366.2856
35267,3343.2505
35268,2675.0037
35269,9057.465
35270,6744.5093
35271,4479.051
35272,7572.5693
35273,4312.2944
35274,9659.3955
35275,3488.7559
35276,4899.4424
35277,5156.0576
35278,7392.1343
35279,4242.8965
35280,5018.673
35281,4501.671
35282,3767.1978
35283,6790.034
35284,4270.235
35285,5259.6924
35286,6068.0337
35287,7935.2983
35288,6200.733
35289,5932.5977
35290,4396.4688
35291,8952.392
35292,4050.3777
35293,4291.825
35294,8757.833
35295,5588.915
35296,7299.7397
35297,8143.2456
35298,13676.287
35299,4483.586
35300,3699.2688
35301,3946.4182
35302,5241.5723
35303,7031.6934
35304,7764.433
35305,5429.196
35306,6827.617
35307,6088.284
35308,2999.999
35309,6770.7427
35310,6052.1553
35311,5103.949
35312,6326.906
35313,4117.9707
35314,4027.6536
35315,3867.2341
35316,3253.2156
35317,3801.9893
35318,6588.1113
35319,5899.344
35320,8867.411
35321,13920.016
35322,5722.2944
35323,4330.7124
35324,5666.0425
35325,6922.734
35326,7183.7905
35327,3150.926
35328,4513.052
35329,3617.1355
35330,8075.552
35331,5100.713
35332,5017.3423
35333,9590.856
35334,10565.59
35335,3927.6516
35336,5825.8945
35337,3029.5215
35338,4801.7637
35339,4536.4575
35340,7042.3516
35341,3944.7322
35342,3554.4065
35343,5048.9517
35344,6297.507
35345,6004.018
35346,3945.3718
35347,4541.8745
35348,5386.1055
35349,5592.5786
35350,5085.2593
35351,3099.8352
35352,8193.622
35353,15227.911
35354,3810.6562
35355,5850.19
35356,6950.807
35357,5361.977
35358,3156.0974
35359,3037.9812
35360,3003.4956
35361,6451.848
35362,4114.5386
35363,6263.684
35364,7907.3516
35365,3401.962
35366,4196.791
35367,4575.322
35368,4543.72
35369,4002.0742
35370,4368.6353
35371,5053.7026
35372,8405.795
35373,6517.939
35374,7361.366
35375,4617.971
35376,3385.9968
35377,5279.1343
35378,5389.801
35379,6509.9673
35380,5834.1855
35381,3843.2744
35382,19265.795
35383,5224.7256
35384,4671.7363
35385,10230.405
35386,5459.1016
35387,5074.144
35388,4833.1353
35389,6153.8145
35390,4183.7607
35391,7639.1577
35392,12950.655
35393,4178.5957
35394,4565.1904
35395,5383.6504
35396,10863.696
35397,5087.0107
35398,4234.4585
35399,4747.3677
35400,4275.5986
35401,5342.5464
35402,3670.0042
35403,6853.1865
35404,3159.9084
35405,6418.9043
35406,2186.671
35407,16651.123
35408,6744.001
35409,3180.5947
35410,3835.433
35411,7926.902
35412,5251.2007
35413,5544.9375
35414,6456.699
35415,4566.4795
35416,4396.1504
35417,3841.4749
35418,8505.379
35419,4609.5874
35420,5179.768
35421,5564.8975
35422,6374.548
35423,4803.1885
35424,6500.0464
35425,4769.64
35426,3412.9358
35427,7040.4043
35428,8362.374
35429,3972.214
35430,6020.856
35431,5325.1465
35432,4095.2695
35433,7746.458
35434,4836.899
35435,5972.8823
35436,5278.56
35437,6023.7163
35438,3251.7666
35439,3850.2795
35440,3740.6306
35441,0.0
35442,5777.843
35443,6676.924
35444,3124.835
35445,7196.4297
35446,3175.7134
35447,5245.2983
35448,4080.2493
35449,4650.346
35450,5491.073
35451,5928.864
35452,5457.097
35453,6425.1646
35454,3081.2874
35455,4567.717
35456,6114.805
35457,5992.027
35458,5483.2744
35459,6095.4375
35460,8564.062
35461,5619.6147
35462,2502.2246
35463,5652.8765
35464,4314.298
35465,5623.6094
35466,5697.7583
35467,4026.8813
35468,9418.385
35469,4380.273
35470,6031.0234
35471,8568.139
35472,5951.204
35473,3193.4097
35474,8577.845
35475,4438.239
35476,7688.418
35477,4263.4375
35478,6702.178
35479,8097.657
35480,4856.366
35481,4735.983
35482,5469.6514
35483,4325.919
35484,4910.6294
35485,5326.7217
35486,8266.136
35487,5702.744
35488,4713.867
35489,3801.9893
35490,5827.517
35491,5589.171
35492,5441.613
35493,5672.602
35494,4826.8604
35495,5505.6636
35496,4274.2407
35497,6485.369
35498,6383.76
35499,5635.374
35500,4544.3706
35501,5586.9854
35502,6433.3145
35503,8148.8784
35504,4204.9497
35505,6109.7446
35506,4564.6157
35507,4786.0474
35508,5561.432
35509,5767.7
35510,3613.8315
35511,3779.3313
35512,6796.235
35513,6939.347
35514,3984.027
35515,4864.99
35516,6383.163
35517,5253.1543
35518,4666.0713
35519,5041.988
35520,3576.5828
35521,2763.99
35522,6537.2275
35523,3396.3845
35524,6128.884
35525,5325.9443
35526,5094.936
35527,5365.5024
35528,9686.482
35529,7401.0166
35530,6216.995
35531,4277.5938
35532,6641.5513
35533,6457.2476
35534,3480.5815
35535,3038.9116
35536,7818.4893
35537,2786.8218
35538,5709.188
35539,11317.137
35540,6282.328
35541,5664.9834
35542,3503.564
35543,5830.631
35544,4743.4927
35545,5553.7827
35546,5446.3486
35547,6625.588
35548,6783.263
35549,4647.8584
35550,6559.9946
35551,3826.5347
35552,5347.334
35553,4024.3047
35554,4659.9688
35555,4434.6333
35556,4403.163
35557,4639.5176
35558,6169.3477
35559,3581.571
35560,7549.7583
35561,5497.2886
35562,3362.6594
35563,4015.895
35564,6934.6826
35565,6525.5464
35566,4463.296
35567,4747.318
35568,5820.0957
35569,3870.5298
35570,5552.3525
35571,5042.9014
35572,4818.093
35573,3990.1924
35574,4386.5537
35575,6183.4277
35576,5622.7456
35577,4665.07
35578,3050.1519
35579,10122.746
35580,4823.542
35581,3945.0256
35582,5901.055
35583,8827.91
35584,6448.95
35585,7006.7344
35586,7659.8936
35587,5628.6
35588,4141.046
35589,4342.2993
35590,6662.1587
35591,7645.529
35592,10331.333
35593,3645.8572
35594,5268.595
35595,2961.6763
35596,3382.4067
35597,7978.542
35598,11543.57
35599,5675.3296
35600,4070.674
35601,3839.6724
35602,5190.3867
35603,4508.056
35604,7022.437
35605,7052.9927
35606,5156.1655
35607,3301.6577
35608,6331.7114
35609,4995.2993
35610,9246.8545
35611,6961.1904
35612,4020.6558
35613,5316.412
35614,3502.3042
35615,5310.4165
35616,6888.93
35617,5949.524
35618,7216.762
35619,5215.0713
35620,5787.368
35621,3501.409
35622,4645.181
35623,6483.05
35624,6622.2837
35625,5827.706
35626,6434.7075
35627,4730.4297
35628,3381.2163
35629,8172.868
35630,3859.6458
35631,9879.501
35632,4917.013
35633,3648.5222
35634,5522.9106
35635,5366.157
35636,5222.7026
35637,6428.4136
35638,7376.717
35639,3681.2488
35640,10159.782
35641,3306.925
35642,3677.2756
35643,5842.996
35644,6689.1885
35645,9125.656
35646,5393.1484
35647,5778.4487
35648,4854.051
35649,5581.057
35650,5629.9746
35651,4584.5835
35652,5019.9224
35653,4312.0435
35654,8307.259
35655,5718.186
35656,6484.5156
35657,10791.202
35658,6673.8105
35659,4210.617
35660,4149.6543
35661,4692.7993
35662,9259.907
35663,4493.421
35664,7848.338
35665,3858.1292
35666,7717.4385
35667,6224.014
35668,4709.2876
35669,3964.3857
35670,3831.7288
35671,4328.817
35672,4690.566
35673,4845.474
35674,4036.1343
35675,3547.4556
35676,3932.814
35677,6659.8335
35678,5190.7485
35679,17965.303
35680,5107.797
35681,3583.0918
35682,4604.696
35683,5580.7007
35684,7230.204
35685,4040.6606
35686,3789.1792
35687,7647.95
35688,4939.606
35689,5784.0347
35690,4944.419
35691,6642.793
35692,5853.126
35693,3723.5457
35694,4545.853
35695,5058.588
35696,7195.2217
35697,5015.2803
35698,5678.7085
35699,5468.968
35700,7676.657
35701,3698.5386
35702,3665.029
35703,4173.067
35704,7750.8335
35705,8502.158
35706,4817.454
35707,7237.1177
35708,3533.9282
35709,6042.2344
35710,2918.3044
35711,4292.5005
35712,3575.3174
35713,6343.0938
35714,6267.2695
35715,7750.5083
35716,8265.118
35717,4887.4
35718,4118.108
35719,3697.1946
35720,3615.559
35721,4662.663
35722,8493.64
35723,5091.5786
35724,4231.983
35725,4017.5427
35726,3830.9065
35727,6209.2197
35728,2707.3262
35729,6236.083
35730,3232.652
35731,5453.736
35732,5004.275
35733,4340.709
35734,5924.782
35735,3887.4954
35736,6326.8877
35737,7021.2314
35738,5339.2046
35739,4487.604
35740,7192.971
35741,4181.1675
35742,5587.518
35743,5062.759
35744,8350.776
35745,3793.8015
35746,5077.078
35747,6732.548
35748,6553.3154
35749,7395.491
35750,5162.706
35751,6861.434
35752,3358.2708
35753,3563.818
35754,4835.146
35755,5042.382
35756,7719.4043
35757,5726.7227
35758,2937.3032
35759,4398.646
35760,5922.1665
35761,6181.9062
35762,7095.0215
35763,3142.5776
35764,10963.424
35765,5431.853
35766,3580.8638
35767,5195.35
35768,5025.0537
35769,5508.0327
35770,6776.8545
35771,3610.1584
35772,4639.584
35773,4841.1636
35774,5541.6807
35775,5173.606
35776,4359.577
35777,5245.9287
35778,4023.4412
35779,4292.902
35780,7784.491
35781,5672.5264
35782,5123.5044
35783,3895.7961
35784,8406.581
35785,4336.8765
35786,7279.632
35787,6073.2275
35788,9874.763
35789,4999.284
35790,4051.6104
35791,5232.2812
35792,5465.5103
35793,5031.682
35794,4104.221
35795,6420.9497
35796,5794.7812
35797,3109.7815
35798,5894.8047
35799,4935.1274
35800,5528.745
35801,3452.951
35802,7943.4014
35803,6928.316
35804,3892.9766
35805,8988.54
35806,3942.1177
35807,3885.6787
35808,6351.588
35809,7445.012
35810,4547.1284
35811,3612.2495
35812,5508.064
35813,4720.671
35814,4068.4033
35815,4861.9653
35816,4250.8975
35817,7360.7134
35818,6084.134
35819,5461.4766
35820,6613.882
35821,4224.4688
35822,3888.419
35823,4753.412
35824,6328.264
35825,6600.074
35826,6502.7065
35827,6314.5405
35828,7039.746
35829,4605.443
35830,6717.365
35831,5405.9985
35832,4469.064
35833,5161.7314
35834,7320.1196
35835,5443.7207
35836,5179.768
35837,7871.1953
35838,7165.013
35839,5810.8823
35840,4400.6016
35841,5881.3257
35842,5647.056
35843,5450.371
35844,5380.2007
35845,3433.011
35846,4464.224
35847,7674.578
35848,6681.536
35849,4873.1553
35850,3327.0752
35851,6502.0615
35852,5980.116
35853,6056.729
35854,5330.7725
35855,4383.228
35856,4130.4453
35857,3099.179
35858,7638.786
35859,5449.794
35860,5421.5938
35861,5146.4614
35862,4190.8184
35863,5425.0493
35864,5038.8047
35865,5022.217
35866,3114.1514
35867,4588.753
35868,3780.121
35869,7022.9795
35870,6496.5566
35871,5812.529
35872,8890.564
35873,4493.035
35874,4263.222
35875,8451.336
35876,4077.3896
35877,5166.386
35878,1819.2386
35879,6545.551
35880,6665.445
35881,4022.785
35882,5187.254
35883,6321.513
35884,5009.4517
35885,4729.3423
35886,5990.1924
35887,8669.488
35888,2184.277
35889,5763.8394
35890,2439.038
35891,10269.862
35892,3958.3247
35893,6655.6294
35894,7235.3506
35895,4669.682
35896,5347.982
35897,3780.5286
35898,4400.0225
35899,2704.0364
35900,3738.4546
35901,4603.6943
35902,3794.196
35903,5531.24
35904,5892.444
35905,3945.2778
35906,5747.0845
35907,5151.6772
35908,6579.1504
35909,7085.7563
35910,6054.176
35911,3741.041
35912,2837.0715
35913,8354.84
35914,7799.8164
35915,4203.406
35916,5982.4385
35917,4025.399
35918,5891.095
35919,3576.1292
35920,4009.56
35921,5168.979
35922,2743.9644
35923,5477.9634
35924,3714.0703
35925,7914.301
35926,5408.748
35927,6363.6978
35928,6263.367
35929,4073.2688
35930,7110.217
35931,15897.162
35932,7828.115
35933,4021.5571
35934,2272.69
35935,4823.022
35936,6417.6616
35937,3970.9941
35938,5020.253
35939,11775.522
35940,5352.6104
35941,8443.738
35942,15978.621
35943,3480.5286
35944,4986.697
35945,4231.6724
35946,3428.3115
35947,6632.461
35948,4468.1436
35949,6540.87
35950,7571.262
35951,6327.0566
35952,4818.3867
35953,5724.249
35954,3979.101
35955,5689.4326
35956,3058.6924
35957,5063.396
35958,5692.7983
35959,7225.978
35960,5045.1724
35961,4339.6157
35962,3469.612
35963,6278.973
35964,4068.3684
35965,4398.7637
35966,3042.1719
35967,6988.333
35968,4146.489
35969,4889.624
35970,5626.807
35971,6170.0713
35972,0.0
35973,4588.0176
35974,5011.7124
35975,4810.3
35976,5730.1597
35977,5708.4585
35978,6883.761
35979,7911.048
35980,5911.5166
35981,4378.1094
35982,2794.9893
35983,5175.8022
35984,5327.9463
35985,4717.263
35986,3956.9617
35987,1874.8954
35988,6723.051
35989,5074.3716
35990,7937.0317
35991,5795.2783
35992,4193.874
35993,5008.2573
35994,4014.5737
35995,3729.066
35996,7308.023
35997,4291.3745
35998,5783.246
35999,6114.0938
36000,11285.62
36001,4332.365
36002,3807.3315
36003,6215.3643
36004,4069.0825
36005,4659.7153
36006,4039.2078
36007,6071.861
36008,3694.9204
36009,5718.726
36010,3108.2185
36011,4885.6846
36012,3102.4387
36013,7800.1885
36014,4045.52
36015,12178.98
36016,10801.159
36017,4205.319
36018,5506.6353
36019,4438.0737
36020,4920.7153
36021,4399.4937
36022,9685.087
36023,5886.815
36024,6709.54
36025,3503.9382
36026,6328.385
36027,4126.0903
36028,7782.6875
36029,7216.0737
36030,5247.025
36031,4698.6445
36032,5007.923
36033,5707.8267
36034,6278.602
36035,7117.9863
36036,5071.691
36037,5716.441
36038,7846.9834
36039,5545.213
36040,5158.488
36041,4414.8804
36042,7590.5757
36043,5646.1133
36044,4389.743
36045,4358.874
36046,4748.0967
36047,3638.5054
36048,7273.462
36049,4926.144
36050,5549.737
36051,5127.259
36052,6899.4844
36053,3755.576
36054,5896.734
36055,7074.8564
36056,6123.0874
36057,6057.393
36058,5357.6216
36059,3283.509
36060,11086.46
36061,7934.844
36062,5704.9746
36063,13836.759
36064,7323.926
36065,5435.4604
36066,5180.287
36067,6889.2983
36068,7973.1943
36069,8546.926
36070,8679.855
36071,4260.7583
36072,6055.8853
36073,4290.036
36074,6752.652
36075,3303.1226
36076,8158.4673
36077,4609.2046
36078,3949.382
36079,4946.863
36080,7152.1494
36081,6307.955
36082,4368.2144
36083,6425.2563
36084,4571.967
36085,3119.5215
36086,5560.472
36087,3321.9785
36088,3993.5625
36089,4565.678
36090,5256.0366
36091,7438.659
36092,7343.4907
36093,5966.34
36094,5193.2344
36095,5020.8853
36096,8503.603
36097,5677.5225
36098,4106.9355
36099,4008.5083
36100,4038.526
36101,7385.2847
36102,3456.731
36103,9018.484
36104,5875.422
36105,2733.16
36106,4036.0725
36107,5703.756
36108,5133.322
36109,4205.588
36110,7266.604
36111,7470.335
36112,10259.426
36113,4753.14
36114,8443.312
36115,2666.088
36116,4150.569
36117,5682.274
36118,3941.501
36119,5170.3647
36120,4715.7295
36121,5071.2266
36122,3127.1252
36123,3993.49
36124,9765.079
36125,7342.328
36126,3716.8418
36127,4234.709
36128,7114.6265
36129,8710.134
36130,6589.029
36131,4629.4204
36132,3422.7073
36133,11464.015
36134,5238.0786
36135,6870.5894
36136,4537.107
36137,4092.5242
36138,5711.5576
36139,6583.3813
36140,2603.7383
36141,3847.236
36142,3735.4922
36143,5121.5986
36144,8262.061
36145,6176.719
36146,6397.005
36147,10659.835
36148,4214.077
36149,8076.045
36150,9494.589
36151,5655.2764
36152,3691.88
36153,2474.1292
36154,6588.8594
36155,5091.161
36156,4802.277
36157,4692.231
36158,5076.889
36159,8503.78
36160,3926.9397
36161,4394.452
36162,5839.0127
36163,3725.9333
36164,5674.9507
36165,4044.0925
36166,3259.2761
36167,5205.9062
36168,2607.829
36169,5690.958
36170,7273.913
36171,5438.3647
36172,6302.5005
36173,6650.3184
36174,6420.2944
36175,4067.1033
36176,5668.946
36177,7652.8755
36178,6230.494
36179,4626.0747
36180,5162.45
36181,4790.0894
36182,8121.3564
36183,4712.0737
36184,5206.716
36185,4309.5723
36186,5971.2476
36187,6448.2305
36188,5423.3164
36189,5065.304
36190,6919.4727
36191,4791.035
36192,5254.5625
36193,13310.425
36194,4800.9395
36195,7055.025
36196,4451.7007
36197,4870.7017
36198,4328.8457
36199,3776.0737
36200,3482.3318
36201,4058.523
36202,6996.2964
36203,11203.63
36204,7269.148
36205,7600.6816
36206,8000.2905
36207,8552.071
36208,7985.379
36209,5904.4556
36210,6860.616
36211,3775.6055
36212,9243.865
36213,8478.003
36214,5563.0396
36215,7023.817
36216,6159.199
36217,5116.662
36218,3225.241
36219,9418.816
36220,5222.1895
36221,5151.407
36222,5227.612
36223,2017.1571
36224,10085.048
36225,8417.613
36226,11836.428
36227,4979.8374
36228,3988.6094
36229,3644.6401
36230,5169.2056
36231,4885.1533
36232,5818.98
36233,5442.3657
36234,4558.367
36235,3737.0818
36236,5361.108
36237,3186.894
36238,2279.437
36239,4794.1895
36240,10872.787
36241,5492.0107
36242,15583.078
36243,3674.148
36244,4508.1636
36245,5417.0347
36246,3989.2524
36247,3792.4048
36248,4073.2766
36249,4057.3616
36250,3146.8135
36251,6481.6772
36252,5217.8774
36253,3202.3054
36254,7216.611
36255,4080.2766
36256,4638.327
36257,3365.5444
36258,9071.748
36259,5994.611
36260,7854.119
36261,4145.987
36262,5481.1724
36263,3210.2153
36264,4036.3652
36265,3679.581
36266,12697.446
36267,7923.236
36268,4807.291
36269,3988.6396
36270,3870.6921
36271,4827.611
36272,3462.9558
36273,7345.0806
36274,3633.9268
36275,11763.399
36276,3774.3882
36277,4341.077
36278,4761.2446
36279,7155.2065
36280,5286.6323
36281,3898.0935
36282,5332.415
36283,5759.1626
36284,5945.2524
36285,5521.1196
36286,4570.1313
36287,2737.2776
36288,7474.6895
36289,3933.2605
36290,3151.816
36291,5293.404
36292,5001.2256
36293,4913.802
36294,5350.1704
36295,7532.618
36296,6466.184
36297,5418.7607
36298,5675.243
36299,3571.0803
36300,7074.425
36301,4706.2163
36302,3604.9275
36303,5669.2754
36304,5712.6416
36305,5183.426
36306,6794.271
36307,4862.151
36308,5147.507
36309,5355.516
36310,5025.1064
36311,4225.9604
36312,5790.394
36313,5969.9717
36314,5417.696
36315,4479.6787
36316,4331.8364
36317,7285.661
36318,5108.581
36319,3560.2502
36320,8874.553
36321,4122.7026
36322,3060.616
36323,5627.623
36324,7319.8965
36325,7963.8228
36326,4467.223
36327,4182.4917
36328,4786.673
36329,2899.9736
36330,5326.8687
36331,6249.6655
36332,5027.5225
36333,4279.406
36334,5342.0776
36335,6298.2456
36336,2824.689
36337,4426.9834
36338,4510.2544
36339,4613.6475
36340,3856.683
36341,5893.7817
36342,6185.392
36343,5164.189
36344,3728.2266
36345,6645.55
36346,4982.56
36347,6183.162
36348,6947.195
36349,4082.301
36350,5674.3174
36351,5522.6943
36352,6672.1685
36353,6229.7275
36354,6944.1606
36355,2650.08
36356,8053.476
36357,5478.6533
36358,5610.4507
36359,7921.0522
36360,3907.3708
36361,3321.6458
36362,9821.861
36363,6636.979
36364,6273.8247
36365,4674.2637
36366,4897.326
36367,7122.937
36368,2604.8416
36369,5290.2744
36370,4415.1665
36371,5919.467
36372,4821.5913
36373,4467.6875
36374,6847.711
36375,4007.3423
36376,6674.326
36377,8442.08
36378,13384.194
36379,6321.103
36380,3739.243
36381,4292.1196
36382,3327.8845
36383,2563.237
36384,8449.152
36385,6526.7666
36386,4426.1387
36387,6830.724
36388,4287.639
36389,9085.455
36390,3538.003
36391,5116.9644
36392,4951.9663
36393,7650.4746
36394,4329.837
36395,5171.8594
36396,4482.564
36397,3675.9185
36398,6316.637
36399,4160.8125
36400,5598.305
36401,6041.8364
36402,7737.3164
36403,6134.6855
36404,5629.0674
36405,4382.7393
36406,8648.618
36407,3919.096
36408,4271.8115
36409,8269.464
36410,5656.485
36411,7185.2227
36412,7919.866
36413,13074.638
36414,4113.5264
36415,3776.3655
36416,3893.2402
36417,4761.0947
36418,6789.976
36419,7791.63
36420,5547.255
36421,6382.95
36422,6097.868
36423,2986.7117
36424,6606.4165
36425,6276.554
36426,5062.7393
36427,5925.794
36428,4035.7415
36429,3747.1555
36430,4051.7188
36431,3132.2576
36432,3780.2761
36433,6344.4673
36434,5388.1353
36435,8491.008
36436,13357.058
36437,5641.4355
36438,4381.79
36439,5776.272
36440,6735.522
36441,7083.4653
36442,3149.0417
36443,4726.6636
36444,3438.1992
36445,7426.3667
36446,5225.563
36447,4701.5454
36448,9636.583
36449,10635.919
36450,3927.3257
36451,5759.965
36452,3113.584
36453,4760.7812
36454,4429.6445
36455,7094.2905
36456,3835.8577
36457,3565.695
36458,4737.3115
36459,5601.1094
36460,4920.0205
36461,3634.2942
36462,4471.9595
36463,5266.073
36464,5000.8774
36465,5028.885
36466,2902.6875
36467,8127.6875
36468,14946.423
36469,3660.1482
36470,5802.281
36471,6404.6733
36472,5391.415
36473,3133.3574
36474,2949.953
36475,3056.767
36476,6013.578
36477,3999.01
36478,5952.555
36479,7676.174
36480,3492.735
36481,4303.521
36482,4618.2925
36483,4464.275
36484,3921.9607
36485,4562.3086
36486,5306.9175
36487,8170.3584
36488,6057.185
36489,7474.6396
36490,4620.7646
36491,3198.1597
36492,5086.2246
36493,5155.074
36494,6210.523
36495,5535.8584
36496,3501.9033
36497,18350.205
36498,4945.2637
36499,4561.934
36500,10089.656
36501,5190.4067
36502,5085.958
36503,4689.6177
36504,6137.296
36505,4032.2551
36506,7343.2383
36507,12719.592
36508,3929.3303
36509,4284.8833
36510,5577.731
36511,10371.575
36512,4961.413
36513,4120.4263
36514,4671.3174
36515,4019.674
36516,5160.2397
36517,3391.0232
36518,6861.133
36519,3195.159
36520,6275.5483
36521,2216.0754
36522,16036.881
36523,6718.557
36524,3406.6611
36525,3921.8635
36526,6887.084
36527,5063.86
36528,5404.1943
36529,6515.9375
36530,4471.6313
36531,4384.307
36532,3550.6821
36533,8073.3647
36534,4664.638
36535,4936.596
36536,5386.861
36537,6371.156
36538,4549.966
36539,6410.7485
36540,4488.8154
36541,3361.5625
36542,6520.886
36543,7578.104
36544,3910.5627
36545,5815.7007
36546,5375.1323
36547,4244.536
36548,7614.81
36549,4386.0806
36550,5886.573
36551,5287.278
36552,5987.439
36553,3233.3894
36554,3836.875
36555,3762.4966
36556,0.0
36557,6419.639
36558,6466.135
36559,3071.368
36560,6651.219
36561,3192.3618
36562,5033.2324
36563,3807.201
36564,4686.4116
36565,5354.9697
36566,5597.365
36567,5430.864
36568,6375.2715
36569,3084.2046
36570,4535.7266
36571,5838.461
36572,5498.935
36573,5709.7217
36574,6518.424
36575,8293.381
36576,5439.49
36577,2558.2178
36578,5192.759
36579,3921.766
36580,5318.8774
36581,5274.3174
36582,3949.5176
36583,9301.608
36584,4397.6016
36585,5601.9697
36586,8232.57
36587,5358.8633
36588,3158.8687
36589,8534.779
36590,4304.075
36591,7760.0874
36592,4306.995
36593,6363.2427
36594,6946.638
36595,4928.0337
36596,4432.062
36597,5218.0864
36598,4261.868
36599,4650.2085
36600,5253.5
36601,7906.68
36602,5684.54
36603,4589.7773
36604,3585.2012
36605,5328.312
36606,5528.155
36607,5071.241
36608,5776.278
36609,4612.3535
36610,5233.324
36611,3911.533
36612,6359.3955
36613,6587.6777
36614,5419.686
36615,4500.7646
36616,5436.6943
36617,5981.5596
36618,7384.305
36619,4269.131
36620,5925.3193
36621,4329.5312
36622,4678.024
36623,5879.0654
36624,5505.501
36625,3620.094
36626,3580.6624
36627,7539.2163
36628,6932.8374
36629,3865.368
36630,4617.2134
36631,5947.4307
36632,5280.116
36633,4251.907
36634,5499.2397
36635,3687.125
36636,2612.4285
36637,6303.673
36638,3311.8342
36639,5871.5728
36640,5416.8486
36641,4897.2837
36642,4735.73
36643,8251.996
36644,7418.799
36645,6683.1235
36646,4119.9507
36647,6304.5806
36648,6126.394
36649,3422.2566
36650,2770.9707
36651,7462.9214
36652,2697.1714
36653,5574.327
36654,10822.433
36655,6099.223
36656,5540.185
36657,3336.6965
36658,5610.7505
36659,4636.8765
36660,5250.4995
36661,5365.4614
36662,6471.546
36663,6699.513
36664,4640.2036
36665,6040.9204
36666,3800.1545
36667,5122.561
36668,3944.401
36669,4495.204
36670,4582.0786
36671,4291.731
36672,4561.0815
36673,5705.954
36674,3560.413
36675,7584.569
36676,5242.9727
36677,3509.5012
36678,3857.5183
36679,6789.976
36680,6407.6245
36681,4245.249
36682,4665.279
36683,5140.77
36684,4108.283
36685,4962.814
36686,4904.296
36687,5048.191
36688,4006.3103
36689,4322.978
36690,6600.118
36691,5483.981
36692,4818.5615
36693,2899.8228
36694,8834.927
36695,4808.9834
36696,3733.0876
36697,5391.004
36698,8803.324
36699,6430.928
36700,7018.533
36701,7366.1704
36702,5425.7534
36703,4173.899
36704,4379.726
36705,6282.8613
36706,6925.0254
36707,10466.366
36708,3416.5093
36709,4876.1216
36710,2615.6719
36711,3309.011
36712,6962.3394
36713,10894.046
36714,4885.624
36715,3498.2004
36716,3902.3088
36717,5007.9756
36718,4596.779
36719,7700.2114
36720,6598.526
36721,5179.353
36722,3139.4583
36723,6221.0645
36724,4711.2285
36725,8790.998
36726,7156.4146
36727,3909.8765
36728,5338.14
36729,3314.0496
36730,5579.1836
36731,6659.192
36732,5646.679
36733,7079.6157
36734,4959.7617
36735,5679.321
36736,3473.0396
36737,4702.8955
36738,5849.6265
36739,6472.7437
36740,5744.525
36741,6445.943
36742,4555.025
36743,3368.342
36744,7707.5444
36745,3836.8604
36746,8982.498
36747,4933.221
36748,3740.4023
36749,6547.3613
36750,5313.9736
36751,4805.521
36752,6459.0522
36753,6989.0664
36754,3702.9585
36755,9408.105
36756,3167.0547
36757,3465.0938
36758,5638.025
36759,6425.7593
36760,9081.149
36761,5291.2837
36762,5097.9307
36763,4789.075
36764,5082.8687
36765,5569.427
36766,4481.025
36767,4937.3545
36768,4078.7239
36769,8024.7227
36770,5820.262
36771,6365.1123
36772,10459.739
36773,6904.343
36774,4094.6758
36775,4008.4893
36776,4458.951
36777,9189.617
36778,4359.9097
36779,7578.0825
36780,3524.0344
36781,7470.7056
36782,5977.322
36783,4467.8066
36784,3912.809
36785,3624.2334
36786,4102.84
36787,4576.78
36788,4590.907
36789,3965.7512
36790,3309.794
36791,3708.6357
36792,6934.696
36793,5204.099
36794,17945.781
36795,5155.2266
36796,3439.2095
36797,3832.7632
36798,5469.735
36799,7140.1875
36800,3721.8977
36801,3623.5593
36802,7580.2583
36803,5600.885
36804,5721.132
36805,4515.9756
36806,5969.123
36807,5675.238
36808,3730.838
36809,4545.198
36810,5148.2437
36811,6878.2153
36812,4921.8984
36813,5456.3633
36814,5465.891
36815,8276.817
36816,3789.9998
36817,3737.9731
36818,4308.228
36819,7416.6904
36820,8629.395
36821,5303.775
36822,7130.197
36823,3885.2007
36824,5926.885
36825,3383.7236
36826,4342.9414
36827,3415.0037
36828,6148.012
36829,6065.684
36830,7778.6577
36831,8053.008
36832,5184.8003
36833,4003.7734
36834,3418.5957
36835,3819.3723
36836,4691.076
36837,7925.027
36838,5018.1177
36839,4030.4438
36840,4338.544
36841,3878.624
36842,5892.9893
36843,2701.5571
36844,6030.1953
36845,3364.3984
36846,5786.927
36847,5159.526
36848,4292.304
36849,5860.897
36850,3849.1558
36851,6661.835
36852,6984.761
36853,5338.2217
36854,4351.0684
36855,6841.4434
36856,3870.2048
36857,5490.0625
36858,5184.7607
36859,8718.927
36860,4176.655
36861,5375.763
36862,6560.339
36863,6173.6567
36864,7330.5513
36865,4911.7397
36866,6830.9194
36867,3437.8582
36868,3783.689
36869,4721.5176
36870,5168.215
36871,7790.307
36872,6099.3687
36873,2894.1501
36874,4342.9165
36875,6457.6787
36876,5753.9023
36877,7496.8594
36878,3047.4934
36879,10134.029
36880,5430.4336
36881,3544.8374
36882,5059.0947
36883,5003.1816
36884,5173.976
36885,6630.3926
36886,3543.1133
36887,4670.689
36888,4891.826
36889,5571.4404
36890,5318.3345
36891,4288.453
36892,5582.0103
36893,4159.4116
36894,4192.438
36895,7632.428
36896,5606.69
36897,4942.2075
36898,3811.4597
36899,8242.524
36900,4197.0674
36901,6821.4204
36902,5765.3403
36903,9875.911
36904,4956.588
36905,3954.2903
36906,5474.6465
36907,5127.2393
36908,4975.1323
36909,3890.0513
36910,6342.2104
36911,5818.5474
36912,3106.8696
36913,5858.9014
36914,4512.664
36915,5589.032
36916,3463.058
36917,7079.2305
36918,6537.8633
36919,3685.8555
36920,9467.091
36921,3935.276
36922,3793.8376
36923,6308.5146
36924,7354.566
36925,4502.2246
36926,3649.1106
36927,5603.054
36928,4888.491
36929,3999.2769
36930,4936.215
36931,3987.4946
36932,7146.1353
36933,6610.2363
36934,5261.966
36935,6505.9824
36936,4222.048
36937,3706.266
36938,4844.4575
36939,6744.818
36940,6379.0547
36941,6481.5596
36942,5950.3755
36943,7020.696
36944,4460.763
36945,6782.849
36946,5384.811
36947,4033.1245
36948,5010.828
36949,7709.883
36950,5428.6626
36951,5893.8438
36952,7668.5195
36953,6714.393
36954,5822.65
36955,4667.3843
36956,5721.492
36957,5780.9683
36958,5489.0674
36959,5118.195
36960,3177.462
36961,4446.786
36962,7522.3726
36963,6259.957
36964,4779.8926
36965,3251.4658
36966,6565.353
36967,5806.6157
36968,6108.789
36969,5211.67
36970,4290.237
36971,4140.4062
36972,3063.4172
36973,8063.0605
36974,5495.9883
36975,5423.435
36976,5105.1665
36977,4297.372
36978,4879.9883
36979,4902.2754
36980,5320.9883
36981,3119.4412
36982,4859.8745
36983,3686.2527
36984,6870.5503
36985,6291.4067
36986,5634.896
36987,8929.776
36988,3804.8445
36989,4203.354
36990,8133.449
36991,4039.5198
36992,4659.111
36993,1974.2202
36994,6929.5386
36995,6344.28
36996,4514.4854
36997,5318.8467
36998,5228.624
36999,4857.001
37000,4696.2563
37001,6741.93
37002,8118.7466
37003,2238.1528
37004,6209.836
37005,2399.6147
37006,10640.211
37007,3448.0627
37008,6273.508
37009,6909.5605
37010,4700.0654
37011,5160.21
37012,3742.219
37013,4609.345
37014,2642.3447
37015,3728.3936
37016,4777.5176
37017,3875.6948
37018,5210.0195
37019,5840.2266
37020,4355.001
37021,5542.928
37022,4856.936
37023,6514.3774
37024,7417.9355
37025,5997.213
37026,3729.4536
37027,3106.7153
37028,8139.6733
37029,7518.6787
37030,4249.75
37031,5778.245
37032,3987.9817
37033,5984.2246
37034,3746.5693
37035,3752.346
37036,4985.5933
37037,3005.4675
37038,5351.0127
37039,3564.277
37040,7808.9053
37041,5414.333
37042,6614.449
37043,6179.442
37044,4264.113
37045,6878.458
37046,15488.679
37047,7705.1704
37048,3820.5784
37049,2247.1665
37050,4766.1064
37051,6370.5117
37052,4092.9731
37053,5100.119
37054,12114.902
37055,5326.671
37056,8738.342
37057,16180.034
37058,3292.7405
37059,4928.8374
37060,4258.365
37061,3733.7395
37062,7790.7383
37063,3601.5488
37064,6274.2197
37065,7527.691
37066,6246.2686
37067,5051.3555
37068,5643.5938
37069,4075.352
37070,5309.044
37071,3170.637
37072,4821.8584
37073,5635.3525
37074,7172.473
37075,5303.9824
37076,4584.7935
37077,3618.14
37078,6134.943
37079,3893.37
37080,4304.4775
37081,3160.6138
37082,6875.611
37083,4470.7695
37084,4954.6025
37085,5268.6104
37086,6256.9185
37087,0.0
37088,4676.2036
37089,5250.169
37090,4299.1636
37091,5831.6987
37092,5451.229
37093,7127.762
37094,7296.5864
37095,6303.4624
37096,4297.819
37097,2774.0786
37098,4939.7944
37099,5293.5854
37100,4750.792
37101,3942.4224
37102,2248.8545
37103,6591.1914
37104,5208.812
37105,7640.0396
37106,5563.7617
37107,4504.411
37108,5412.159
37109,4210.734
37110,3842.3875
37111,7465.1636
37112,4230.3687
37113,6289.085
37114,6033.6357
37115,11500.405
37116,4706.0996
37117,4463.6323
37118,6329.9663
37119,4275.187
37120,6356.0845
37121,4423.404
37122,6145.2505
37123,3641.186
37124,5710.964
37125,3120.337
37126,4749.809
37127,3103.3682
37128,7947.2583
37129,4009.4185
37130,11424.948
37131,10540.628
37132,4317.81
37133,5408.1753
37134,4370.6484
37135,4967.1567
37136,4292.6724
37137,9728.016
37138,6073.494
37139,6977.4434
37140,3473.033
37141,6116.9463
37142,4289.1895
37143,7670.3335
37144,6982.237
37145,5541.078
37146,4735.712
37147,5139.4707
37148,5914.692
37149,6083.1646
37150,7756.121
37151,4937.1284
37152,5984.4014
37153,7595.0146
37154,5688.4995
37155,5166.953
37156,4704.919
37157,7528.3516
37158,5715.3994
37159,4501.018
37160,4102.8003
37161,5018.204
37162,3711.4316
37163,6968.5244
37164,5079.757
37165,6079.4463
37166,4890.5293
37167,6742.67
37168,3788.6262
37169,5893.4727
37170,7220.2114
37171,6188.437
37172,6624.084
37173,5644.8267
37174,3380.91
37175,10531.434
37176,7835.615
37177,6303.6846
37178,14657.621
37179,8348.308
37180,5314.181
37181,5101.1455
37182,6771.976
37183,8029.01
37184,8528.863
37185,8156.53
37186,4344.524
37187,5917.519
37188,4265.2153
37189,6972.6733
37190,3402.7312
37191,9342.231
37192,4486.17
37193,3823.3748
37194,4806.4746
37195,7099.5435
37196,6167.7
37197,4281.5083
37198,6052.161
37199,4394.0244
37200,3231.4868
37201,5691.322
37202,3449.1384
37203,3766.7307
37204,4847.679
37205,4634.5195
37206,7627.1016
37207,7252.984
37208,6036.1514
37209,5612.142
37210,5101.404
37211,8884.665
37212,5557.7944
37213,3989.9678
37214,3873.8984
37215,3902.748
37216,7313.727
37217,3342.0674
37218,9182.906
37219,5677.6094
37220,2885.1372
37221,3697.7695
37222,5672.3477
37223,5231.138
37224,4195.7705
37225,7299.2456
37226,7996.6665
37227,10127.536
37228,4886.752
37229,8798.2295
37230,2506.193
37231,4139.849
37232,5573.9707
37233,3896.77
37234,5085.0557
37235,4429.099
37236,5107.6406
37237,3222.8574
37238,4287.8477
37239,9616.229
37240,7290.2144
37241,3694.864
37242,4075.632
37243,6788.5254
37244,8635.866
37245,7804.624
37246,4607.7275
37247,3669.955
37248,9062.961
37249,4794.1665
37250,6107.1577
37251,4562.6914
37252,4164.056
37253,5688.82
37254,7133.217
37255,3033.4111
37256,3486.6665
37257,4056.7927
37258,4954.579
37259,7975.674
37260,6011.313
37261,6043.6
37262,10882.104
37263,4171.419
37264,7900.3857
37265,9180.472
37266,5856.1357
37267,3710.9006
37268,2715.5251
37269,6199.071
37270,4870.2974
37271,4814.454
37272,5038.896
37273,5033.3
37274,9001.632
37275,3887.629
37276,4628.7363
37277,5704.6865
37278,4464.42
37279,5814.0366
37280,3966.9543
37281,3572.658
37282,5334.216
37283,2481.4502
37284,6070.6445
37285,7183.633
37286,5296.9746
37287,6257.163
37288,6664.2754
37289,6305.11
37290,4257.1753
37291,5560.5093
37292,7555.8745
37293,5954.219
37294,4431.5166
37295,4915.8833
37296,3973.3965
37297,7999.3594
37298,5478.2505
37299,5131.134
37300,4222.1846
37301,5384.6416
37302,6476.0103
37303,5478.2505
37304,4910.831
37305,6461.5415
37306,4458.6406
37307,5419.4067
37308,13782.587
37309,4796.307
37310,7038.497
37311,4791.4463
37312,5055.578
37313,4289.3774
37314,3785.642
37315,3375.322
37316,4369.8525
37317,7263.7905
37318,10599.826
37319,7403.304
37320,7475.3027
37321,8469.921
37322,8380.291
37323,8057.848
37324,6334.9375
37325,6660.24
37326,3806.6199
37327,8931.088
37328,8684.252
37329,5512.1426
37330,6930.3184
37331,6260.56
37332,4944.6123
37333,3287.593
37334,9324.099
37335,4823.0405
37336,5028.103
37337,5172.8657
37338,1970.9801
37339,10165.025
37340,8470.567
37341,12078.722
37342,5183.208
37343,3985.2246
37344,3647.0608
37345,5023.352
37346,4940.148
37347,5619.175
37348,5653.6313
37349,4429.505
37350,3685.2156
37351,5546.4663
37352,2847.6428
37353,2368.4902
37354,5134.272
37355,10572.484
37356,5517.2295
37357,14482.491
37358,3677.9492
37359,4559.1455
37360,4918.416
37361,4167.4736
37362,3757.83
37363,4138.866
37364,3962.8884
37365,3001.1697
37366,6556.1416
37367,5321.1353
37368,2889.8586
37369,7053.827
37370,4067.022
37371,4660.204
37372,3411.09
37373,8952.955
37374,5790.941
37375,7987.8394
37376,4118.4146
37377,5642.3555
37378,3279.6147
37379,4093.9456
37380,3676.9705
37381,11880.764
37382,7954.3867
37383,5148.931
37384,4029.879
37385,4021.3616
37386,4730.24
37387,4144.006
37388,9369.09
37389,3654.6426
37390,11117.803
37391,3722.2422
37392,4222.338
37393,4761.0264
37394,7030.124
37395,5398.084
37396,3864.284
37397,5354.607
37398,5680.827
37399,6014.0083
37400,5579.418
37401,4443.873
37402,2883.544
37403,7825.48
37404,3855.609
37405,3217.899
37406,4937.2695
37407,5237.0044
37408,4772.075
37409,5312.5444
37410,7243.4224
37411,6741.2485
37412,5402.906
37413,5804.545
37414,3457.0576
37415,6923.097
37416,4503.2383
37417,3717.9128
37418,5879.5425
37419,5800.4937
37420,5121.877
37421,7011.387
37422,4868.342
37423,4691.121
37424,5359.5024
37425,5295.025
37426,4216.7793
37427,5709.0845
37428,6014.5244
37429,5528.4395
37430,4859.953
37431,4209.272
37432,7694.639
37433,5094.732
37434,3482.5942
37435,8616.326
37436,4440.394
37437,2867.2332
37438,5771.9873
37439,7308.741
37440,7948.244
37441,4350.857
37442,4359.768
37443,4842.0645
37444,2932.542
37445,5108.4546
37446,5790.2285
37447,5420.663
37448,4361.9854
37449,5271.3047
37450,6369.5156
37451,2808.9172
37452,4332.824
37453,4637.009
37454,4447.1934
37455,3920.4983
37456,5751.2026
37457,5602.691
37458,5049.722
37459,3677.5388
37460,6508.3716
37461,4978.5835
37462,6280.213
37463,6673.454
37464,4108.1147
37465,5376.82
37466,5409.248
37467,6509.452
37468,6359.129
37469,6412.9316
37470,4059.3516
37471,8267.862
37472,5409.893
37473,5762.954
37474,7495.5366
37475,3817.9187
37476,3304.5347
37477,9732.053
37478,6680.491
37479,6267.186
37480,4607.3057
37481,5329.6997
37482,6882.6646
37483,2954.7283
37484,5602.5947
37485,4421.362
37486,6257.915
37487,4850.0103
37488,4616.1304
37489,6700.2417
37490,4337.3936
37491,6723.929
37492,8374.074
37493,13217.822
37494,6160.803
37495,3808.5376
37496,4219.185
37497,3358.418
37498,2599.5598
37499,8403.743
37500,6535.0454
37501,4442.822
37502,6765.4814
37503,4553.839
37504,9118.739
37505,3609.177
37506,5236.755
37507,4907.9976
37508,7153.5347
37509,4147.1416
37510,4828.9004
37511,4352.596
37512,3575.7026
37513,6262.3276
37514,4256.834
37515,5377.0605
37516,6024.86
37517,7455.1523
37518,6310.4043
37519,5847.529
37520,4630.591
37521,8790.286
37522,3875.0405
37523,4558.876
37524,7984.6855
37525,5343.953
37526,7051.587
37527,7731.7393
37528,13332.773
37529,4114.582
37530,3665.655
37531,4110.349
37532,4785.691
37533,6843.506
37534,7793.2207
37535,5438.9043
37536,6220.198
37537,6017.956
37538,3067.1047
37539,6346.2163
37540,5895.89
37541,5240.6177
37542,6615.0425
37543,4349.832
37544,3777.0571
37545,4013.1226
37546,3072.1472
37547,3697.2156
37548,6414.3936
37549,6124.3896
37550,8732.343
37551,13085.804
37552,5392.547
37553,4326.988
37554,5353.172
37555,6819.2407
37556,7075.673
37557,3295.638
37558,4829.7065
37559,3665.676
37560,7672.8945
37561,5270.626
37562,4767.225
37563,9717.352
37564,10344.181
37565,3997.3127
37566,5830.2583
37567,3094.6792
37568,4573.3364
37569,4292.9595
37570,7265.232
37571,3743.6829
37572,3567.5527
37573,4501.774
37574,5776.7627
37575,5805.414
37576,3570.222
37577,4721.1797
37578,5851.4346
37579,4871.1523
37580,5278.7563
37581,2986.27
37582,7863.226
37583,14521.038
37584,3651.994
37585,5872.5757
37586,6497.641
37587,5368.3076
37588,3246.7048
37589,3062.3274
37590,3044.1287
37591,6225.1064
37592,3810.5908
37593,5982.6436
37594,7489.1265
37595,3651.6875
37596,4513.7446
37597,4750.892
37598,4506.5903
37599,3883.1257
37600,4585.9307
37601,5105.848
37602,7827.3687
37603,6550.247
37604,7179.6807
37605,4737.3296
37606,3323.741
37607,5043.753
37608,5115.9785
37609,7016.5386
37610,5415.2573
37611,3596.0283
37612,18245.047
37613,5124.33
37614,4586.062
37615,9817.918
37616,5362.6064
37617,4986.9917
37618,4848.0586
37619,5896.3286
37620,3903.705
37621,7370.2886
37622,12549.409
37623,3982.2947
37624,4434.3115
37625,5169.4424
37626,10216.832
37627,5027.024
37628,4044.7175
37629,4741.3804
37630,3944.9504
37631,5008.974
37632,3495.285
37633,6736.807
37634,3089.0132
37635,5876.5093
37636,2184.4763
37637,15916.064
37638,6524.8184
37639,3152.6428
37640,3998.7964
37641,7229.5835
37642,4876.4565
37643,5271.6265
37644,6048.4673
37645,4539.245
37646,4270.9478
37647,3741.1482
37648,7942.447
37649,4503.3975
37650,4824.7197
37651,5381.335
37652,6095.251
37653,4215.8784
37654,6401.2896
37655,4522.3296
37656,3165.4207
37657,6501.584
37658,7688.176
37659,3792.441
37660,6178.935
37661,5744.914
37662,4213.5664
37663,7556.17
37664,4452.9834
37665,5888.6343
37666,5544.6733
37667,6062.156
37668,3096.7612
37669,3836.0918
37670,3785.783
37671,0.0
37672,5245.3784
37673,6276.907
37674,3305.4678
37675,6612.91
37676,3015.1023
37677,4969.095
37678,3714.7292
37679,4681.604
37680,5169.452
37681,5430.781
37682,5484.211
37683,6477.796
37684,3419.623
37685,4567.2896
37686,5663.6543
37687,5934.7935
37688,5381.771
37689,5811.37
37690,8026.705
37691,5561.496
37692,2507.2178
37693,5496.2715
37694,3885.3044
37695,5105.8335
37696,5379.713
37697,3707.136
37698,9225.519
37699,4421.531
37700,5701.7324
37701,8238.595
37702,5789.742
37703,3145.1719
37704,8282.661
37705,4532.8804
37706,7591.7266
37707,4213.647
37708,6318.192
37709,7817.5425
37710,4977.2256
37711,4173.895
37712,5121.257
37713,4251.165
37714,4520.609
37715,4949.1143
37716,7904.8403
37717,5677.8853
37718,4473.6533
37719,3662.8306
37720,5265.3345
37721,5538.8535
37722,5135.8735
37723,5671.926
37724,4641.288
37725,5191.318
37726,4900.452
37727,6470.188
37728,6237.9453
37729,5267.806
37730,4945.787
37731,5168.8457
37732,5934.935
37733,7271.631
37734,4251.388
37735,5820.473
37736,4172.808
37737,5087.394
37738,5865.0073
37739,5392.392
37740,3538.6882
37741,3604.312
37742,6394.2295
37743,7306.1343
37744,3856.5286
37745,4515.7686
37746,6222.892
37747,5158.3745
37748,4588.5034
37749,4810.7544
37750,3865.9946
37751,2824.4355
37752,5922.048
37753,3314.5745
37754,5690.3447
37755,5255.6807
37756,4834.8506
37757,4794.889
37758,8938.408
37759,7297.6167
37760,5993.6274
37761,4036.7002
37762,7307.8486
37763,5992.004
37764,3399.5935
37765,2816.9734
37766,7824.4424
37767,2760.5906
37768,5618.8535
37769,10034.015
37770,6767.5596
37771,5364.832
37772,3326.7134
37773,5397.801
37774,5101.992
37775,4955.6143
37776,5611.5854
37777,6575.869
37778,6594.587
37779,4480.8325
37780,6380.144
37781,3600.223
37782,5122.3267
37783,3998.209
37784,4346.833
37785,4985.6978
37786,4399.2754
37787,4247.4644
37788,5939.607
37789,3572.985
37790,7517.3735
37791,5331.566
37792,3514.8655
37793,3737.1248
37794,7185.504
37795,5993.1587
37796,4520.3154
37797,4680.6885
37798,5091.5835
37799,3990.4626
37800,5057.647
37801,4897.359
37802,4979.6763
37803,3917.2869
37804,4099.487
37805,6521.776
37806,5411.9165
37807,5113.432
37808,2857.5364
37809,8809.607
37810,5161.6377
37811,3734.078
37812,5499.481
37813,8244.412
37814,6485.1587
37815,6361.483
37816,7313.0576
37817,5350.778
37818,4154.4746
37819,4364.1914
37820,6146.241
37821,6666.1187
37822,9927.825
37823,3438.5632
37824,4967.422
37825,2955.3472
37826,3223.2295
37827,7307.8276
37828,11292.209
37829,5087.297
37830,3941.7642
37831,4157.868
37832,5255.48
37833,4714.4204
37834,7003.113
37835,6849.997
37836,5033.4585
37837,3285.8027
37838,5997.3613
37839,4791.2544
37840,9597.93
37841,7277.306
37842,3785.097
37843,5396.6323
37844,3407.0803
37845,5812.4565
37846,6470.25
37847,5721.394
37848,6487.6147
37849,4940.412
37850,5665.972
37851,3308.2375
37852,4993.4653
37853,5497.399
37854,6447.271
37855,5841.324
37856,6763.2812
37857,4855.537
37858,3346.5625
37859,7645.3027
37860,3762.8232
37861,8948.029
37862,5112.6904
37863,3526.2505
37864,4926.097
37865,5121.672
37866,4996.2144
37867,6018.157
37868,6941.684
37869,3896.3425
37870,9381.859
37871,3259.867
37872,3624.9663
37873,5430.921
37874,6381.063
37875,8744.861
37876,5047.8105
37877,5509.078
37878,4616.9976
37879,5365.9683
37880,5455.7183
37881,4514.959
37882,4775.5083
37883,4242.3867
37884,7930.479
37885,5373.0977
37886,6346.168
37887,10045.496
37888,6915.402
37889,3877.492
37890,3854.833
37891,4400.946
37892,9371.074
37893,4207.345
37894,7847.522
37895,3454.351
37896,7722.468
37897,5780.935
37898,4411.5337
37899,4119.2905
37900,3735.3782
37901,4156.9243
37902,4435.547
37903,4626.944
37904,3792.13
37905,3629.4023
37906,3655.6748
37907,6850.788
37908,5565.741
37909,17829.586
37910,5268.51
37911,3672.8865
37912,3659.066
37913,5589.997
37914,7499.3696
37915,3942.3584
37916,3851.8298
37917,8765.956
37918,4776.875
37919,6020.339
37920,4695.338
37921,5803.0005
37922,5724.063
37923,4190.571
37924,4705.193
37925,5599.48
37926,7120.763
37927,4814.427
37928,6482.3325
37929,5721.1646
37930,7030.2646
37931,4585.5063
37932,4210.3003
37933,4702.1597
37934,8253.546
37935,8706.77
37936,5592.5356
37937,7386.3057
37938,3934.5776
37939,6308.448
37940,2946.7983
37941,4897.2417
37942,3574.0896
37943,6606.568
37944,6317.0527
37945,8665.793
37946,8546.029
37947,5620.413
37948,4511.3687
37949,3540.8054
37950,3837.6838
37951,5218.1016
37952,8169.8984
37953,5401.473
37954,4187.1104
37955,4599.1694
37956,4369.2188
37957,5642.657
37958,2855.272
37959,6751.5894
37960,3750.0627
37961,6521.67
37962,5592.242
37963,4552.879
37964,6853.2256
37965,4118.2886
37966,7413.3237
37967,7289.908
37968,5723.25
37969,4568.344
37970,6839.9688
37971,4146.406
37972,5584.4814
37973,5779.7056
37974,9528.791
37975,4386.1475
37976,5868.0513
37977,6358.6133
37978,6476.171
37979,7810.09
37980,5263.1255
37981,7407.3867
37982,3510.7837
37983,3593.58
37984,4722.1616
37985,5726.2476
37986,8345.0205
37987,6730.198
37988,3208.1458
37989,4679.2153
37990,7129.374
37991,6702.7603
37992,7696.731
37993,3423.651
37994,10414.725
37995,5680.892
37996,3761.5168
37997,4645.159
37998,4941.5806
37999,5554.9326
38000,6954.8325
38001,3528.8113
38002,5020.751
38003,5617.594
38004,5917.508
38005,5369.0503
38006,3932.03
38007,5780.935
38008,4650.426
38009,4583.814
38010,8265.197
38011,6053.8813
38012,5183.5986
38013,4186.9185
38014,8563.196
38015,4677.154
38016,7164.371
38017,6212.8516
38018,11107.903
38019,5199.7227
38020,3810.8452
38021,6016.309
38022,5386.5166
38023,5533.314
38024,4261.12
38025,7288.1914
38026,5904.146
38027,3356.6277
38028,6427.6226
38029,4576.2295
38030,6085.318
38031,3810.431
38032,8016.7207
38033,6450.273
38034,4758.4478
38035,9196.904
38036,4277.72
38037,4286.825
38038,6662.9404
38039,7759.7617
38040,4514.933
38041,3774.9429
38042,5931.0757
38043,4978.3984
38044,4104.4014
38045,5688.9497
38046,4399.775
38047,8030.7485
38048,6174.799
38049,5936.9395
38050,6391.9185
38051,4357.569
38052,4127.389
38053,5229.502
38054,7117.5107
38055,6382.743
38056,7142.619
38057,6761.7075
38058,7076.1724
38059,4771.406
38060,7340.2485
38061,5894.1694
38062,4334.275
38063,5088.6416
38064,8011.882
38065,6126.306
38066,5112.3394
38067,8028.3516
38068,7538.598
38069,6543.4346
38070,4906.5796
38071,6318.6074
38072,6541.7993
38073,5432.226
38074,5592.2583
38075,3469.93
38076,4432.193
38077,7230.287
38078,6613.9385
38079,5147.011
38080,3621.206
38081,6750.894
38082,5995.154
38083,6140.1475
38084,5729.8647
38085,4534.1084
38086,4141.9585
38087,3136.8118
38088,8612.218
38089,5382.218
38090,5506.803
38091,5215.967
38092,4773.7188
38093,5122.571
38094,5369.1475
38095,6352.036
38096,3320.0713
38097,5540.4175
38098,4083.9214
38099,7600.428
38100,6688.512
38101,5969.0435
38102,9786.981
38103,3885.7231
38104,4663.833
38105,8639.722
38106,4273.474
38107,5419.071
38108,2214.616
38109,7184.976
38110,6934.5303
38111,4983.468
38112,5705.546
38113,5355.8687
38114,5353.632
38115,4761.099
38116,6120.2437
38117,8188.0127
38118,2582.4355
38119,6168.265
38120,2627.4392
38121,10094.786
38122,3681.6174
38123,6839.6494
38124,8485.559
38125,5430.1333
38126,5426.1777
38127,3856.1055
38128,4169.724
38129,2767.6577
38130,3774.1003
38131,5213.703
38132,3893.8792
38133,6078.6
38134,6368.039
38135,4409.9346
38136,5852.5566
38137,5477.2734
38138,7110.1353
38139,8025.6333
38140,6419.731
38141,4315.739
38142,3875.998
38143,8358.522
38144,8354.386
38145,4624.01
38146,6134.785
38147,4106.144
38148,6176.5664
38149,4192.274
38150,3918.6848
38151,5621.3516
38152,3485.3262
38153,5259.1157
38154,4070.616
38155,7963.504
38156,5676.797
38157,7082.9253
38158,6109.815
38159,4533.1055
38160,7508.0654
38161,15555.236
38162,8129.7344
38163,3871.0208
38164,2636.7744
38165,5269.012
38166,6449.0977
38167,3922.694
38168,5628.176
38169,12359.819
38170,5269.148
38171,8959.055
38172,17460.648
38173,3631.0818
38174,4852.861
38175,4404.6587
38176,3270.002
38177,6902.69
38178,3954.9956
38179,6504.462
38180,7562.717
38181,6049.489
38182,5095.0234
38183,5760.168
38184,4679.6753
38185,6040.978
38186,3298.6543
38187,5719.0312
38188,5713.8677
38189,7677.0967
38190,5662.1797
38191,5115.7056
38192,3388.8533
38193,6450.451
38194,4292.308
38195,4895.5977
38196,3345.0815
38197,7362.349
38198,4793.147
38199,5451.1875
38200,5847.1216
38201,6326.8394
38202,0.0
38203,4597.919
38204,5114.4956
38205,4631.086
38206,5948.372
38207,5808.0063
38208,8215.518
38209,8372.405
38210,6648.8022
38211,4613.951
38212,3349.926
38213,5142.3394
38214,5275.4595
38215,5243.758
38216,4126.165
38217,2242.1367
38218,6802.3115
38219,5249.1123
38220,8413.889
38221,5647.616
38222,4719.3384
38223,5987.2163
38224,4216.763
38225,4025.1033
38226,8138.276
38227,5165.8735
38228,6671.812
38229,7219.234
38230,11051.99
38231,5211.416
38232,3884.8857
38233,6742.618
38234,3734.0957
38235,4655.9653
38236,5073.1377
38237,6284.1797
38238,3884.052
38239,6478.358
38240,3411.6792
38241,4596.3667
38242,3090.832
38243,7833.859
38244,4327.211
38245,11632.285
38246,10561.298
38247,4866.819
38248,5756.675
38249,4570.7417
38250,5168.2197
38251,4449.3784
38252,10626.712
38253,6727.9004
38254,6599.3315
38255,3681.168
38256,6509.4087
38257,4879.216
38258,8260.382
38259,7218.821
38260,6159.922
38261,5221.8506
38262,5578.2256
38263,6329.423
38264,7102.07
38265,7292.85
38266,5675.6763
38267,5802.292
38268,8161.814
38269,6012.7007
38270,5464.108
38271,5271.486
38272,7558.0225
38273,5564.685
38274,4910.1143
38275,4453.0684
38276,5193.839
38277,3937.4612
38278,7533.4805
38279,5642.3447
38280,6556.248
38281,5271.0986
38282,7594.175
38283,4261.8154
38284,5686.2593
38285,7453.538
38286,6199.337
38287,6637.435
38288,5508.4214
38289,3484.1196
38290,11202.486
38291,7500.5786
38292,6795.153
38293,14592.301
38294,7381.749
38295,6168.106
38296,5712.293
38297,7043.487
38298,8359.112
38299,8424.496
38300,8746.263
38301,4817.996
38302,6062.121
38303,4798.2246
38304,7953.9395
38305,3705.9868
38306,8141.9253
38307,4750.09
38308,4355.9023
38309,5266.882
38310,6814.5986
38311,6121.7383
38312,4545.1333
38313,6642.47
38314,4421.1343
38315,3388.9116
38316,6280.5547
38317,3910.1338
38318,4201.538
38319,4964.694
38320,4997.053
38321,8486.061
38322,8147.7124
38323,5847.7744
38324,6173.9395
38325,5580.525
38326,8487.308
38327,5363.0103
38328,4963.756
38329,3962.552
38330,4261.092
38331,8264.299
38332,3564.7632
38333,10908.83
38334,5939.8677
38335,2935.81
38336,3765.0996
38337,5780.1304
38338,5570.3086
38339,4867.381
38340,7905.338
38341,8289.261
38342,9439.429
38343,4950.559
38344,10098.908
38345,2647.2083
38346,4627.487
38347,5805.7075
38348,4323.6294
38349,5482.898
38350,5097.0796
38351,5804.063
38352,3772.898
38353,4610.0664
38354,10742.035
38355,7966.216
38356,3958.2415
38357,4220.892
38358,7685.265
38359,8076.992
38360,6812.337
38361,4976.191
38362,3905.3699
38363,10183.939
38364,4828.1636
38365,7017.6963
38366,4332.4893
38367,4701.3525
38368,6439.8716
38369,6453.7993
38370,3081.4226
38371,4004.843
38372,3869.5994
38373,4703.0703
38374,8267.91
38375,6814.527
38376,6834.3735
38377,10534.607
38378,4812.4204
38379,8761.734
38380,9696.742
38381,6414.0693
38382,3940.7078
38383,2711.3845
38384,6602.7505
38385,5137.706
38386,5022.097
38387,5479.918
38388,5282.4536
38389,9270.185
38390,3707.5427
38391,4999.051
38392,6287.615
38393,3726.8147
38394,7281.104
38395,4636.1953
38396,3601.4011
38397,5859.79
38398,2679.6013
38399,5448.396
38400,7484.6562
38401,5926.6587
38402,6518.2993
38403,7047.217
38404,6409.2075
38405,4663.0366
38406,5923.539
38407,8380.979
38408,6220.8506
38409,4976.4185
38410,5752.3823
38411,4188.952
38412,8338.583
38413,5944.4756
38414,5082.345
38415,4421.231
38416,5705.4263
38417,7183.845
38418,6042.5396
38419,5223.8335
38420,7304.9355
38421,4718.402
38422,6245.1846
38423,13492.226
38424,5036.1284
38425,8518.742
38426,4510.1724
38427,5145.2046
38428,5167.6826
38429,4269.526
38430,3719.087
38431,4616.2666
38432,8034.1733
38433,11051.674
38434,7583.484
38435,8006.649
38436,7762.8486
38437,9597.545
38438,8985.181
38439,6863.4307
38440,7105.098
38441,3841.3906
38442,9250.506
38443,9809.56
38444,6338.981
38445,6814.696
38446,7362.6304
38447,5183.3364
38448,3168.98
38449,9989.679
38450,5186.284
38451,5148.902
38452,5540.2114
38453,1936.8142
38454,9702.46
38455,8628.835
38456,11536.196
38457,5474.3955
38458,4393.107
38459,4181.686
38460,5756.7295
38461,4947.6084
38462,5617.8994
38463,6599.7217
38464,4453.0215
38465,4024.9844
38466,5395.783
38467,2868.292
38468,2449.6921
38469,4745.579
38470,10924.198
38471,6089.742
38472,15061.416
38473,3607.6143
38474,5003.325
38475,5301.868
38476,4594.7754
38477,3802.468
38478,4876.4893
38479,3973.8438
38480,3118.6228
38481,7584.178
38482,5856.8115
38483,3346.154
38484,7932.68
38485,4317.135
38486,4708.789
38487,3542.694
38488,9801.133
38489,6228.985
38490,7681.0884
38491,4182.38
38492,5746.9146
38493,3680.2095
38494,4439.225
38495,3852.561
38496,11913.545
38497,8751.253
38498,5640.677
38499,4259.7993
38500,4624.1953
38501,5552.787
38502,3561.9487
38503,7389.392
38504,3671.699
38505,11545.365
38506,3773.895
38507,4388.353
38508,5055.679
38509,7976.769
38510,6204.176
38511,4447.083
38512,5436.3057
38513,5707.8213
38514,6504.5425
38515,6358.462
38516,4507.0073
38517,3017.3784
38518,7282.7153
38519,4118.01
38520,3472.5127
38521,5356.308
38522,5900.824
38523,4835.307
38524,5216.778
38525,7551.5303
38526,7315.6245
38527,5868.5884
38528,6583.2183
38529,3657.4326
38530,7592.5234
38531,4829.1904
38532,4049.2188
38533,6545.145
38534,6105.44
38535,5280.806
38536,7417.0864
38537,5329.1455
38538,4878.718
38539,5817.8145
38540,4947.665
38541,4306.995
38542,5862.8984
38543,7174.177
38544,5645.0957
38545,5016.5
38546,4639.885
38547,8085.9185
38548,5933.152
38549,3891.5137
38550,9714.321
38551,4015.1519
38552,2933.5046
38553,6278.602
38554,8081.184
38555,7943.886
38556,4397.077
38557,4785.171
38558,5220.6855
38559,3219.689
38560,5669.946
38561,6297.849
38562,5500.798
38563,4971.954
38564,5061.0786
38565,6901.2417
38566,2887.3965
38567,4619.0195
38568,4744.6963
38569,4372.6836
38570,4264.2754
38571,6261.9995
38572,5996.166
38573,5495.6216
38574,4251.51
38575,6504.8965
38576,5660.776
38577,6647.756
38578,7077.6777
38579,4687.905
38580,5799.271
38581,5663.125
38582,6630.81
38583,6732.8564
38584,7754.5825
38585,2915.0728
38586,8738.75
38587,5704.327
38588,5952.186
38589,8432.607
38590,4065.3423
38591,3341.3022
38592,9663.606
38593,6621.791
38594,6759.399
38595,4630.1978
38596,4885.3633
38597,7476.6436
38598,3151.458
38599,5987.068
38600,4329.333
38601,6917.4536
38602,4609.6357
38603,4765.675
38604,7040.337
38605,4350.3257
38606,6607.078
38607,9208.991
38608,13334.63
38609,6541.3066
38610,4044.5864
38611,4585.218
38612,3846.6157
38613,2746.5115
38614,8980.202
38615,6633.859
38616,5325.954
38617,7765.1514
38618,4914.4062
38619,8191.949
38620,4168.054
38621,5466.9023
38622,5475.858
38623,7136.8784
38624,4831.637
38625,5069.935
38626,5183.5396
38627,3898.298
38628,6460.2227
38629,4633.9844
38630,5763.8613
38631,6880.951
38632,7402.238
38633,6802.883
38634,6003.016
38635,5048.2197
38636,8884.707
38637,4162.6704
38638,5079.287
38639,9263.114
38640,5582.5903
38641,7465.0713
38642,7746.5986
38643,14621.431
38644,4351.081
38645,3945.0933
38646,4197.0596
38647,4776.2417
38648,7691.381
38649,8527.937
38650,6372.3228
38651,6233.9004
38652,6646.9507
38653,3393.3984
38654,6715.309
38655,5889.9937
38656,5680.3286
38657,7003.7207
38658,4891.728
38659,4231.1475
38660,4471.533
38661,3035.2058
38662,3818.5417
38663,6839.31
38664,5562.2065
38665,9805.537
38666,14015.933
38667,5824.555
38668,4378.31
38669,6011.1235
38670,7048.2383
38671,7059.373
38672,3571.4893
38673,5264.983
38674,3979.4807
38675,7921.762
38676,5939.9697
38677,5440.554
38678,9729.102
38679,12219.609
38680,3899.6929
38681,6188.1655
38682,3081.6401
38683,4884.203
38684,4230.966
38685,7742.2773
38686,4153.5273
38687,4248.0967
38688,4534.104
38689,6090.9272
38690,5043.349
38691,3469.238
38692,4895.019
38693,6445.15
38694,5757.57
38695,5631.8813
38696,2635.5798
38697,9154.372
38698,14502.907
38699,3702.6934
38700,6775.161
38701,6838.038
38702,5554.9644
38703,3719.0266
38704,3088.032
38705,3290.5613
38706,6223.7886
38707,4251.1694
38708,5947.039
38709,8167.982
38710,3863.226
38711,4971.949
38712,5193.7446
38713,4852.375
38714,4390.2793
38715,5020.052
38716,5428.704
38717,8729.928
38718,6476.06
38719,7597.232
38720,5202.943
38721,3303.7625
38722,5076.3374
38723,5200.9976
38724,7462.074
38725,5788.986
38726,3798.8967
38727,16819.96
38728,5314.572
38729,4693.7437
38730,10292.19
38731,5274.896
38732,5435.305
38733,5258.283
38734,5835.3267
38735,4173.489
38736,7967.713
38737,12794.125
38738,4317.4556
38739,4512.023
38740,5328.922
38741,9739.611
38742,5677.1978
38743,4411.521
38744,4742.086
38745,4512.6123
38746,4718.168
38747,4049.1455
38748,6941.373
38749,3052.7747
38750,5630.2056
38751,2590.2031
38752,19163.87
38753,6794.4917
38754,3306.5432
38755,4993.4414
38756,8311.634
38757,5096.248
38758,5477.1953
38759,6688.3145
38760,5059.003
38761,4898.1714
38762,3760.2434
38763,8365.35
38764,4818.649
38765,5215.638
38766,5315.7173
38767,6887.82
38768,4563.7666
38769,7006.507
38770,5174.588
38771,3274.8032
38772,6561.8096
38773,9143.098
38774,3987.9282
38775,6613.8564
38776,6439.8223
38777,4745.217
38778,8781.277
38779,4259.4824
38780,5690.936
38781,6291.317
38782,6833.8784
38783,3134.5234
38784,4222.217
38785,4267.466
38786,0.0
38787,5302.566
38788,6675.23
38789,3646.9878
38790,7091.997
38791,3163.6033
38792,5500.2993
38793,4017.738
38794,5096.3745
38795,5322.369
38796,5848.427
38797,6088.9697
38798,7593.0015
38799,3883.4443
38800,5209.2295
38801,6038.5986
38802,6411.2866
38803,5290.456
38804,7080.487
38805,8622.435
38806,5501.469
38807,2895.9622
38808,5325.8833
38809,4177.488
38810,5638.665
38811,5265.666
38812,3915.445
38813,10612.046
38814,4851.3984
38815,5591.565
38816,8900.7295
38817,5865.852
38818,3467.4912
38819,8955.671
38820,4987.8145
38821,8106.459
38822,4449.1367
38823,6625.923
38824,7262.343
38825,6059.4272
38826,4546.1743
38827,5975.3555
38828,4498.9746
38829,4689.3716
38830,5564.441
38831,7349.1313
38832,6509.812
38833,4507.1445
38834,3817.143
38835,6241.915
38836,6565.021
38837,5192.5557
38838,6236.2554
38839,4663.615
38840,5259.0957
38841,4218.847
38842,7061.1777
38843,6193.1255
38844,6020.7236
38845,4976.0483
38846,5310.5786
38847,6828.4116
38848,7345.41
38849,5092.142
38850,6466.505
38851,4288.9604
38852,5476.678
38853,6295.0264
38854,5523.959
38855,3722.2068
38856,3768.0244
38857,6752.9287
38858,7844.9326
38859,3986.89
38860,4895.0283
38861,6636.9033
38862,5823.4053
38863,4468.889
38864,4960.7266
38865,4297.6914
38866,2589.8943
38867,6192.795
38868,3275.0593
38869,5784.399
38870,5742.3994
38871,5647.185
38872,5505.0547
38873,7996.346
38874,7384.3193
38875,6257.778
38876,4322.174
38877,6718.7236
38878,6242.5522
38879,3232.5474
38880,2538.2195
38881,7728.0825
38882,3073.3345
38883,5848.734
38884,10266.689
38885,6636.036
38886,5666.199
38887,3532.6643
38888,6002.7124
38889,5323.42
38890,5427.86
38891,6126.8496
38892,7130.4214
38893,6500.35
38894,4827.528
38895,7308.5596
38896,3723.1016
38897,5409.955
38898,3864.9697
38899,4666.343
38900,5949.388
38901,5022.423
38902,4617.1035
38903,6185.262
38904,4100.9966
38905,8454.683
38906,5384.138
38907,4036.1072
38908,4060.6565
38909,7888.4287
38910,6432.891
38911,4508.1206
38912,4882.377
38913,5847.4956
38914,4535.484
38915,5232.975
38916,5160.9683
38917,5809.469
38918,3951.877
38919,4221.009
38920,7566.072
38921,5617.642
38922,5576.5713
38923,3064.2356
38924,9896.778
38925,5492.467
38926,4109.8315
38927,5364.6274
38928,8818.762
38929,6942.538
38930,6888.733
38931,7746.835
38932,5532.8657
38933,4540.878
38934,4937.524
38935,6526.094
38936,8327.646
38937,10266.17
38938,3994.0234
38939,4398.105
38940,2855.3987
38941,3690.3235
38942,7980.125
38943,11558.014
38944,4874.136
38945,3763.1177
38946,4605.0825
38947,4941.8022
38948,5372.6313
38949,7015.0264
38950,7169.8125
38951,5468.832
38952,3338.7852
38953,6918.582
38954,5049.014
38955,9031.361
38956,7937.8423
38957,4410.511
38958,5677.414
38959,3460.291
38960,6308.3403
38961,6594.4297
38962,6031.616
38963,6453.8667
38964,5144.356
38965,5828.451
38966,3907.345
38967,5218.2456
38968,6671.328
38969,6663.2266
38970,6239.802
38971,7324.6035
38972,5002.8047
38973,3566.4163
38974,8216.567
38975,4028.2837
38976,9577.4
38977,5683.3145
38978,4184.3154
38979,4714.4834
38980,5273.1
38981,4825.8105
38982,6467.1157
38983,7056.943
38984,4392.2437
38985,9587.555
38986,3196.5703
38987,3986.3423
38988,5712.1567
38989,6959.3516
38990,9539.039
38991,4907.0146
38992,5030.9478
38993,5265.5405
38994,5317.1777
38995,5951.0
38996,4410.9067
38997,5059.1094
38998,4244.605
38999,9209.72
39000,5044.4023
39001,6995.1753
39002,10867.945
39003,7596.7246
39004,4451.8833
39005,3866.382
39006,4777.431
39007,9727.078
39008,4399.796
39009,7481.002
39010,3779.1042
39011,8004.5034
39012,5941.1084
39013,5016.5337
39014,4552.453
39015,4106.0347
39016,4211.055
39017,4993.9893
39018,4367.8228
39019,4142.8716
39020,3685.8765
39021,3863.9485
39022,7170.1953
39023,5271.8174
39024,18693.527
39025,5939.828
39026,4050.5322
39027,2599.8215
39028,4065.571
39029,8822.119
39030,2081.6145
39031,2740.9424
39032,6130.0703
39033,3211.1035
39034,6282.442
39035,4472.0195
39036,5193.685
39037,5809.109
39038,4447.1763
39039,3326.78
39040,5416.58
39041,5266.897
39042,2503.931
39043,4703.7344
39044,4161.9673
39045,5575.981
39046,4991.703
39047,3266.6846
39048,4418.7227
39049,7165.321
39050,7983.2085
39051,5330.3555
39052,7050.9614
39053,2178.8113
39054,7423.697
39055,3265.401
39056,4989.2324
39057,2326.0908
39058,7733.974
39059,6869.967
39060,8327.909
39061,9095.547
39062,6493.397
39063,6096.1177
39064,2500.9536
39065,4492.872
39066,5478.3604
39067,7731.8354
39068,4042.6152
39069,3283.813
39070,5464.937
39071,4773.377
39072,5293.3735
39073,2414.8254
39074,7381.341
39075,4253.672
39076,7434.751
39077,5915.296
39078,3419.284
39079,8302.673
39080,2874.8147
39081,8650.367
39082,5857.5435
39083,6107.6704
39084,2368.6821
39085,4979.2583
39086,4580.2866
39087,3683.0332
39088,6891.132
39089,10201.778
39090,2716.4138
39091,6128.989
39092,5156.7705
39093,7830.8706
39094,6887.0117
39095,5037.8003
39096,6507.993
39097,2360.5269
39098,2327.3572
39099,4518.548
39100,5883.5645
39101,8291.886
39102,7572.064
39103,2396.5776
39104,4058.5151
39105,8424.609
39106,8228.849
39107,5342.0474
39108,3058.0913
39109,10357.301
39110,5271.2544
39111,3511.4402
39112,3576.5215
39113,2099.2012
39114,4380.808
39115,6921.4067
39116,3482.0862
39117,5703.707
39118,2948.6194
39119,5572.6846
39120,3628.163
39121,1654.1254
39122,4114.3423
39123,5129.4404
39124,5369.3574
39125,8929.316
39126,6478.4263
39127,5398.8516
39128,3742.8723
39129,10275.506
39130,3281.3796
39131,5757.328
39132,6590.3237
39133,11847.101
39134,4760.2544
39135,2964.4778
39136,6475.294
39137,5432.5166
39138,6464.9077
39139,4658.3374
39140,9151.194
39141,5504.7393
39142,2129.794
39143,7414.717
39144,4296.474
39145,5756.878
39146,2186.962
39147,7576.695
39148,3687.5999
39149,2626.7324
39150,7766.2554
39151,4237.222
39152,5133.8115
39153,7417.4683
39154,7159.179
39155,4308.8735
39156,4390.1323
39157,6681.224
39158,3084.399
39159,2947.095
39160,6501.187
39161,4484.848
39162,6521.6763
39163,3048.7583
39164,4327.987
39165,6054.69
39166,4069.855
39167,3075.8628
39168,5146.535
39169,5915.437
39170,6187.327
39171,7068.1655
39172,7688.2715
39173,7013.4673
39174,3803.353
39175,7377.709
39176,5286.8594
39177,3019.5266
39178,3499.4622
39179,7826.8237
39180,7072.691
39181,2744.6099
39182,6928.309
39183,9348.069
39184,6394.577
39185,4706.975
39186,6703.6616
39187,7162.3623
39188,5283.295
39189,4112.812
39190,2809.6182
39191,4973.2866
39192,4936.4976
39193,4571.7925
39194,5352.498
39195,3169.4788
39196,5504.729
39197,6896.7803
39198,5710.125
39199,6316.167
39200,5668.199
39201,2752.97
39202,1521.8053
39203,6911.5376
39204,5999.5127
39205,6817.7124
39206,3260.856
39207,5391.7495
39208,3835.2502
39209,5138.2207
39210,5560.9814
39211,3485.7852
39212,4037.4512
39213,4776.6157
39214,6846.9404
39215,6161.5146
39216,7175.8535
39217,12639.029
39218,3964.3025
39219,4863.037
39220,9802.357
39221,3441.878
39222,4956.607
39223,746.9883
39224,7742.654
39225,6523.518
39226,5417.0034
39227,6220.026
39228,5198.934
39229,4565.822
39230,4807.1577
39231,4639.8228
39232,7448.4
39233,3062.2456
39234,5495.8154
39235,2693.7976
39236,8150.4873
39237,3088.869
39238,7173.992
39239,9790.295
39240,5981.3257
39241,5945.003
39242,4004.144
39243,2215.4211
39244,1718.393
39245,3493.2183
39246,5142.9185
39247,2817.1467
39248,5246.7544
39249,7171.5977
39250,3722.9524
39251,5123.367
39252,4354.0454
39253,8020.4604
39254,7463.875
39255,6891.822
39256,4817.8535
39257,2994.5576
39258,8087.4375
39259,8818.291
39260,3577.3232
39261,4114.1265
39262,3660.8396
39263,5386.7017
39264,5134.938
39265,3637.093
39266,6376.9014
39267,3028.2297
39268,4917.609
39269,4605.1616
39270,8417.003
39271,5220.133
39272,6844.002
39273,6023.1763
39274,4436.994
39275,8232.578
39276,16711.979
39277,8360.117
39278,3466.5518
39279,3351.908
39280,6111.336
39281,7167.6997
39282,2684.8357
39283,4628.7627
39284,9187.602
39285,5826.4893
39286,6642.495
39287,16377.563
39288,5002.0464
39289,5322.3994
39290,2554.1304
39291,2146.2346
39292,9103.271
39293,3035.0989
39294,5993.433
39295,8241.7705
39296,2697.3298
39297,3323.1482
39298,5949.9043
39299,3964.2231
39300,6491.527
39301,1909.2389
39302,4912.0815
39303,4694.801
39304,9721.495
39305,5862.686
39306,5543.7
39307,2929.3643
39308,7341.0605
39309,5504.3037
39310,6509.7
39311,1643.0511
39312,8820.772
39313,4749.9946
39314,5757.015
39315,4008.409
39316,4134.5806
39317,0.0
39318,4347.318
39319,3508.2964
39320,5083.5864
39321,4582.5767
39322,4704.9595
39323,8040.183
39324,9214.676
39325,7207.6475
39326,3879.9045
39327,4156.076
39328,4395.324
39329,4392.1978
39330,6320.85
39331,2876.1426
39332,1211.0427
39333,6627.484
39334,5485.7646
39335,7575.0835
39336,5178.489
39337,4279.185
39338,4455.6855
39339,3199.5632
39340,2539.874
39341,8487.332
39342,6008.223
39343,4781.4795
39344,5187.15
39345,10482.82
39346,5799.177
39347,1770.4061
39348,7316.469
39349,1798.6766
39350,4013.7007
39351,5844.997
39352,6010.4756
39353,2407.3127
39354,4062.6365
39355,3945.4622
39356,3471.7642
39357,1548.0314
39358,7770.9604
39359,4464.7607
39360,8348.125
39361,9818.845
39362,5751.4937
39363,5422.173
39364,4138.12
39365,4673.6753
39366,4633.7812
39367,11304.979
39368,6299.4653
39369,6552.047
39370,2973.4294
39371,5495.7734
39372,5317.553
39373,8059.17
39374,8195.975
39375,6869.3706
39376,5274.881
39377,6212.306
39378,5194.869
39379,8217.163
39380,5943.2905
39381,6410.43
39382,5738.7144
39383,8716.15
39384,6624.1094
39385,4524.7417
39386,5445.336
39387,7788.19
39388,5576.869
39389,3271.6213
39390,5313.0005
39391,3044.0588
39392,4466.4136
39393,8184.202
39394,6557.0483
39395,7072.522
39396,5822.389
39397,7723.757
39398,4568.9585
39399,4031.3474
39400,3963.0737
39401,5880.4844
39402,5868.124
39403,6132.9014
39404,3034.1433
39405,12417.242
39406,4931.1465
39407,5319.0195
39408,15392.12
39409,5246.089
39410,7202.569
39411,5922.6973
39412,6823.268
39413,7998.711
39414,7166.2573
39415,8956.534
39416,2705.4453
39417,4290.0444
39418,5217.698
39419,8405.114
39420,2500.9644
39421,5061.32
39422,4338.238
39423,4739.264
39424,5025.667
39425,5473.4194
39426,3201.0227
39427,5344.1265
39428,4722.923
39429,2792.4106
39430,2950.7847
39431,7186.744
39432,4044.6675
39433,4861.0938
39434,5401.849
39435,5143.8506
39436,9012.637
39437,11026.5
39438,4653.834
39439,7282.3057
39440,5925.387
39441,9140.874
39442,4593.588
39443,2643.0947
39444,3638.3596
39445,4849.2427
39446,10786.859
39447,3749.1436
39448,8657.82
39449,6996.063
39450,1965.229
39451,3579.0642
39452,5776.2666
39453,5880.5015
39454,5022.375
39455,8407.6875
39456,8656.358
39457,7087.399
39458,3897.4763
39459,11134.356
39460,2039.686
39461,3563.9575
39462,7645.762
39463,3721.0244
39464,5149.737
39465,3780.7087
39466,6966.405
39467,4651.149
39468,3677.1284
39469,12676.187
39470,10478.182
39471,2304.4111
39472,4674.763
39473,5333.4224
39474,7233.7085
39475,9130.313
39476,4898.382
39477,2553.737
39478,9034.489
39479,1965.5563
39480,9176.174
39481,4360.1885
39482,5167.796
39483,9138.398
39484,5165.7456
39485,1482.021
39486,4477.7646
39487,2236.9316
39488,3727.3943
39489,10450.596
39490,7495.1504
39491,4045.8481
39492,12120.751
39493,6564.6016
39494,9603.543
39495,11921.672
39496,6779.654
39497,3991.1975
39498,1985.1097
39499,4720.8374
39500,6315.2393
39501,2592.26
39502,5510.9863
39503,4123.08
39504,6739.082
39505,2304.1418
39506,5330.1113
39507,8045.3535
39508,1691.7467
39509,8655.83
39510,5308.8364
39511,2580.3865
39512,6492.778
39513,2927.5037
39514,3011.1758
39515,9014.7
39516,6915.3296
39517,6516.0493
39518,7811.334
39519,5144.881
39520,4730.168
39521,6175.706
39522,6852.3564
39523,7532.539
39524,5402.612
39525,6566.23
39526,3447.1978
39527,8115.7036
39528,5728.378
39529,5194.666
39530,3818.4324
39531,4665.564
39532,7769.8784
39533,5630.9683
39534,3836.6006
39535,4921.748
39536,4903.9546
39537,4985.1797
39538,14362.916
39539,4646.9053
39540,9500.368
39541,4549.4233
39542,3553.4912
39543,5931.115
39544,4990.8794
39545,3128.9277
39546,4773.6865
39547,8457.554
39548,13179.102
39549,7087.588
39550,9044.671
39551,6656.6265
39552,10321.897
39553,8092.9165
39554,6478.5435
39555,7223.78
39556,3971.104
39557,9833.98
39558,7554.938
39559,6583.526
39560,5044.73
39561,4959.9175
39562,4840.637
39563,2262.1653
39564,11462.058
39565,5949.0137
39566,5407.5405
39567,4688.352
39568,1427.0658
39569,8067.7607
39570,7545.5254
39571,11114.314
39572,5650.968
39573,4189.2676
39574,3605.2131
39575,6996.817
39576,4456.931
39577,3943.1858
39578,9940.531
39579,4347.401
39580,4254.4717
39581,5038.223
39582,3276.5876
39583,2457.7065
39584,2286.1235
39585,12837.835
39586,4822.631
39587,12366.222
39588,4140.9355
39589,5598.6523
39590,4765.484
39591,3778.3977
39592,2892.8142
39593,5936.7524
39594,3044.541
39595,2609.3347
39596,9820.269
39597,5871.125
39598,2691.6794
39599,8200.118
39600,2386.0964
39601,5469.735
39602,3245.361
39603,9676.869
39604,7222.216
39605,7480.8447
39606,2231.3564
39607,4863.742
39608,2420.814
39609,4712.3794
39610,3395.8142
39611,14896.443
39612,10234.437
39613,4742.764
39614,2672.6174
39615,5535.056
39616,4002.5515
39617,2387.769
39618,7026.2227
39619,2322.639
39620,12724.712
39621,3969.0022
39622,4559.476
39623,5621.0083
39624,10679.007
39625,6546.181
39626,4837.66
39627,4748.015
39628,5792.366
39629,6463.5757
39630,6787.4507
39631,3592.9014
39632,1159.6993
39633,4420.0376
39634,2694.5122
39635,2815.3425
39636,5757.4326
39637,6467.43
39638,5589.496
39639,5061.88
39640,7704.3105
39641,5431.4336
39642,3095.1545
39643,7366.571
39644,2209.2576
39645,8966.902
39646,4888.845
39647,2739.4656
39648,4395.446
39649,4088.2087
39650,4503.2515
39651,6800.528
39652,6584.8633
39653,3301.5884
39654,5710.0977
39655,2362.5444
39656,4388.4077
39657,7543.007
39658,8456.198
39659,3366.9863
39660,2094.2007
39661,4722.6797
39662,7154.121
39663,6076.9883
39664,2472.7131
39665,10388.771
39666,3202.055
39667,3259.0398
39668,5460.4087
39669,9343.951
39670,8756.104
39671,3995.193
39672,4136.2373
39673,5536.7036
39674,1423.9539
39675,6586.8296
39676,6979.813
39677,4404.3267
39678,4375.0825
39679,2765.2007
39680,7920.629
39681,2899.3623
39682,4334.879
39683,3656.941
39684,3331.4548
39685,2605.785
39686,7299.6216
39687,5818.081
39688,5533.161
39689,3423.2656
39690,4736.042
39691,7227.4185
39692,6939.8633
39693,7058.72
39694,4739.3906
39695,5074.4443
39696,5307.9956
39697,7466.6235
39698,6648.263
39699,5000.3574
39700,1898.116
39701,6492.902
39702,6049.9155
39703,5837.281
39704,7407.733
39705,5140.157
39706,2708.0056
39707,7071.49
39708,5187.8228
39709,9016.1455
39710,2569.5024
39711,2450.0464
39712,8582.845
39713,1473.0559
39714,5024.191
39715,4360.6875
39716,7664.008
39717,3500.8376
39718,4331.2827
39719,8656.92
39720,2521.7458
39721,5813.6763
39722,9268.531
39723,13888.719
39724,6612.475
39725,2359.5305
39726,4977.0737
39727,3541.8188
39728,2171.4575
39729,7147.5737
39730,4691.264
39731,6079.516
39732,4697.0044
39733,5019.257
39734,5036.479
39735,4554.065
39736,5226.9634
39737,4451.03
39738,8540.936
39739,5190.451
39740,2233.708
39741,5824.9053
39742,3772.952
39743,5442.1787
39744,5392.1504
39745,5521.6094
39746,7346.2437
39747,7235.185
39748,7813.39
39749,5369.6953
39750,4772.3984
39751,5399.552
39752,2787.2898
39753,5639.9614
39754,8276.763
39755,6298.1978
39756,6684.7427
39757,6981.571
39758,13727.121
39759,2831.8215
39760,3216.8247
39761,4546.4214
39762,3925.5464
39763,8461.951
39764,8901.824
39765,7536.5635
39766,6623.5596
39767,7281.896
39768,1914.0125
39769,7655.248
39770,3049.343
39771,6106.2783
39772,5812.617
39773,5091.132
39774,1985.8542
39775,4960.6133
39776,3209.3823
39777,2877.4885
39778,6944.3857
39779,4378.8066
39780,8377.357
39781,16313.834
39782,5302.4443
39783,3118.1677
39784,4522.0146
39785,8152.9443
39786,6022.751
39787,3962.609
39788,5333.8037
39789,2064.2659
39790,6189.299
39791,6551.2593
39792,3171.5657
39793,9539.594
39794,11426.18
39795,2937.054
39796,5349.5635
39797,3418.4392
39798,3721.809
39799,3715.4062
39800,8290.32
39801,3725.546
39802,4488.811
39803,4427.0044
39804,2690.2712
39805,2553.5688
39806,2365.3962
39807,5041.103
39808,5391.071
39809,4235.0884
39810,7373.9873
39811,1070.9855
39812,7063.6973
39813,13936.899
39814,3029.4377
39815,7821.4653
39816,6517.6714
39817,4475.702
39818,3913.4922
39819,2320.714
39820,3894.793
39821,4428.031
39822,4703.483
39823,2872.6038
39824,8583.647
39825,4082.784
39826,3937.6565
39827,5662.7036
39828,4694.653
39829,5387.899
39830,4817.748
39831,5486.0576
39832,9682.731
39833,4451.0
39834,6700.561
39835,5595.5293
39836,3275.5906
39837,3038.9812
39838,4506.6333
39839,5330.427
39840,6445.064
39841,3479.579
39842,11999.528
39843,4952.7505
39844,4377.4243
39845,11233.59
39846,4385.608
39847,6224.073
39848,4158.5107
39849,5340.753
39850,4907.932
39851,6481.3247
39852,15917.477
39853,2785.1526
39854,5219.3013
39855,3183.6638
39856,8843.694
39857,6712.075
39858,4527.4097
39859,3333.2922
39860,3935.7
39861,2347.9294
39862,2039.9478
39863,6530.9766
39864,2054.7805
39865,3630.3994
39866,1225.9387
39867,19649.004
39868,7922.3516
39869,2019.9739
39870,5216.9766
39871,5854.2427
39872,6362.6357
39873,4985.1367
39874,7226.2607
39875,5341.7515
39876,5588.5737
39877,2624.5017
39878,7598.7104
39879,5692.88
39880,3963.3347
39881,5793.3164
39882,8885.919
39883,4197.844
39884,7826.1445
39885,6025.624
39886,2871.194
39887,5319.354
39888,6670.902
39889,2611.9202
39890,8454.327
39891,6841.3325
39892,4548.499
39893,9510.6045
39894,3388.847
39895,4747.938
39896,8083.8286
39897,6020.8384
39898,2165.099
39899,4351.106
39900,3477.6975
39901,0.0
39902,4939.5073
39903,5242.5576
39904,3270.9067
39905,5824.3887
39906,2192.4202
39907,5485.001
39908,2708.9993
39909,5223.33
39910,5416.275
39911,4601.2183
39912,5692.1035
39913,8080.7373
39914,2541.196
39915,5140.461
39916,6876.982
39917,2950.2075
39918,5170.2017
39919,5635.804
39920,8790.5205
39921,6126.207
39922,3641.2625
39923,1981.8206
39924,2056.4602
39925,5194.9834
39926,4509.1313
39927,4419.275
39928,10979.119
39929,5420.415
39930,5527.8438
39931,8135.8237
39932,6391.967
39933,2141.1438
39934,8275.618
39935,4179.975
39936,7356.867
39937,5692.7495
39938,6868.362
39939,5886.6016
39940,7949.882
39941,5134.894
39942,3880.0376
39943,2640.3337
39944,3175.1138
39945,5990.2207
39946,4042.6924
39947,7773.933
39948,4643.369
39949,2632.5867
39950,7209.3936
39951,6996.0493
39952,4536.237
39953,7142.6533
39954,4205.5396
39955,6715.9814
39956,3421.0522
39957,4892.8203
39958,3545.1384
39959,4503.9126
39960,3280.882
39961,6049.725
39962,7542.7983
39963,7077.8193
39964,5886.624
39965,5254.5176
39966,3903.8577
39967,5978.331
39968,6636.1436
39969,6538.25
39970,2709.1194
39971,2753.1064
39972,8584.171
39973,6170.56
39974,2660.56
39975,3848.095
39976,7360.4043
39977,6272.975
39978,2196.6296
39979,5950.682
39980,4619.9756
39981,1695.7073
39982,4610.308
39983,2644.588
39984,3892.4492
39985,5991.467
39986,5678.557
39987,5068.649
39988,4108.0366
39989,7972.0537
39990,6039.8604
39991,3511.6313
39992,5174.553
39993,4775.4946
39994,2798.6753
39995,1180.6882
39996,7704.296
39997,1619.2273
39998,5475.315
39999,8999.632
40000,5377.7837
40001,4172.601
40002,2937.0566
40003,5101.1216
40004,4748.024
40005,4786.6406
40006,5308.74
40007,5908.7544
40008,7268.143
40009,5956.0596
40010,7918.6875
40011,3602.8992
40012,3576.1938
40013,3940.8958
40014,3368.644
40015,5125.997
40016,6204.1465
40017,3136.6562
40018,4884.855
40019,2452.8506
40020,7704.0386
40021,4029.087
40022,4101.0864
40023,3886.7427
40024,5194.7705
40025,7285.5225
40026,3132.3174
40027,6026.1987
40028,4258.56
40029,4946.306
40030,5156.633
40031,5630.995
40032,7156.7627
40033,4250.253
40034,3432.3628
40035,9066.705
40036,6454.8394
40037,6440.375
40038,1856.1064
40039,4328.2676
40040,4860.44
40041,3832.171
40042,4612.4463
40043,9466.378
40044,7595.363
40045,9045.604
40046,9286.742
40047,5916.0576
40048,4775.039
40049,5638.7993
40050,5796.345
40051,7067.0063
40052,9805.079
40053,2967.0906
40054,1740.8984
40055,1382.7996
40056,3720.57
40057,4623.4893
40058,9250.392
40059,2269.061
40060,1802.0858
40061,5067.9526
40062,5285.3164
40063,5600.426
40064,8927.724
40065,6428.297
40066,6148.264
40067,2510.388
40068,7340.5776
40069,5999.9995
40070,7211.5054
40071,6728.497
40072,3323.0088
40073,5735.327
40074,3043.4316
40075,6424.276
40076,5359.2773
40077,4934.878
40078,5464.103
40079,3725.3574
40080,5848.5215
40081,4699.3525
40082,6303.3
40083,4571.352
40084,7652.9414
40085,5198.4336
40086,8309.969
40087,4867.6313
40088,3405.1438
40089,7839.5024
40090,2564.991
40091,10000.441
40092,5496.9634
40093,4639.3496
40094,3123.2227
40095,6319.982
40096,4228.4683
40097,4167.271
40098,6203.59
40099,4286.155
40100,11462.702
40101,2702.627
40102,2874.7942
40103,5530.396
40104,5978.907
40105,9915.212
40106,2577.2004
40107,4314.1333
40108,6090.3115
40109,5464.155
40110,4293.1313
40111,3466.9983
40112,5130.9624
40113,2946.9783
40114,10144.184
40115,2654.2092
40116,6451.7744
40117,12867.685
40118,6543.8467
40119,5758.8164
40120,3044.3608
40121,4707.8506
40122,7472.9434
40123,2527.1177
40124,7228.315
40125,2791.2505
40126,7762.2563
40127,6486.384
40128,5623.078
40129,5545.435
40130,4648.6743
40131,2875.916
40132,4945.202
40133,2115.8176
40134,3429.3386
40135,2909.709
40136,2626.3252
40137,7279.632
40138,5313.5073
40139,20597.525
40140,7184.832
40141,0.0
40142,0.0
40143,0.0
40144,0.0
40145,0.0
40146,0.0
40147,0.0
40148,0.0
40149,0.0
40150,0.0
40151,0.0
40152,0.0
40153,0.0
40154,0.0
40155,0.0
40156,0.0
40157,0.0
40158,0.0
40159,0.0
40160,0.0
40161,0.0
40162,0.0
40163,0.0
40164,0.0
40165,0.0
40166,0.0
40167,0.0
40168,0.0
40169,0.0
40170,0.0
40171,0.0
40172,0.0
40173,0.0
40174,0.0
40175,0.0
40176,0.0
40177,0.0
40178,0.0
40179,0.0
40180,0.0
40181,0.0
40182,0.0
40183,0.0
40184,0.0
40185,0.0
40186,0.0
40187,0.0
40188,0.0
40189,0.0
40190,0.0
40191,0.0
40192,0.0
40193,0.0
40194,0.0
40195,0.0
40196,0.0
40197,0.0
40198,0.0
40199,0.0
40200,0.0
40201,0.0
40202,0.0
40203,0.0
40204,0.0
40205,0.0
40206,0.0
40207,0.0
40208,0.0
40209,0.0
40210,0.0
40211,0.0
40212,0.0
40213,0.0
40214,0.0
40215,0.0
40216,0.0
40217,0.0
40218,0.0
40219,0.0
40220,0.0
40221,0.0
40222,0.0
40223,0.0
40224,0.0
40225,11918.773
40226,0.0
40227,0.0
40228,0.0
40229,0.0
40230,0.0
40231,0.0
40232,0.0
40233,0.0
40234,0.0
40235,0.0
40236,0.0
40237,0.0
40238,0.0
40239,0.0
40240,0.0
40241,0.0
40242,0.0
40243,0.0
40244,0.0
40245,0.0
40246,0.0
40247,0.0
40248,0.0
40249,0.0
40250,0.0
40251,0.0
40252,0.0
40253,0.0
40254,0.0
40255,0.0
40256,0.0
40257,0.0
40258,0.0
40259,0.0
40260,0.0
40261,0.0
40262,3832.734
40263,0.0
40264,0.0
40265,0.0
40266,0.0
40267,0.0
40268,0.0
40269,0.0
40270,0.0
40271,0.0
40272,0.0
40273,0.0
40274,0.0
40275,0.0
40276,0.0
40277,0.0
40278,0.0
40279,0.0
40280,0.0
40281,0.0
40282,0.0
40283,0.0
40284,0.0
40285,0.0
40286,0.0
40287,0.0
40288,0.0
40289,0.0
40290,0.0
40291,0.0
40292,0.0
40293,0.0
40294,0.0
40295,0.0
40296,0.0
40297,0.0
40298,0.0
40299,0.0
40300,0.0
40301,0.0
40302,0.0
40303,0.0
40304,0.0
40305,0.0
40306,0.0
40307,0.0
40308,0.0
40309,0.0
40310,0.0
40311,0.0
40312,0.0
40313,0.0
40314,0.0
40315,0.0
40316,0.0
40317,0.0
40318,0.0
40319,0.0
40320,0.0
40321,0.0
40322,0.0
40323,0.0
40324,0.0
40325,0.0
40326,0.0
40327,0.0
40328,0.0
40329,0.0
40330,0.0
40331,0.0
40332,0.0
40333,0.0
40334,0.0
40335,0.0
40336,0.0
40337,0.0
40338,0.0
40339,0.0
40340,0.0
40341,0.0
40342,0.0
40343,0.0
40344,0.0
40345,0.0
40346,0.0
40347,0.0
40348,0.0
40349,2623.3928
40350,0.0
40351,0.0
40352,0.0
40353,0.0
40354,0.0
40355,0.0
40356,0.0
40357,0.0
40358,0.0
40359,0.0
40360,0.0
40361,0.0
40362,0.0
40363,0.0
40364,0.0
40365,0.0
40366,0.0
40367,0.0
40368,0.0
40369,0.0
40370,0.0
40371,0.0
40372,0.0
40373,0.0
40374,0.0
40375,0.0
40376,0.0
40377,0.0
40378,0.0
40379,0.0
40380,0.0
40381,0.0
40382,0.0
40383,0.0
40384,0.0
40385,0.0
40386,0.0
40387,0.0
40388,0.0
40389,0.0
40390,0.0
40391,0.0
40392,0.0
40393,0.0
40394,0.0
40395,0.0
40396,0.0
40397,0.0
40398,0.0
40399,17400.07
40400,0.0
40401,0.0
40402,28086.238
40403,0.0
40404,0.0
40405,0.0
40406,0.0
40407,0.0
40408,0.0
40409,0.0
40410,0.0
40411,0.0
40412,0.0
40413,0.0
40414,7338.3726
40415,0.0
40416,0.0
40417,0.0
40418,0.0
40419,0.0
40420,0.0
40421,0.0
40422,0.0
40423,0.0
40424,0.0
40425,0.0
40426,0.0
40427,0.0
40428,0.0
40429,0.0
40430,0.0
40431,0.0
40432,0.0
40433,0.0
40434,0.0
40435,0.0
40436,0.0
40437,0.0
40438,0.0
40439,4866.2524
40440,0.0
40441,0.0
40442,0.0
40443,0.0
40444,0.0
40445,0.0
40446,0.0
40447,0.0
40448,0.0
40449,0.0
40450,2737.0464
40451,0.0
40452,0.0
40453,0.0
40454,0.0
40455,0.0
40456,0.0
40457,0.0
40458,0.0
40459,0.0
40460,0.0
40461,0.0
40462,0.0
40463,0.0
40464,0.0
40465,0.0
40466,0.0
40467,0.0
40468,0.0
40469,0.0
40470,0.0
40471,0.0
40472,0.0
40473,0.0
40474,0.0
40475,7675.669
40476,0.0
40477,0.0
40478,0.0
40479,0.0
40480,0.0
40481,0.0
40482,0.0
40483,0.0
40484,0.0
40485,0.0
40486,0.0
40487,0.0
40488,0.0
40489,0.0
40490,0.0
40491,0.0
40492,0.0
40493,8459.894
40494,0.0
40495,0.0
40496,0.0
40497,0.0
40498,0.0
40499,0.0
40500,0.0
40501,0.0
40502,0.0
40503,0.0
40504,0.0
40505,0.0
40506,0.0
40507,0.0
40508,0.0
40509,0.0
40510,0.0
40511,0.0
40512,0.0
40513,0.0
40514,0.0
40515,0.0
40516,0.0
40517,0.0
40518,0.0
40519,0.0
40520,0.0
40521,0.0
40522,0.0
40523,0.0
40524,0.0
40525,0.0
40526,0.0
40527,0.0
40528,0.0
40529,0.0
40530,0.0
40531,0.0
40532,0.0
40533,0.0
40534,0.0
40535,0.0
40536,0.0
40537,0.0
40538,0.0
40539,0.0
40540,0.0
40541,0.0
40542,0.0
40543,0.0
40544,0.0
40545,0.0
40546,0.0
40547,0.0
40548,0.0
40549,0.0
40550,0.0
40551,0.0
40552,0.0
40553,0.0
40554,0.0
40555,0.0
40556,0.0
40557,0.0
40558,0.0
40559,0.0
40560,0.0
40561,0.0
40562,0.0
40563,14555.328
40564,0.0
40565,0.0
40566,0.0
40567,0.0
40568,0.0
40569,0.0
40570,0.0
40571,0.0
40572,0.0
40573,1732.3708
40574,0.0
40575,0.0
40576,0.0
40577,0.0
40578,0.0
40579,0.0
40580,0.0
40581,0.0
40582,0.0
40583,0.0
40584,0.0
40585,0.0
40586,0.0
40587,0.0
40588,0.0
40589,0.0
40590,0.0
40591,0.0
40592,0.0
40593,5348.451
40594,0.0
40595,0.0
40596,0.0
40597,0.0
40598,0.0
40599,0.0
40600,0.0
40601,0.0
40602,0.0
40603,0.0
40604,0.0
40605,0.0
40606,0.0
40607,0.0
40608,0.0
40609,0.0
40610,0.0
40611,0.0
40612,0.0
40613,0.0
40614,0.0
40615,0.0
40616,0.0
40617,0.0
40618,0.0
40619,0.0
40620,0.0
40621,0.0
40622,0.0
40623,0.0
40624,0.0
40625,0.0
40626,0.0
40627,0.0
40628,0.0
40629,0.0
40630,0.0
40631,0.0
40632,0.0
40633,0.0
40634,7862.866
40635,0.0
40636,0.0
40637,0.0
40638,0.0
40639,0.0
40640,0.0
40641,0.0
40642,0.0
40643,0.0
40644,0.0
40645,0.0
40646,0.0
40647,0.0
40648,0.0
40649,0.0
40650,0.0
40651,0.0
40652,6823.789
40653,0.0
40654,0.0
40655,0.0
40656,0.0
40657,0.0
40658,0.0
40659,0.0
40660,0.0
40661,0.0
40662,0.0
40663,0.0
40664,2136.3992
40665,0.0
40666,0.0
40667,0.0
40668,0.0
40669,0.0
40670,5624.4194
40671,0.0
40672,0.0
40673,0.0
40674,0.0
40675,0.0
40676,0.0
40677,0.0
40678,0.0
40679,0.0
40680,0.0
40681,0.0
40682,0.0
40683,0.0
40684,0.0
40685,0.0
40686,0.0
40687,0.0
40688,0.0
40689,0.0
40690,0.0
40691,0.0
40692,0.0
40693,0.0
40694,0.0
40695,0.0
40696,0.0
40697,0.0
40698,0.0
40699,0.0
40700,0.0
40701,0.0
40702,17234.662
40703,0.0
40704,0.0
40705,0.0
40706,0.0
40707,0.0
40708,0.0
40709,0.0
40710,0.0
40711,0.0
40712,0.0
40713,0.0
40714,0.0
40715,0.0
40716,0.0
40717,0.0
40718,5914.585
40719,0.0
40720,0.0
40721,0.0
40722,0.0
40723,0.0
40724,0.0
40725,0.0
40726,0.0
40727,0.0
40728,0.0
40729,0.0
40730,0.0
40731,0.0
40732,0.0
40733,0.0
40734,0.0
40735,0.0
40736,0.0
40737,0.0
40738,0.0
40739,0.0
40740,0.0
40741,0.0
40742,0.0
40743,0.0
40744,0.0
40745,0.0
40746,0.0
40747,0.0
40748,0.0
40749,0.0
40750,0.0
40751,0.0
40752,0.0
40753,0.0
40754,0.0
40755,0.0
40756,0.0
40757,0.0
40758,0.0
40759,0.0
40760,0.0
40761,0.0
40762,0.0
40763,0.0
40764,0.0
40765,0.0
40766,0.0
40767,0.0
40768,0.0
40769,0.0
40770,0.0
40771,0.0
40772,0.0
40773,0.0
40774,0.0
40775,0.0
40776,0.0
40777,0.0
40778,0.0
40779,0.0
40780,0.0
40781,0.0
40782,0.0
40783,0.0
40784,0.0
40785,0.0
40786,0.0
40787,0.0
40788,0.0
40789,0.0
40790,0.0
40791,0.0
40792,0.0
40793,0.0
40794,0.0
40795,0.0
40796,0.0
40797,0.0
40798,0.0
40799,0.0
40800,0.0
40801,0.0
40802,0.0
40803,0.0
40804,0.0
40805,0.0
40806,0.0
40807,0.0
40808,0.0
40809,0.0
40810,0.0
40811,0.0
40812,0.0
40813,0.0
40814,0.0
40815,0.0
40816,13815.778
40817,0.0
40818,0.0
40819,0.0
40820,0.0
40821,0.0
40822,6977.144
40823,0.0
40824,0.0
40825,0.0
40826,0.0
40827,0.0
40828,0.0
40829,0.0
40830,0.0
40831,0.0
40832,0.0
40833,0.0
40834,0.0
40835,0.0
40836,0.0
40837,0.0
40838,0.0
40839,0.0
40840,0.0
40841,0.0
40842,0.0
40843,0.0
40844,0.0
40845,0.0
40846,0.0
40847,0.0
40848,0.0
40849,0.0
40850,0.0
40851,0.0
40852,0.0
40853,0.0
40854,0.0
40855,0.0
40856,0.0
40857,0.0
40858,0.0
40859,0.0
40860,0.0
40861,0.0
40862,0.0
40863,0.0
40864,0.0
40865,0.0
40866,0.0
40867,0.0
40868,0.0
40869,0.0
40870,0.0
40871,0.0
40872,4036.5347
40873,15259.2705
40874,0.0
40875,0.0
40876,0.0
40877,0.0
40878,0.0
40879,0.0
40880,0.0
40881,0.0
40882,0.0
40883,0.0
40884,0.0
40885,0.0
40886,0.0
40887,0.0
40888,0.0
40889,0.0
40890,0.0
40891,0.0
40892,0.0
40893,0.0
40894,0.0
40895,0.0
40896,0.0
40897,0.0
40898,0.0
40899,0.0
40900,0.0
40901,0.0
40902,0.0
40903,0.0
40904,0.0
40905,0.0
40906,0.0
40907,0.0
40908,0.0
40909,11545.784
40910,0.0
40911,0.0
40912,0.0
40913,0.0
40914,0.0
40915,0.0
40916,0.0
40917,0.0
40918,0.0
40919,0.0
40920,0.0
40921,0.0
40922,0.0
40923,0.0
40924,0.0
40925,0.0
40926,0.0
40927,0.0
40928,0.0
40929,0.0
40930,0.0
40931,0.0
40932,0.0
40933,0.0
40934,0.0
40935,0.0
40936,0.0
40937,0.0
40938,0.0
40939,0.0
40940,0.0
40941,0.0
40942,0.0
40943,0.0
40944,0.0
40945,0.0
40946,0.0
40947,0.0
40948,0.0
40949,0.0
40950,0.0
40951,0.0
40952,0.0
40953,0.0
40954,0.0
40955,0.0
40956,0.0
40957,0.0
40958,0.0
40959,0.0
40960,0.0
40961,0.0
40962,0.0
40963,0.0
40964,0.0
40965,0.0
40966,0.0
40967,0.0
40968,0.0
40969,0.0
40970,0.0
40971,0.0
40972,0.0
40973,0.0
40974,0.0
40975,0.0
40976,0.0
40977,0.0
40978,0.0
40979,0.0
40980,0.0
40981,0.0
40982,0.0
40983,0.0
40984,0.0
40985,0.0
40986,0.0
40987,0.0
40988,0.0
40989,0.0
40990,0.0
40991,0.0
40992,0.0
40993,0.0
40994,0.0
40995,0.0
40996,0.0
40997,0.0
40998,0.0
40999,0.0
41000,0.0
41001,0.0
41002,0.0
41003,2676.7983
41004,0.0
41005,0.0
41006,0.0
41007,2216.5596
41008,0.0
41009,0.0
41010,0.0
41011,0.0
41012,0.0
41013,0.0
41014,0.0
41015,0.0
41016,0.0
41017,0.0
41018,0.0
41019,0.0
41020,0.0
41021,0.0
41022,0.0
41023,0.0
41024,0.0
41025,0.0
41026,0.0
41027,0.0
41028,0.0
41029,0.0
41030,0.0
41031,0.0
41032,0.0
41033,0.0
41034,0.0
41035,0.0
41036,0.0
41037,0.0
41038,0.0
41039,0.0
41040,0.0
41041,0.0
41042,0.0
41043,0.0
41044,0.0
41045,0.0
41046,0.0
41047,0.0
41048,0.0
41049,0.0
41050,0.0
41051,0.0
41052,0.0
41053,0.0
41054,0.0
41055,0.0
41056,0.0
41057,0.0
41058,0.0
41059,0.0
41060,0.0
41061,0.0
41062,0.0
41063,0.0
41064,0.0
41065,0.0
41066,0.0
41067,0.0
41068,0.0
41069,0.0
41070,0.0
41071,2443.0264
41072,0.0
41073,0.0
41074,0.0
41075,0.0
41076,0.0
41077,0.0
41078,0.0
41079,0.0
41080,0.0
41081,0.0
41082,0.0
41083,0.0
41084,0.0
41085,0.0
41086,0.0
41087,0.0
41088,11096.383
41089,0.0
41090,0.0
41091,0.0
41092,0.0
41093,0.0
41094,0.0
41095,0.0
41096,0.0
41097,0.0
41098,0.0
41099,0.0
41100,0.0
41101,0.0
41102,0.0
41103,0.0
41104,0.0
41105,0.0
41106,0.0
41107,0.0
41108,0.0
41109,0.0
41110,0.0
41111,0.0
41112,0.0
41113,0.0
41114,0.0
41115,0.0
41116,0.0
41117,0.0
41118,0.0
41119,0.0
41120,0.0
41121,0.0
41122,0.0
41123,0.0
41124,0.0
41125,0.0
41126,0.0
41127,0.0
41128,0.0
41129,0.0
41130,0.0
41131,0.0
41132,0.0
41133,0.0
41134,0.0
41135,0.0
41136,0.0
41137,0.0
41138,0.0
41139,0.0
41140,0.0
41141,0.0
41142,0.0
41143,0.0
41144,0.0
41145,0.0
41146,0.0
41147,0.0
41148,0.0
41149,0.0
41150,0.0
41151,0.0
41152,0.0
41153,0.0
41154,0.0
41155,0.0
41156,0.0
41157,0.0
41158,0.0
41159,0.0
41160,0.0
41161,0.0
41162,0.0
41163,0.0
41164,0.0
41165,0.0
41166,0.0
41167,0.0
41168,0.0
41169,0.0
41170,0.0
41171,0.0
41172,0.0
41173,0.0
41174,0.0
41175,0.0
41176,0.0
41177,0.0
41178,0.0
41179,0.0
41180,0.0
41181,0.0
41182,0.0
41183,0.0
41184,0.0
41185,4563.362
41186,0.0
41187,0.0
41188,0.0
41189,0.0
41190,0.0
41191,0.0
41192,0.0
41193,0.0
41194,0.0
41195,0.0
41196,0.0
41197,0.0
41198,0.0
41199,0.0
41200,0.0
41201,0.0
41202,0.0
41203,0.0
41204,0.0
41205,0.0
41206,0.0
41207,0.0
41208,0.0
41209,0.0
41210,0.0
41211,0.0
41212,0.0
41213,0.0
41214,0.0
41215,0.0
41216,0.0
41217,0.0
41218,0.0
41219,0.0
41220,0.0
41221,4925.679
41222,0.0
41223,0.0
41224,0.0
41225,0.0
41226,0.0
41227,0.0
41228,0.0
41229,0.0
41230,0.0
41231,0.0
41232,0.0
41233,0.0
41234,0.0
41235,0.0
41236,0.0
41237,12948.358
41238,0.0
41239,4807.3047
41240,0.0
41241,0.0
41242,0.0
41243,0.0
41244,0.0
41245,0.0
41246,0.0
41247,0.0
41248,0.0
41249,0.0
41250,0.0
41251,0.0
41252,0.0
41253,0.0
41254,0.0
41255,0.0
41256,5389.379
41257,6694.5117
41258,9606.557
41259,12034.45
41260,7019.055
41261,6408.0767
41262,13397.988
41263,8979.877
41264,9868.651
41265,7089.9883
41266,9599.633
41267,11095.271
41268,7709.0444
41269,7404.4624
41270,9011.236
41271,11566.857
41272,9638.063
41273,9646.496
41274,9336.53
41275,10244.476
41276,9205.68
41277,6273.657
41278,8225.993
41279,13619.158
41280,13743.3125
41281,10374.959
41282,13729.74
41283,7503.784
41284,12885.873
41285,5945.321
41286,7470.2495
41287,6017.853
41288,10225.392
41289,10251.298
41290,16700.842
41291,11497.346
41292,9133.371
41293,9451.727
41294,7866.8193
41295,5344.789
41296,8011.1636
41297,13715.866
41298,9061.596
41299,7701.6807
41300,7272.6226
41301,8381.562
41302,9483.231
41303,4415.057
41304,10826.346
41305,6434.548
41306,8942.561
41307,9989.402
41308,7445.8076
41309,10950.11
41310,7061.6426
41311,10181.569
41312,13130.911
41313,10273.359
41314,8066.699
41315,13513.19
41316,6761.92
41317,8592.748
41318,10172.445
41319,15155.351
41320,7271.1245
41321,8255.034
41322,12416.449
41323,8729.545
41324,11842.176
41325,9328.8125
41326,12989.795
41327,7511.1523
41328,6080.345
41329,8452.183
41330,7772.858
41331,13009.174
41332,10999.316
41333,5275.696
41334,8770.547
41335,10391.834
41336,8487.493
41337,13084.768
41338,5019.4966
41339,16946.28
41340,8259.106
41341,6381.629
41342,8054.344
41343,9439.528
41344,7916.377
41345,11056.545
41346,6905.4624
41347,9629.1875
41348,8047.1646
41349,10837.399
41350,10052.761
41351,8575.383
41352,10016.2295
41353,7242.158
41354,7992.229
41355,11393.283
41356,9935.242
41357,10190.021
41358,5860.0806
41359,11410.52
41360,8054.0444
41361,10521.474
41362,8917.18
41363,16250.679
41364,8202.191
41365,6007.6616
41366,9337.118
41367,6938.361
41368,8272.879
41369,7387.137
41370,9219.959
41371,8961.7295
41372,4899.8022
41373,13230.965
41374,7752.697
41375,9930.657
41376,5876.8677
41377,12151.088
41378,12281.406
41379,5256.092
41380,15039.799
41381,7908.6562
41382,8118.7466
41383,11699.846
41384,11864.764
41385,6445.4326
41386,6494.32
41387,9429.099
41388,8559.995
41389,5654.3
41390,7969.6816
41391,8272.232
41392,10831.747
41393,11694.278
41394,9260.737
41395,9810.532
41396,8319.692
41397,5649.152
41398,9548.005
41399,10125.808
41400,10520.22
41401,11706.956
41402,11304.494
41403,10895.979
41404,8362.661
41405,12331.995
41406,10219.58
41407,7883.953
41408,10298.022
41409,13017.315
41410,9964.442
41411,11045.594
41412,13281.904
41413,9096.813
41414,12107.152
41415,7859.4844
41416,8898.013
41417,11272.087
41418,8173.133
41419,10127.024
41420,5249.548
41421,6987.08
41422,13218.34
41423,11825.155
41424,8646.21
41425,5559.952
41426,12610.937
41427,8522.903
41428,10730.127
41429,7596.855
41430,7086.9663
41431,7663.7153
41432,5925.6924
41433,15071.087
41434,10547.004
41435,9309.17
41436,10146.003
41437,7873.628
41438,8099.6577
41439,9138.094
41440,10210.812
41441,5296.5957
41442,8608.892
41443,8206.237
41444,11059.393
41445,9808.025
41446,8003.9614
41447,13803.253
41448,8217.163
41449,6547.83
41450,13908.576
41451,7377.6035
41452,8999.409
41453,5227.6865
41454,12145.248
41455,9420.937
41456,6920.925
41457,8260.271
41458,9433.471
41459,7486.184
41460,8540.325
41461,10828.906
41462,16342.737
41463,3966.3489
41464,9210.326
41465,4474.315
41466,18307.656
41467,6012.7754
41468,12134.77
41469,12566.105
41470,9710.811
41471,9872.502
41472,5940.746
41473,6891.914
41474,3959.5405
41475,6438.9253
41476,8310.238
41477,6988.1597
41478,10473.296
41479,10754.47
41480,7578.155
41481,8661.281
41482,8529.002
41483,10369.695
41484,12129.135
41485,10079.047
41486,7275.6196
41487,5500.0264
41488,11754.191
41489,17127.645
41490,8446.349
41491,9806.865
41492,5531.91
41493,10181.773
41494,7466.46
41495,6076.4087
41496,8762.653
41497,6674.587
41498,10363.536
41499,8750.093
41500,11016.1455
41501,8944.062
41502,12577.341
41503,10181.326
41504,6886.5913
41505,14600.334
41506,23371.975
41507,15533.918
41508,8784.318
41509,4312.8086
41510,8490.061
41511,12072.283
41512,6436.5186
41513,7841.6562
41514,12998.768
41515,7217.7603
41516,19950.852
41517,20373.395
41518,4833.126
41519,9320.941
41520,7497.0737
41521,5591.8955
41522,11090.796
41523,6558.656
41524,13116.366
41525,11850.412
41526,12685.233
41527,9607.464
41528,11089.611
41529,4269.958
41530,9501.302
41531,5082.689
41532,9294.62
41533,9499.453
41534,15361.909
41535,8489.938
41536,7310.1353
41537,5771.976
41538,9462.523
41539,7824.45
41540,6561.334
41541,6570.509
41542,10365.256
41543,8830.857
41544,8394.05
41545,10319.742
41546,11893.961
41547,0.0
41548,8738.066
41549,7919.813
41550,7814.926
41551,9415.008
41552,10656.582
41553,11800.809
41554,12412.542
41555,8929.248
41556,6597.7515
41557,5225.2637
41558,8440.51
41559,8617.806
41560,9177.679
41561,5907.43
41562,4035.0293
41563,11612.033
41564,10416.622
41565,13744.545
41566,8477.753
41567,8202.888
41568,10684.906
41569,7346.7554
41570,5725.1553
41571,14579.03
41572,7245.1084
41573,10673.651
41574,9612.285
41575,18403.941
41576,8026.4604
41577,7952.5737
41578,9851.996
41579,8353.206
41580,8209.791
41581,7250.9985
41582,11206.066
41583,5755.3076
41584,9926.538
41585,5149.565
41586,7377.6807
41587,5177.57
41588,12507.277
41589,6929.9546
41590,20343.34
41591,17396.354
41592,6306.054
41593,9434.244
41594,6785.218
41595,9276.712
41596,7036.0273
41597,15669.428
41598,10946.226
41599,13503.837
41600,5940.4624
41601,9461.422
41602,6423.596
41603,12155.573
41604,10404.459
41605,9676.251
41606,8621.834
41607,8159.8604
41608,6874.1357
41609,11435.251
41610,12420.002
41611,8091.203
41612,10335.424
41613,14449.944
41614,7967.1504
41615,9160.556
41616,9145.4
41617,12780.551
41618,9125.273
41619,6630.038
41620,7840.8784
41621,9376.608
41622,7922.964
41623,18176.65
41624,8160.958
41625,10363.121
41626,9766.29
41627,12633.123
41628,5888.9546
41629,9219.607
41630,13731.232
41631,11607.051
41632,10850.018
41633,8747.447
41634,5756.9053
41635,18229.67
41636,12493.21
41637,11909.818
41638,19786.035
41639,13364.69
41640,11407.57
41641,10027.356
41642,13157.688
41643,14491.417
41644,14143.056
41645,15639.313
41646,8446.791
41647,11136.258
41648,8101.535
41649,11718.652
41650,4979.139
41651,14829.451
41652,8559.685
41653,7653.569
41654,7781.366
41655,13205.437
41656,10998.236
41657,8232.916
41658,9871.052
41659,7482.793
41660,7287.357
41661,9483.467
41662,5548.514
41663,7204.9395
41664,7619.6196
41665,10009.765
41666,13750.747
41667,11383.432
41668,9386.63
41669,8253.239
41670,8188.5747
41671,14515.583
41672,10160.674
41673,7818.4595
41674,7059.602
41675,6244.368
41676,11920.319
41677,5178.405
41678,12056.772
41679,9386.065
41680,4424.788
41681,6853.99
41682,11798.715
41683,8530.987
41684,7788.42
41685,11848.581
41686,12658.415
41687,14671.313
41688,7894.8794
41689,12502.34
41690,4110.6353
41691,7861.584
41692,10398.4375
41693,8467.264
41694,10080.287
41695,7698.1772
41696,8344.551
41697,6929.102
41698,7875.9263
41699,14690.412
41700,10105.354
41701,7215.95
41702,6486.65
41703,11619.688
41704,14488.667
41705,11585.141
41706,6838.2144
41707,6892.9985
41708,15527.993
41709,8569.487
41710,9428.56
41711,8061.184
41712,7492.649
41713,9825.908
41714,12996.041
41715,5776.79
41716,6121.248
41717,6682.397
41718,8342.855
41719,12306.545
41720,11414.972
41721,11340.227
41722,17057.287
41723,7698.581
41724,15506.4
41725,15857.896
41726,9665.025
41727,6332.3457
41728,4659.36
41729,11602.988
41730,8506.466
41731,9112.105
41732,8696.852
41733,9618.943
41734,14792.724
41735,6752.169
41736,8719.626
41737,10821.019
41738,6918.78
41739,9144.677
41740,6766.3267
41741,6298.9604
41742,9443.499
41743,4808.1665
41744,11903.539
41745,9960.851
41746,10785.214
41747,10492.013
41748,12417.858
41749,9234.437
41750,8508.056
41751,10972.001
41752,11541.094
41753,8179.9023
41754,7898.5474
41755,7284.6885
41756,7058.289
41757,12937.409
41758,10404.488
41759,8498.008
41760,7346.8677
41761,10757.999
41762,11644.64
41763,10640.068
41764,8662.074
41765,11374.782
41766,6426.476
41767,6254.0605
41768,21357.354
41769,9132.648
41770,11012.291
41771,8881.81
41772,9057.681
41773,9378.897
41774,7236.7446
41775,5489.9683
41776,6906.18
41777,11465.764
41778,17088.566
41779,11685.693
41780,11818.289
41781,15673.853
41782,14038.086
41783,15457.069
41784,10815.262
41785,9687.628
41786,5769.67
41787,13281.119
41788,16701.605
41789,11555.435
41790,11451.119
41791,11352.098
41792,8359.231
41793,5297.389
41794,13283.272
41795,9807.276
41796,9661.008
41797,8493.583
41798,4771.06
41799,19040.26
41800,16414.75
41801,17368.934
41802,7869.8364
41803,7851.722
41804,5575.7524
41805,8628.695
41806,8188.637
41807,13262.006
41808,8375.217
41809,6540.0713
41810,7366.6973
41811,10042.861
41812,5573.3647
41813,3941.6365
41814,9581.073
41815,18064.422
41816,9543.68
41817,20006.166
41818,6093.5947
41819,7386.313
41820,9352.778
41821,7169.0806
41822,7548.6353
41823,6498.639
41824,5521.5674
41825,5508.1064
41826,10791.645
41827,9584.931
41828,5324.695
41829,13608.329
41830,10013.47
41831,9413.813
41832,6082.8105
41833,14312.525
41834,11217.872
41835,12221.626
41836,7906.4087
41837,9683.249
41838,5908.4277
41839,6569.8506
41840,6616.115
41841,18998.594
41842,13997.457
41843,8124.7812
41844,8390.6
41845,7257.0454
41846,7871.503
41847,5498.6206
41848,12629.546
41849,5614.5244
41850,19854.143
41851,5676.835
41852,6419.878
41853,7539.698
41854,12145.41
41855,9904.03
41856,6382.828
41857,8609.984
41858,10174.968
41859,10757.476
41860,10908.706
41861,7368.0674
41862,6393.0522
41863,14178.549
41864,5897.8643
41865,6190.8574
41866,7492.4346
41867,9726.16
41868,8538.94
41869,8110.9062
41870,12626.643
41871,11065.237
41872,9285.928
41873,9608.875
41874,6615.4336
41875,10524.013
41876,7320.155
41877,5742.936
41878,9197.702
41879,9663.671
41880,8889.496
41881,13716.939
41882,8929.077
41883,8564.013
41884,8949.472
41885,8945.052
41886,7210.04
41887,8653.197
41888,8094.8
41889,11276.173
41890,9489.899
41891,10992.646
41892,12146.337
41893,7718.0127
41894,6130.7837
41895,16343.158
41896,8212.994
41897,4323.312
41898,9864.474
41899,10653.239
41900,14885.877
41901,6560.326
41902,7969.8184
41903,8482.241
41904,5683.6997
41905,8015.7114
41906,9613.367
41907,10872.735
41908,8200.26
41909,10405.173
41910,14511.693
41911,3940.253
41912,8769.644
41913,8115.789
41914,7718.587
41915,7541.8994
41916,9032.757
41917,12996.536
41918,7481.751
41919,7847.2524
41920,11262.673
41921,11347.595
41922,12492.626
41923,11995.592
41924,6145.1216
41925,9296.207
41926,8617.633
41927,10875.629
41928,11863.847
41929,11752.499
41930,5516.95
41931,8982.789
41932,10406.026
41933,10518.976
41934,12991.294
41935,5921.771
41936,5153.2305
41937,13981.767
41938,12061.453
41939,12569.198
41940,9316.8
41941,9875.242
41942,11688.948
41943,5185.6016
41944,9483.873
41945,7098.101
41946,11355.736
41947,9763.868
41948,12294.8955
41949,10087.702
41950,9352.172
41951,10942.9375
41952,14844.195
41953,18976.21
41954,9605.824
41955,6476.5415
41956,9294.983
41957,6180.279
41958,4400.7275
41959,14859.961
41960,12004.026
41961,7644.9453
41962,12014.977
41963,7093.2417
41964,13497.812
41965,7060.289
41966,9487.537
41967,8756.162
41968,12452.561
41969,7140.555
41970,9432.813
41971,7500.4565
41972,8137.632
41973,9923.642
41974,6783.587
41975,9443.589
41976,9084.995
41977,11849.429
41978,11079.854
41979,8909.375
41980,7207.324
41981,16344.499
41982,6000.234
41983,6792.794
41984,15919.223
41985,9336.859
41986,13300.171
41987,12117.121
41988,15809.286
41989,7985.4014
41990,9008.778
41991,7040.33
41992,8878.219
41993,11269.518
41994,15119.677
41995,10414.327
41996,11117.368
41997,11445.616
41998,5779.044
41999,9536.637
42000,11976.158
42001,10310.809
42002,11503.433
42003,8241.33
42004,6904.81
42005,7343.876
42006,5216.459
42007,8210.739
42008,12193.846
42009,10291.905
42010,14740.418
42011,19992.758
42012,10200.728
42013,6702.536
42014,10767.864
42015,8742.151
42016,12021.189
42017,6354.957
42018,8155.9155
42019,5153.3237
42020,12459.605
42021,9392.648
42022,8626.58
42023,18156.033
42024,12287.78
42025,7798.6265
42026,9229.787
42027,4718.5327
42028,6261.8857
42029,6898.5566
42030,11583.97
42031,6860.6553
42032,6417.79
42033,7664.8413
42034,11315.842
42035,9662.712
42036,7256.07
42037,7323.4507
42038,9413.841
42039,10067.364
42040,11081.714
42041,5475.2627
42042,14306.452
42043,22892.287
42044,3944.8713
42045,9723.73
42046,12150.265
42047,11098.616
42048,8292.883
42049,3640.321
42050,6892.7817
42051,10915.023
42052,5860.008
42053,11503.992
42054,12286.409
42055,6686.4897
42056,8948.892
42057,9292.759
42058,8514.924
42059,6107.95
42060,8982.112
42061,10868.08
42062,11869.97
42063,10228.698
42064,13467.31
42065,7632.6177
42066,4829.67
42067,9147.7295
42068,7717.836
42069,13172.756
42070,8335.124
42071,6076.8955
42072,24494.111
42073,10242.189
42074,7357.5405
42075,15026.264
42076,9295.612
42077,10921.375
42078,8105.8174
42079,10045.984
42080,6077.8867
42081,12263.135
42082,16809.809
42083,7903.981
42084,7741.8857
42085,9103.028
42086,16185.143
42087,8801.872
42088,7365.6787
42089,8133.4883
42090,7631.919
42091,8942.868
42092,5755.9556
42093,12374.929
42094,6221.6694
42095,9312.997
42096,4045.6553
42097,24051.875
42098,11414.21
42099,6091.328
42100,5925.5566
42101,13384.909
42102,8889.768
42103,9416.311
42104,10778.879
42105,9077.599
42106,6739.693
42107,6399.55
42108,13014.832
42109,8547.211
42110,9208.569
42111,8938.766
42112,10072.301
42113,6580.437
42114,10057.786
42115,7768.6333
42116,4817.339
42117,10933.715
42118,11608.258
42119,5946.733
42120,9929.104
42121,10478.951
42122,6943.9487
42123,12408.104
42124,9089.078
42125,8561.089
42126,8603.622
42127,9889.192
42128,4627.531
42129,6302.6865
42130,7202.706
42131,0.0
42132,8509.168
42133,12091.089
42134,5981.343
42135,11101.496
42136,6175.9536
42137,7722.512
42138,6122.807
42139,9067.63
42140,7151.433
42141,9110.367
42142,10690.951
42143,10834.733
42144,5838.2773
42145,8955.577
42146,9724.917
42147,11390.958
42148,7952.809
42149,12051.036
42150,13524.808
42151,8099.99
42152,4279.536
42153,10625.151
42154,8312.141
42155,7983.216
42156,10173.619
42157,5434.859
42158,14948.79
42159,8098.3984
42160,9424.945
42161,13398.384
42162,7136.109
42163,6374.0674
42164,15519.82
42165,8457.739
42166,13344.961
42167,6559.7695
42168,12025.397
42169,13076.521
42170,7696.606
42171,6688.4546
42172,8673.069
42173,7448.0234
42174,8006.672
42175,7358.9795
42176,11861.867
42177,9515.984
42178,6207.982
42179,6514.421
42180,7793.7407
42181,10938.388
42182,9457.597
42183,13096.429
42184,7451.9814
42185,8910.081
42186,5857.158
42187,10163.756
42188,10502.054
42189,9086.572
42190,7919.7075
42191,8363.53
42192,11141.846
42193,12182.512
42194,8114.7056
42195,10943.47
42196,7460.8286
42197,8898.106
42198,8988.095
42199,9434.299
42200,5422.07
42201,5327.5957
42202,9227.63
42203,8221.475
42204,8240.088
42205,8559.652
42206,10871.854
42207,7868.898
42208,7971.7495
42209,9253.948
42210,7253.468
42211,4622.303
42212,12789.501
42213,4825.852
42214,9609.508
42215,9862.065
42216,8213.691
42217,10278.485
42218,17803.707
42219,13034.41
42220,11603.586
42221,6036.013
42222,10662.357
42223,9667.718
42224,4868.416
42225,4322.7676
42226,11682.64
42227,5945.0425
42228,10460.797
42229,14900.053
42230,10191.178
42231,10131.536
42232,8121.9453
42233,10206.693
42234,9485.411
42235,9585.497
42236,10761.272
42237,13061.451
42238,12017.039
42239,9257.506
42240,11211.294
42241,6944.6973
42242,9236.444
42243,5818.2363
42244,7263.666
42245,8952.537
42246,6892.2295
42247,7229.563
42248,11176.873
42249,7864.1113
42250,12725.307
42251,11107.724
42252,7705.2734
42253,5843.7036
42254,13732.333
42255,9328.821
42256,8807.801
42257,8205.932
42258,10713.52
42259,8532.899
42260,7933.4824
42261,9447.887
42262,9841.074
42263,7234.8604
42264,5977.1226
42265,12562.295
42266,9780.29
42267,7941.833
42268,5552.2363
42269,16190.253
42270,8255.058
42271,9026.573
42272,8693.733
42273,14687.933
42274,13102.038
42275,10575.54
42276,10698.785
42277,10969.009
42278,8379.995
42279,7760.5312
42280,8920.735
42281,13837.484
42282,19478.207
42283,7927.6655
42284,7422.465
42285,5126.3003
42286,7417.299
42287,13035.181
42288,19178.734
42289,10048.648
42290,7364.5195
42291,6411.0356
42292,8457.618
42293,8262.392
42294,11514.86
42295,12393.556
42296,7449.5513
42297,5396.9
42298,10920.792
42299,8762.253
42300,12584.0
42301,13767.426
42302,6931.5283
42303,10538.839
42304,5049.4863
42305,9989.869
42306,10972.493
42307,10346.736
42308,12678.786
42309,9104.582
42310,10131.392
42311,6054.0894
42312,7889.4746
42313,10005.498
42314,10856.829
42315,10166.81
42316,11587.263
42317,9111.905
42318,6290.489
42319,12343.35
42320,5689.0586
42321,13601.518
42322,8317.804
42323,6742.374
42324,9450.067
42325,9911.533
42326,7898.66
42327,9969.785
42328,11778.791
42329,7589.6777
42330,13441.928
42331,5255.58
42332,6463.995
42333,12034.267
42334,12135.846
42335,13472.77
42336,7569.356
42337,9228.669
42338,7555.176
42339,7396.5635
42340,10067.777
42341,9989.469
42342,8197.46
42343,7216.3975
42344,13677.409
42345,9492.471
42346,12225.741
42347,14519.086
42348,11025.091
42349,5854.661
42350,6482.246
42351,8160.5063
42352,10192.16
42353,7514.069
42354,11685.281
42355,7682.429
42356,15019.243
42357,8889.818
42358,8339.466
42359,7496.866
42360,8689.132
42361,6695.68
42362,9848.474
42363,9783.994
42364,7310.665
42365,7539.4756
42366,7326.7695
42367,14269.904
42368,7965.5776
42369,25067.057
42370,9788.493
42371,4680.068
42372,5788.489
42373,8397.525
42374,10152.652
42375,5595.796
42376,5470.481
42377,12060.027
42378,7597.71
42379,7828.1973
42380,5850.893
42381,8475.149
42382,8895.6875
42383,6487.0146
42384,6338.2856
42385,7613.4517
42386,10160.489
42387,8129.1294
42388,7866.0317
42389,8009.399
42390,9687.434
42391,8021.2407
42392,5161.254
42393,6160.774
42394,11107.521
42395,12151.424
42396,7667.1885
42397,11737.231
42398,6169.7773
42399,9192.011
42400,5565.4814
42401,6225.6943
42402,4991.303
42403,8782.099
42404,8599.094
42405,13184.42
42406,10405.6
42407,7422.734
42408,7144.0156
42409,6453.479
42410,5010.6226
42411,6110.823
42412,11801.326
42413,7419.9873
42414,6371.411
42415,5588.3125
42416,6594.222
42417,8389.271
42418,3634.6375
42419,8866.024
42420,4765.443
42421,7073.844
42422,7923.629
42423,6241.117
42424,8727.722
42425,5772.455
42426,8547.455
42427,10533.925
42428,8137.5156
42429,6714.8027
42430,10684.8545
42431,5807.308
42432,7611.4624
42433,8091.118
42434,12502.161
42435,6313.8604
42436,6846.6333
42437,10468.133
42438,7895.813
42439,10371.614
42440,7477.963
42441,10886.629
42442,5823.3774
42443,5396.0557
42444,7085.391
42445,6506.1187
42446,10251.846
42447,8532.11
42448,4438.014
42449,7228.9214
42450,8224.055
42451,7358.916
42452,10726.423
42453,4150.763
42454,14179.672
42455,7228.246
42456,5593.1333
42457,6823.5283
42458,7708.1035
42459,7063.421
42460,9528.69
42461,5829.324
42462,7728.3037
42463,6948.56
42464,8410.711
42465,8612.325
42466,7116.717
42467,7902.5938
42468,5927.2466
42469,6469.034
42470,8910.718
42471,8422.713
42472,8425.862
42473,5084.2603
42474,9805.817
42475,6500.9946
42476,9227.472
42477,7388.9624
42478,12978.601
42479,7003.547
42480,5137.78
42481,7522.5376
42482,6000.795
42483,6818.7466
42484,6087.135
42485,8461.12
42486,7462.4087
42487,4145.7217
42488,9054.692
42489,6516.683
42490,7997.8794
42491,5085.429
42492,9803.835
42493,10151.636
42494,5067.8223
42495,12660.601
42496,6904.3228
42497,6308.196
42498,8885.198
42499,10471.059
42500,5621.2656
42501,5155.4478
42502,7945.3105
42503,7300.673
42504,4900.8403
42505,6649.481
42506,6906.595
42507,9707.051
42508,9397.881
42509,8128.331
42510,8398.406
42511,7226.1436
42512,4786.869
42513,7590.402
42514,8559.464
42515,9841.009
42516,9181.522
42517,8769.928
42518,9429.944
42519,7126.9673
42520,9660.206
42521,8135.7925
42522,6840.719
42523,8555.808
42524,10086.49
42525,7733.539
42526,8806.978
42527,11192.362
42528,8470.817
42529,9316.231
42530,6487.442
42531,7917.4414
42532,8874.451
42533,6934.517
42534,8123.719
42535,4470.7144
42536,6170.642
42537,12035.001
42538,9752.904
42539,7364.091
42540,4794.2397
42541,9953.434
42542,7689.672
42543,9039.497
42544,6476.165
42545,6497.139
42546,6090.172
42547,4835.344
42548,11882.226
42549,8818.712
42550,7543.7915
42551,8337.765
42552,6404.227
42553,6981.724
42554,7562.111
42555,7822.6143
42556,4647.841
42557,7709.6475
42558,6209.694
42559,9460.005
42560,8857.142
42561,7367.407
42562,12208.042
42563,6927.8135
42564,5516.4243
42565,12301.394
42566,5968.9355
42567,7491.1265
42568,4563.784
42569,9292.439
42570,8492.668
42571,5706.0576
42572,6904.705
42573,7844.005
42574,6241.5757
42575,7170.3525
42576,9045.922
42577,12823.236
42578,3319.7927
42579,7634.4814
42580,3763.3508
42581,15259.735
42582,5049.024
42583,9665.376
42584,10100.411
42585,7923.3267
42586,8160.4517
42587,5064.391
42588,6491.5454
42589,3392.2236
42590,5633.767
42591,6910.9575
42592,5830.742
42593,8003.6714
42594,8587.635
42595,5913.733
42596,7464.224
42597,7205.743
42598,8889.344
42599,10147.638
42600,8222.047
42601,5677.176
42602,4097.5596
42603,10454.743
42604,13142.964
42605,6727.1562
42606,8434.779
42607,4593.5396
42608,8726.54
42609,5874.9956
42610,5073.476
42611,7246.4976
42612,4792.841
42613,9474.787
42614,6609.7886
42615,9686.621
42616,7534.4434
42617,10088.261
42618,8822.085
42619,5772.8296
42620,10901.664
42621,20852.424
42622,12478.776
42623,6991.427
42624,3721.9653
42625,7178.4756
42626,10676.41
42627,5606.0054
42628,6467.751
42629,12442.232
42630,6226.4844
42631,15068.845
42632,19462.795
42633,4328.235
42634,7744.2344
42635,6188.213
42636,4903.777
42637,9148.009
42638,5452.155
42639,11017.092
42640,9921.616
42641,11099.262
42642,7918.446
42643,8590.248
42644,4216.566
42645,8326.138
42646,4454.198
42647,7708.302
42648,7904.3125
42649,11421.768
42650,7032.5986
42651,6145.573
42652,4833.6426
42653,8147.402
42654,6927.404
42655,5500.1943
42656,5313.173
42657,8961.37
42658,6952.611
42659,6644.422
42660,8525.074
42661,9373.094
42662,0.0
42663,7411.2666
42664,7144.0703
42665,7147.424
42666,8297.938
42667,8680.567
42668,9069.637
42669,9346.385
42670,8250.028
42671,5846.893
42672,4261.5103
42673,7233.0664
42674,7485.6196
42675,7239.7754
42676,5275.9224
42677,3423.3179
42678,9951.697
42679,8346.477
42680,11022.862
42681,7462.0244
42682,6433.4985
42683,8094.414
42684,6012.3394
42685,4874.885
42686,11568.821
42687,5849.9277
42688,8265.315
42689,8293.792
42690,15611.387
42691,6906.2134
42692,6666.411
42693,8133.8916
42694,7690.567
42695,7243.257
42696,5607.0054
42697,9011.004
42698,4965.551
42699,8118.328
42700,4523.684
42701,6490.14
42702,4208.8306
42703,11001.384
42704,5857.03
42705,18152.482
42706,15531.073
42707,5248.632
42708,7749.961
42709,6362.363
42710,7567.602
42711,6332.4907
42712,13443.248
42713,8688.759
42714,10988.181
42715,5267.585
42716,8048.0166
42717,5543.489
42718,10740.018
42719,8906.954
42720,7739.59
42721,7288.2397
42722,6876.9624
42723,6770.4907
42724,9066.351
42725,10176.783
42726,7176.9556
42727,8313.3545
42728,11306.812
42729,6706.207
42730,7553.72
42731,7466.645
42732,10704.082
42733,7681.418
42734,6230.0664
42735,6415.281
42736,7670.282
42737,6146.1416
42738,13995.228
42739,6824.694
42740,8132.0767
42741,8086.0186
42742,9979.299
42743,4886.8965
42744,7996.201
42745,12133.81
42746,9707.134
42747,9989.945
42748,7655.2407
42749,4504.428
42750,15840.316
42751,10908.986
42752,9032.697
42753,17032.902
42754,11446.872
42755,8731.668
42756,8005.2974
42757,11432.884
42758,11597.069
42759,12090.674
42760,13197.542
42761,7152.2725
42762,8694.695
42763,6579.6963
42764,9499.607
42765,4315.265
42766,12560.726
42767,7232.142
42768,6413.7637
42769,6769.6836
42770,11101.866
42771,8851.23
42772,6531.101
42773,8449.821
42774,6602.2275
42775,5598.989
42776,7981.7007
42777,4527.306
42778,5850.6196
42779,6841.3325
42780,8124.223
42781,10406.305
42782,9635.526
42783,8422.978
42784,6863.365
42785,6736.7686
42786,12200.186
42787,8599.159
42788,6600.9307
42789,5950.773
42790,5080.44
42791,10070.62
42792,4400.795
42793,10687.943
42794,7630.2666
42795,3623.3796
42796,6035.2876
42797,9876.203
42798,7022.477
42799,5990.8496
42800,9679.676
42801,10631.832
42802,12600.813
42803,6678.854
42804,10643.692
42805,3442.9878
42806,6311.446
42807,8599.241
42808,6597.9844
42809,8031.208
42810,6837.3403
42811,7341.712
42812,5533.3774
42813,6144.6763
42814,12790.014
42815,9077.148
42816,6103.5938
42817,5305.364
42818,9589.475
42819,12320.474
42820,10006.872
42821,6170.295
42822,5748.466
42823,13246.976
42824,7162.581
42825,8383.457
42826,7065.8
42827,5594.174
42828,7977.165
42829,11650.55
42830,4533.2437
42831,5111.896
42832,5839.358
42833,6943.1606
42834,10666.944
42835,8950.062
42836,9319.555
42837,15234.172
42838,6218.3354
42839,12855.16
42840,14375.414
42841,7933.641
42842,5289.472
42843,3936.6238
42844,9092.19
42845,7431.851
42846,7230.3833
42847,6980.5654
42848,7766.2847
42849,13729.465
42850,5736.06
42851,6744.149
42852,8726.174
42853,6823.958
42854,7567.9053
42855,5527.1846
42856,4901.831
42857,7777.389
42858,3956.471
42859,10113.231
42860,9192.238
42861,8688.097
42862,9525.52
42863,9691.407
42864,8529.124
42865,6838.0186
42866,8479.232
42867,10317.626
42868,7336.4336
42869,6771.9116
42870,6087.663
42871,5865.4434
42872,11569.241
42873,8197.866
42874,7044.199
42875,6408.431
42876,8552.422
42877,9179.736
42878,8478.173
42879,7392.713
42880,9472.546
42881,5474.9336
42882,6107.898
42883,17870.818
42884,7729.387
42885,9472.546
42886,7540.957
42887,7440.788
42888,7410.3545
42889,5833.8687
42890,4694.6304
42891,5813.615
42892,9440.257
42893,14531.512
42894,9683.8125
42895,9748.636
42896,13508.552
42897,11939.64
42898,12677.336
42899,8584.933
42900,7832.1333
42901,5058.921
42902,11801.81
42903,13274.142
42904,8961.328
42905,9488.741
42906,10101.162
42907,7483.8994
42908,4347.737
42909,12205.423
42910,7900.0996
42911,7881.6753
42912,7538.627
42913,3819.6892
42914,16116.12
42915,13651.956
42916,15033.904
42917,6516.366
42918,6482.728
42919,4770.2407
42920,6932.5596
42921,7391.9087
42922,10402.146
42923,7655.19
42924,5491.157
42925,5877.277
42926,8433.146
42927,4612.5474
42928,3538.8267
42929,7989.4165
42930,15252.068
42931,7748.7344
42932,17583.744
42933,5220.058
42934,6180.562
42935,7745.623
42936,6317.4263
42937,6301.5864
42938,5257.1694
42939,4802.4463
42940,4773.318
42941,8652.875
42942,7477.8984
42943,4794.9487
42944,10755.558
42945,7768.626
42946,7670.692
42947,5077.9644
42948,11227.581
42949,9038.988
42950,10859.708
42951,6675.402
42952,8286.881
42953,4514.6445
42954,5598.6577
42955,5478.3555
42956,15824.069
42957,11373.784
42958,6775.394
42959,6805.2256
42960,5581.3555
42961,6734.6353
42962,4855.7876
42963,11052.254
42964,4682.0503
42965,16017.529
42966,4934.7227
42967,5791.8027
42968,6643.6675
42969,9749.956
42970,7949.404
42971,5205.0024
42972,7380.5522
42973,9326.802
42974,8773.868
42975,9089.953
42976,6298.3057
42977,5119.0786
42978,12562.547
42979,5094.484
42980,4800.0464
42981,6483.8105
42982,7361.7104
42983,7166.353
42984,7039.793
42985,10703.296
42986,9688.09
42987,7614.1196
42988,7654.2188
42989,5543.51
42990,9012.981
42991,6786.376
42992,4694.1064
42993,8043.2666
42994,7681.198
42995,7494.078
42996,10779.26
42997,7220.969
42998,7259.254
42999,7644.034
43000,7925.284
43001,6280.788
43002,7470.399
43003,7238.167
43004,8289.759
43005,8228.881
43006,8367.097
43007,10184.93
43008,6617.409
43009,5288.8667
43010,12966.129
43011,6979.7134
43012,4064.249
43013,9116.234
43014,9722.663
43015,13312.951
43016,5782.137
43017,6529.712
43018,6935.2383
43019,4338.9414
43020,6993.314
43021,8284.637
43022,8134.706
43023,6982.4565
43024,8395.3955
43025,10238.83
43026,3657.0037
43027,7505.6094
43028,6798.4136
43029,6693.1514
43030,6114.9395
43031,7513.3594
43032,10359.554
43033,6708.158
43034,5991.964
43035,9658.695
43036,9101.214
43037,9524.757
43038,10021.132
43039,4853.153
43040,8163.527
43041,7783.92
43042,9507.258
43043,9713.08
43044,9567.239
43045,4356.6504
43046,8641.065
43047,8456.876
43048,8450.756
43049,10527.617
43050,5056.697
43051,4674.0317
43052,13363.276
43053,10097.232
43054,9690.2705
43055,7308.8525
43056,7977.2637
43057,9624.101
43058,4358.155
43059,7702.7896
43060,6523.2314
43061,8819.199
43062,8106.5054
43063,9134.164
43064,9593.391
43065,7281.882
43066,9479.931
43067,12416.946
43068,16463.164
43069,8861.02
43070,5455.276
43071,7585.5166
43072,4916.3804
43073,3867.78
43074,12049.381
43075,9568.535
43076,6356.958
43077,9975.749
43078,5422.8193
43079,12009.741
43080,5233.8984
43081,7539.447
43082,7364.6953
43083,10984.472
43084,5930.9453
43085,7645.813
43086,6403.7324
43087,6862.4614
43088,8558.599
43089,5538.5894
43090,7866.212
43091,7820.1523
43092,10338.352
43093,8742.118
43094,7565.7617
43095,6022.447
43096,13473.862
43097,5247.4453
43098,5807.369
43099,12633.678
43100,7924.8457
43101,10808.518
43102,9510.658
43103,14907.742
43104,6863.4697
43105,6688.3716
43106,6164.0244
43107,7284.9316
43108,9302.061
43109,12274.076
43110,8081.092
43111,8821.715
43112,8736.95
43113,4427.1396
43114,8652.693
43115,9204.846
43116,7897.2593
43117,9434.397
43118,6668.1475
43119,5676.0986
43120,5648.1655
43121,4289.5615
43122,6437.943
43123,9896.184
43124,8636.048
43125,12018.793
43126,18583.088
43127,8382.841
43128,5809.519
43129,8908.279
43130,7609.321
43131,9877.701
43132,4733.5576
43133,6678.44
43134,4723.1304
43135,11126.703
43136,7274.1973
43137,7071.1797
43138,14885.21
43139,11771.525
43140,6266.0684
43141,7706.4565
43142,4065.0747
43143,5527.2637
43144,5759.1846
43145,9326.126
43146,5660.7217
43147,5241.6274
43148,7200.721
43149,9390.266
43150,8828.313
43151,6174.7227
43152,6197.126
43153,7490.384
43154,8309.137
43155,8426.136
43156,4630.6177
43157,11892.407
43158,18773.39
43159,3911.033
43160,7750.4565
43161,9716.813
43162,8851.154
43163,6196.1567
43164,3262.4429
43165,5615.365
43166,8981.358
43167,5205.0723
43168,9364.963
43169,10516.428
43170,5089.4033
43171,6230.6787
43172,7645.0547
43173,7076.3345
43174,5184.835
43175,7020.649
43176,9057.327
43177,10248.736
43178,8762.019
43179,11916.5
43180,6099.945
43181,4057.7756
43182,7569.8037
43183,6805.0635
43184,9891.607
43185,8076.9077
43186,5308.826
43187,22145.19
43188,8017.707
43189,6352.2544
43190,13376.423
43191,7776.7734
43192,8540.284
43193,6811.3623
43194,8312.339
43195,5641.053
43196,10074.405
43197,14124.076
43198,6339.1504
43199,6765.0103
43200,7633.433
43201,15636.883
43202,7236.662
43203,6105.3696
43204,6664.9043
43205,6276.955
43206,7299.691
43207,4901.415
43208,9655.25
43209,4779.715
43210,7988.2583
43211,3114.814
43212,20270.383
43213,9707.069
43214,4845.0303
43215,4996.667
43216,11562.016
43217,7814.21
43218,8412.773
43219,8602.063
43220,7238.6846
43221,5544.2607
43222,5429.5894
43223,11702.803
43224,6954.494
43225,8132.736
43226,7547.9946
43227,8683.291
43228,5812.556
43229,8247.755
43230,7069.15
43231,4473.7134
43232,9604.01
43233,10352.679
43234,5354.03
43235,8096.5063
43236,8155.55
43237,5420.5547
43238,10060.089
43239,7520.8877
43240,7595.609
43241,7033.0347
43242,8455.0205
43243,3975.0266
43244,4962.904
43245,5784.3496
43246,0.0
43247,7478.098
43248,9824.456
43249,4538.3794
43250,9551.447
43251,5053.0083
43252,6815.8467
43253,5245.1235
43254,7135.6533
43255,6678.669
43256,7898.51
43257,8323.177
43258,8897.079
43259,4563.166
43260,7153.1797
43261,8307.94
43262,9142.522
43263,7355.464
43264,10194.425
43265,11096.171
43266,7005.3574
43267,3873.2185
43268,8810.607
43269,6819.306
43270,7120.9263
43271,8054.1597
43272,4780.2026
43273,12151.5625
43274,6480.954
43275,7968.648
43276,11603.885
43277,7529.551
43278,5031.524
43279,13712.623
43280,6790.3516
43281,10810.477
43282,5826.378
43283,10955.855
43284,11476.683
43285,6646.6846
43286,6043.3003
43287,7497.3384
43288,6183.522
43289,7130.727
43290,6900.36
43291,10437.6455
43292,7591.8135
43293,5594.7715
43294,5319.3794
43295,7845.292
43296,8471.755
43297,7826.7266
43298,9641.493
43299,6359.687
43300,7543.0576
43301,5164.78
43302,8939.567
43303,8645.047
43304,7672.3237
43305,6519.531
43306,7203.902
43307,8700.311
43308,10248.414
43309,6397.804
43310,8736.066
43311,6567.232
43312,7193.1016
43313,7408.397
43314,7971.856
43315,4606.339
43316,4669.531
43317,8736.392
43318,7905.9565
43319,6622.6055
43320,7250.1064
43321,8923.773
43322,6782.351
43323,6794.1094
43324,7610.344
43325,5658.363
43326,3754.0823
43327,9933.025
43328,4087.152
43329,8145.3193
43330,7903.438
43331,7049.6772
43332,8520.489
43333,15194.08
43334,11474.297
43335,9818.686
43336,5358.4443
43337,8951.444
43338,8337.907
43339,4699.227
43340,3672.2278
43341,9604.294
43342,4434.3413
43343,8499.248
43344,13974.754
43345,8568.923
43346,8192.105
43347,6206.816
43348,8404.272
43349,7458.545
43350,7776.8623
43351,8176.704
43352,9748.227
43353,10097.2705
43354,7862.049
43355,9351.0205
43356,6059.751
43357,7735.767
43358,4996.4004
43359,6517.6094
43360,7068.442
43361,5768.685
43362,6280.255
43363,8960.012
43364,5822.0894
43365,10350.467
43366,8658.63
43367,5796.235
43368,5306.963
43369,11227.3125
43370,8532.948
43371,7178.2905
43372,6849.0566
43373,8840.405
43374,6830.9067
43375,6924.253
43376,7798.8496
43377,7801.1333
43378,6219.7354
43379,5536.096
43380,9825.59
43381,8387.584
43382,6244.368
43383,4259.82
43384,14256.735
43385,6820.4443
43386,7203.496
43387,7787.321
43388,12212.223
43389,10113.588
43390,9163.09
43391,9103.4795
43392,8300.693
43393,6580.7256
43394,6419.8843
43395,7755.7437
43396,12014.301
43397,16861.27
43398,6254.0127
43399,6589.4126
43400,4297.487
43401,5935.003
43402,11309.552
43403,15609.556
43404,8711.587
43405,6159.276
43406,5263.8735
43407,7232.8525
43408,6425.1953
43409,9883.242
43410,9921.72
43411,6961.469
43412,4580.326
43413,9366.642
43414,7573.6167
43415,10354.091
43416,10375.3545
43417,5831.059
43418,8406.18
43419,4493.065
43420,7647.5054
43421,10284.173
43422,8362.246
43423,10602.951
43424,7536.0386
43425,8479.822
43426,4744.081
43427,6526.1504
43428,8801.1
43429,9145.392
43430,8337.907
43431,9083.428
43432,7619.9683
43433,4784.2397
43434,11087.412
43435,5064.5166
43436,12030.617
43437,6881.0825
43438,5394.4653
43439,7746.968
43440,7882.765
43441,7084.2495
43442,8500.285
43443,9811.87
43444,6027.9985
43445,11723.09
43446,4207.9995
43447,5240.093
43448,10067.364
43449,10306.984
43450,11646.694
43451,7042.963
43452,8061.6763
43453,6368.5493
43454,6826.471
43455,8321.191
43456,7933.5503
43457,6857.777
43458,6375.32
43459,11436.374
43460,7980.163
43461,9439.6
43462,13229.69
43463,9160.896
43464,5073.476
43465,5552.925
43466,6816.9775
43467,9889.409
43468,6185.5747
43469,9390.723
43470,6552.5156
43471,11648.383
43472,7940.9087
43473,6652.2974
43474,6238.415
43475,6321.5674
43476,5770.831
43477,7871.5557
43478,7923.236
43479,6333.2275
43480,5853.606
43481,5713.034
43482,10946.027
43483,6925.3296
43484,22142.316
43485,7702.2974
43486,4707.5137
43487,6235.6606
43488,8018.9385
43489,9969.681
43490,5661.2236
43491,5335.1626
43492,10502.345
43493,6778.5225
43494,7276.515
43495,5656.6035
43496,8917.895
43497,8683.407
43498,6743.1133
43499,5785.293
43500,7448.1304
43501,9747.612
43502,7342.125
43503,7883.487
43504,7862.859
43505,9664.694
43506,6828.496
43507,5048.6626
43508,5988.313
43509,10987.5205
43510,11676.023
43511,7460.772
43512,10982.816
43513,5740.5376
43514,8659.431
43515,4981.201
43516,6170.642
43517,5238.069
43518,8523.139
43519,8359.352
43520,12563.577
43521,10612.896
43522,7249.076
43523,6673.174
43524,6189.2573
43525,4717.6865
43526,6195.093
43527,11687.867
43528,7152.1562
43529,5984.139
43530,5664.5996
43531,6363.267
43532,8608.588
43533,3425.1047
43534,8726.54
43535,4833.6055
43536,7326.029
43537,7762.7446
43538,6190.208
43539,9101.726
43540,5413.6304
43541,8414.844
43542,10035.556
43543,7819.9736
43544,6183.923
43545,10278.23
43546,5923.4316
43547,6997.2974
43548,8445.494
43549,12266.13
43550,5823.022
43551,6635.549
43552,10034.397
43553,8308.63
43554,10018.36
43555,7109.4775
43556,9991.27
43557,5213.788
43558,4760.2817
43559,6711.825
43560,6503.631
43561,10156.304
43562,8427.823
43563,4494.128
43564,6724.7373
43565,7889.4673
43566,7416.018
43567,10084.364
43568,3902.0295
43569,13939.252
43570,7130.0605
43571,5531.504
43572,6399.0186
43573,7069.231
43574,6829.1606
43575,9119.87
43576,5767.7603
43577,7434.276
43578,6592.436
43579,7957.46
43580,7639.056
43581,6541.032
43582,7543.928
43583,5806.943
43584,6311.482
43585,8875.882
43586,8243.642
43587,8215.109
43588,4716.656
43589,9701.59
43590,6030.753
43591,9087.855
43592,7135.7554
43593,12773.934
43594,6759.6245
43595,5149.5107
43596,7403.622
43597,5811.3423
43598,6720.0503
43599,5984.013
43600,8347.87
43601,7253.6895
43602,3978.5774
43603,9024.404
43604,6246.7153
43605,7757.719
43606,4798.9844
43607,10690.543
43608,9925.27
43609,4885.5728
43610,11981.265
43611,6885.0874
43612,6358.128
43613,8880.09
43614,10096.23
43615,5565.216
43616,5038.4106
43617,7879.781
43618,6848.645
43619,4772.0796
43620,6526.698
43621,6656.163
43622,9662.556
43623,8640.893
43624,7656.0513
43625,8274.095
43626,6725.052
43627,4661.916
43628,7197.1436
43629,8383.568
43630,10026.792
43631,9129.844
43632,8720.017
43633,8677.943
43634,6869.141
43635,9556.277
43636,7690.171
43637,6733.942
43638,8366.913
43639,9948.773
43640,7718.381
43641,8125.866
43642,10385.819
43643,8853.07
43644,8737.142
43645,6148.1763
43646,7375.2817
43647,8676.263
43648,6613.339
43649,7777.842
43650,4336.2847
43651,6076.3506
43652,11202.882
43653,9427.427
43654,7292.8364
43655,4924.918
43656,8923.544
43657,7502.417
43658,8533.469
43659,6457.1733
43660,6282.1724
43661,5734.966
43662,4823.749
43663,11196.804
43664,8092.461
43665,7542.604
43666,7896.8447
43667,6313.3423
43668,6605.144
43669,7162.8267
43670,7630.3687
43671,4461.6826
43672,6527.115
43673,6219.3555
43674,9350.985
43675,8506.871
43676,7195.208
43677,11769.089
43678,7156.073
43679,5917.542
43680,11783.398
43681,5912.2495
43682,7583.368
43683,3461.737
43684,9377.673
43685,8136.631
43686,5821.3784
43687,6717.378
43688,8241.134
43689,6229.389
43690,6811.6675
43691,8521.343
43692,12203.665
43693,3279.0547
43694,7240.452
43695,3904.5542
43696,13790.384
43697,5536.693
43698,9474.841
43699,9985.211
43700,8254.9795
43701,8144.333
43702,5142.8496
43703,6237.136
43704,3278.7764
43705,5115.9443
43706,6684.526
43707,5481.6484
43708,7914.7686
43709,8469.1045
43710,5839.33
43711,6942.962
43712,6969.422
43713,8840.582
43714,10154.454
43715,8288.296
43716,6023.199
43717,4030.663
43718,10010.414
43719,12530.919
43720,6298.7563
43721,7988.6313
43722,4539.704
43723,8668.141
43724,5709.041
43725,5047.9404
43726,7170.1475
43727,4583.9365
43728,8864.68
43729,6453.1157
43730,9247.119
43731,7485.8555
43732,10035.44
43733,8680.525
43734,5791.852
43735,10826.604
43736,19200.568
43737,12214.052
43738,6396.846
43739,3566.6443
43740,7262.26
43741,10163.378
43742,5407.721
43743,6362.047
43744,12323.776
43745,6158.4062
43746,14646.567
43747,18246.664
43748,4461.372
43749,7131.8633
43750,5792.355
43751,4599.336
43752,9375.312
43753,5831.0703
43754,10058.448
43755,9555.584
43756,9581.055
43757,7444.004
43758,8013.1733
43759,4321.5884
43760,8156.25
43761,4117.766
43762,7546.49
43763,7686.702
43764,11024.575
43765,7051.6543
43766,6127.861
43767,4531.5747
43768,8042.63
43769,6449.4116
43770,5428.2275
43771,4883.6113
43772,8825.216
43773,6712.3374
43774,6547.742
43775,7798.091
43776,8903.514
43777,0.0
43778,6866.8027
43779,6350.1763
43780,7012.417
43781,7755.781
43782,8145.2886
43783,9036.592
43784,9417.038
43785,7930.441
43786,5771.3047
43787,4318.1353
43788,7356.993
43789,7142.4146
43790,7058.5923
43791,5058.824
43792,3131.2717
43793,9472.411
43794,8068.592
43795,10916.137
43796,7389.301
43797,6142.186
43798,7557.4385
43799,5960.2876
43800,4858.9614
43801,10492.703
43802,5856.912
43803,8136.5996
43804,8269.519
43805,14659.117
43806,6857.1616
43807,5727.1924
43808,8115.1465
43809,6624.956
43810,6828.236
43811,5688.543
43812,8462.597
43813,4942.67
43814,8040.651
43815,4492.0107
43816,6303.432
43817,3939.396
43818,10575.197
43819,5942.7466
43820,18036.996
43821,14564.924
43822,5322.3384
43823,7486.6265
43824,5831.9155
43825,7097.438
43826,6229.7812
43827,12713.758
43828,8492.538
43829,10046.99
43830,4905.0024
43831,7798.3286
43832,5483.787
43833,10613.686
43834,8524.903
43835,7555.853
43836,6887.6753
43837,6895.9907
43838,6792.3984
43839,8793.8
43840,9730.075
43841,7037.987
43842,7851.078
43843,10858.89
43844,6767.734
43845,7206.802
43846,7470.7837
43847,10046.54
43848,7437.4106
43849,5726.8486
43850,6880.19
43851,7000.001
43852,6035.8174
43853,14305.634
43854,6776.557
43855,8041.05
43856,7970.282
43857,9763.449
43858,4923.1753
43859,7586.117
43860,10760.359
43861,8896.969
43862,9514.079
43863,7053.5312
43864,4528.6406
43865,16067.622
43866,10392.3
43867,8775.818
43868,16913.873
43869,9644.15
43870,8755.577
43871,7956.8076
43872,10818.273
43873,10855.348
43874,11377.581
43875,12473.422
43876,6571.292
43877,8033.4526
43878,6294.534
43879,9140.116
43880,4069.3464
43881,11427.455
43882,6908.8223
43883,6293.0273
43884,6731.3086
43885,10045.046
43886,8606.108
43887,6550.597
43888,8063.7603
43889,6399.678
43890,5203.3247
43891,7761.116
43892,4439.149
43893,5894.3384
43894,6413.611
43895,8152.392
43896,10336.35
43897,9800.535
43898,8114.6357
43899,6873.952
43900,6604.3125
43901,11327.666
43902,8233.882
43903,6464.174
43904,5929.6216
43905,5208.012
43906,10456.059
43907,4252.9175
43908,10705.358
43909,7754.331
43910,3602.6345
43911,5800.643
43912,8982.155
43913,6950.0117
43914,6132.9185
43915,9620.054
43916,10010.204
43917,11957.577
43918,6269.6733
43919,10823.63
43920,3275.4
43921,5985.8003
43922,8549.339
43923,6253.7085
43924,7494.3643
43925,6763.423
43926,7180.03
43927,5464.739
43928,5783.0474
43929,12826.196
43930,8985.849
43931,5942.327
43932,5131.4717
43933,9322.613
43934,11897.943
43935,10219.386
43936,5956.974
43937,5631.994
43938,14421.803
43939,7164.535
43940,8870.397
43941,6513.47
43942,5707.451
43943,7860.017
43944,10733.341
43945,4013.4517
43946,5389.8677
43947,5086.8213
43948,6542.5547
43949,10830.611
43950,8800.906
43951,8857.184
43952,14111.985
43953,6457.9062
43954,12455.328
43955,13748.491
43956,7992.488
43957,5280.4487
43958,3603.0952
43959,8860.42
43960,6921.869
43961,6885.9478
43962,6773.701
43963,7656.3438
43964,12344.409
43965,5567.2705
43966,6619.5806
43967,8813.002
43968,5936.9507
43969,7821.3535
43970,5390.7056
43971,4817.5503
43972,7691.315
43973,3734.6443
43974,8921.434
43975,8876.5
43976,8361.257
43977,8983.724
43978,9491.031
43979,8283.389
43980,6665.337
43981,8257.176
43982,9486.009
43983,7282.5767
43984,6769.367
43985,6189.8066
43986,6579.64
43987,11259.924
43988,8262.479
43989,6895.34
43990,6082.9326
43991,8756.472
43992,9021.384
43993,8099.936
43994,6979.074
43995,9345.716
43996,5363.7266
43997,6154.46
43998,17041.516
43999,7229.7974
44000,9620.09
44001,7010.765
44002,6825.351
44003,7015.7285
44004,5984.6357
44005,4659.075
44006,5986.1084
44007,9495.531
44008,14577.028
44009,9191.687
44010,9708.782
44011,11845.101
44012,11421.538
44013,12014.427
44014,8290.114
44015,7384.953
44016,4780.522
44017,11478.927
44018,12272.964
44019,8857.15
44020,8989.826
44021,9341.866
44022,7367.625
44023,3895.6365
44024,11863.779
44025,7665.5723
44026,7360.9873
44027,7153.7324
44028,3644.2578
44029,14820.261
44030,13140.433
44031,14217.548
44032,6628.4893
44033,5885.5347
44034,4615.0073
44035,6729.8066
44036,6943.399
44037,9834.844
44038,7764.359
44039,5340.6357
44040,5857.9233
44041,7728.5396
44042,4938.4614
44043,3430.693
44044,7735.7153
44045,14701.863
44046,7494.228
44047,17401.598
44048,5040.617
44049,6031.2534
44050,7495.6797
44051,5776.228
44052,6307.895
44053,5282.7305
44054,4466.805
44055,4516.936
44056,8448.999
44057,7373.931
44058,4582.1484
44059,10243.059
44060,6936.8657
44061,7483.3784
44062,4903.959
44063,11116.944
44064,8913.982
44065,10425.866
44066,6036.704
44067,7454.555
44068,4327.4956
44069,5487.5806
44070,5453.528
44071,16036.973
44072,11261.256
44073,6706.9683
44074,6534.6216
44075,5597.3706
44076,6508.6323
44077,4533.369
44078,10043.178
44079,4337.265
44080,15903.38
44081,4778.4155
44082,5707.1084
44083,6301.106
44084,9775.087
44085,8235.516
44086,5224.6606
44087,7138.982
44088,8671.15
44089,8586.3
44090,8831.085
44091,6052.1206
44092,4526.028
44093,10967.23
44094,4744.0493
44095,4338.2334
44096,6439.1035
44097,7490.305
44098,7011.2466
44099,6871.284
44100,10203.744
44101,9193.843
44102,7202.7197
44103,7375.528
44104,5575.7734
44105,9061.068
44106,6567.075
44107,4805.4385
44108,7925.866
44109,7430.604
44110,7037.8794
44111,10270.989
44112,7010.5244
44113,7181.7764
44114,7613.2485
44115,7085.783
44116,6083.9946
44117,7388.497
44118,7534.788
44119,7865.5366
44120,6805.0566
44121,7745.3203
44122,10078.297
44123,6764.1777
44124,5038.858
44125,12654.19
44126,6495.751
44127,4009.5676
44128,8658.25
44129,10289.942
44130,12969.406
44131,5593.4854
44132,6272.556
44133,6795.3926
44134,4172.386
44135,6799.4253
44136,8054.79
44137,7519.3022
44138,6491.552
44139,7696.6943
44140,10490.831
44141,3598.0322
44142,7427.4717
44143,6570.4775
44144,6153.2803
44145,5877.6753
44146,7215.7505
44147,9826.64
44148,6392.9243
44149,5732.7017
44150,9142.941
44151,9148.891
44152,9167.767
44153,9590.033
44154,5215.5835
44155,8082.171
44156,7530.9155
44157,9301.848
44158,9699.804
44159,9718.547
44160,4142.611
44161,8760.59
44162,8686.878
44163,8360.491
44164,10291.758
44165,5206.13
44166,4427.1523
44167,12424.362
44168,9670.438
44169,9375.785
44170,6911.2607
44171,6986.214
44172,9462.596
44173,4106.003
44174,7368.384
44175,6127.5566
44176,8559.016
44177,7332.2646
44178,8136.452
44179,9273.351
44180,6653.916
44181,8937.939
44182,11997.273
44183,16174.572
44184,8298.191
44185,5129.02
44186,7079.872
44187,5068.731
44188,3493.6582
44189,11463.194
44190,9067.181
44191,6141.155
44192,9116.356
44193,5362.99
44194,11124.178
44195,5314.6426
44196,7472.7866
44197,7052.347
44198,11482.847
44199,5898.568
44200,7711.111
44201,6281.705
44202,6424.4907
44203,7805.1377
44204,5458.071
44205,8184.507
44206,7932.317
44207,10209.779
44208,8825.316
44209,7352.265
44210,5899.558
44211,12274.755
44212,4938.8286
44213,5776.4707
44214,11459.882
44215,8011.179
44216,10517.642
44217,9803.816
44218,14439.075
44219,6490.7715
44220,6255.355
44221,5883.548
44222,6904.8696
44223,8958.602
44224,12073.48
44225,7957.6577
44226,8388.352
44227,8608.834
44228,4348.716
44229,8485.268
44230,9259.651
44231,7564.441
44232,8820.94
44233,6327.244
44234,5362.6113
44235,5891.4717
44236,4024.0247
44237,6216.728
44238,9610.104
44239,8127.029
44240,11213.348
44241,18150.51
44242,7840.2876
44243,5849.163
44244,8821.277
44245,7393.961
44246,9478.022
44247,4603.26
44248,6728.1826
44249,4579.0986
44250,10211.493
44251,7294.0327
44252,6543.497
44253,14128.227
44254,12357.721
44255,6097.7515
44256,7427.947
44257,4199.5425
44258,5501.1963
44259,5623.845
44260,9498.91
44261,5589.0693
44262,5208.882
44263,6800.664
44264,8003.6865
44265,7078.9404
44266,5516.2925
44267,6146.8804
44268,7194.1514
44269,7794.819
44270,8204.898
44271,4504.6216
44272,11400.207
44273,18237.043
44274,3809.1807
44275,7598.203
44276,8809.649
44277,8755.144
44278,5690.0786
44279,3299.6047
44280,5551.156
44281,8252.9795
44282,5061.9814
44283,8380.5625
44284,10151.878
44285,5198.706
44286,6238.6772
44287,7578.1475
44288,6756.511
44289,5148.828
44290,7158.9404
44291,8967.929
44292,9937.318
44293,8368.294
44294,11035.653
44295,6049.6616
44296,3996.7104
44297,7102.334
44298,6449.781
44299,9138.974
44300,7669.6167
44301,4973.1587
44302,21548.88
44303,7474.9463
44304,6133.7554
44305,13089.761
44306,7399.4497
44307,8577.288
44308,6429.922
44309,8036.212
44310,5429.491
44311,9430.61
44312,13874.632
44313,5779.4907
44314,6303.0474
44315,7605.265
44316,14968.063
44317,7051.54
44318,6081.534
44319,6394.0767
44320,6057.6245
44321,6799.386
44322,4360.242
44323,9351.976
44324,4787.842
44325,7559.2266
44326,3148.3599
44327,19894.193
44328,9893.041
44329,5247.5254
44330,5030.1177
44331,10302.581
44332,7846.1
44333,8289.964
44334,8572.807
44335,6794.09
44336,5598.6846
44337,5006.519
44338,10675.626
44339,6850.9775
44340,7800.62
44341,7327.699
44342,8691.453
44343,5461.482
44344,8035.3916
44345,6677.4463
44346,4463.2915
44347,9116.096
44348,9285.228
44349,5437.659
44350,7925.405
44351,8337.939
44352,5572.6416
44353,9839.16
44354,6741.4414
44355,7396.105
44356,6985.5474
44357,8461.709
44358,3859.6238
44359,4846.163
44360,5789.5103
44361,0.0
44362,8005.5493
44363,9451.816
44364,4504.059
44365,8825.746
44366,5222.9814
44367,6600.049
44368,4823.4224
44369,6649.4175
44370,6539.822
44371,7448.301
44372,7984.6934
44373,8907.948
44374,4505.692
44375,6834.1978
44376,8529.2705
44377,8228.409
44378,7481.544
44379,9816.897
44380,10706.583
44381,6813.942
44382,3936.1995
44383,7554.2534
44384,5942.6616
44385,6800.469
44386,7555.5
44387,4859.5454
44388,12107.741
44389,6365.44
44390,7725.8716
44391,11073.05
44392,6761.6685
44393,4747.961
44394,13521.493
44395,6401.7173
44396,10673.773
44397,5871.1025
44398,9955.39
44399,10393.6875
44400,6691.0454
44401,5829.3574
44402,7225.7163
44403,5942.8545
44404,7040.659
44405,6784.8745
44406,9751.48
44407,7423.676
44408,5402.725
44409,4978.9683
44410,7277.084
44411,8226.573
44412,7255.4053
44413,9691.583
44414,6119.6655
44415,7308.546
44416,5232.745
44417,8635.265
44418,8519.237
44419,7445.999
44420,6327.962
44421,6959.126
44422,8423.91
44423,9355.562
44424,6210.7656
44425,8309.208
44426,6110.846
44427,6733.4727
44428,7528.1865
44429,7725.901
44430,4563.3184
44431,4431.6772
44432,9549.954
44433,7898.8184
44434,6135.739
44435,6669.8394
44436,8463.194
44437,6613.219
44438,6085.2827
44439,7800.099
44440,5735.6333
44441,3574.233
44442,9164.139
44443,3994.835
44444,7784.0234
44445,7770.471
44446,6730.5063
44447,7636.7393
44448,12554.042
44449,11721.838
44450,9861.247
44451,5099.1753
44452,8581.978
44453,7925.216
44454,4686.34
44455,3307.3477
44456,8653.857
44457,4056.0884
44458,8316.852
44459,13639.254
44460,8291.76
44461,7665.053
44462,5668.7456
44463,8096.2285
44464,7081.25
44465,7170.4824
44466,7841.0576
44467,9144.72
44468,9696.428
44469,7329.901
44470,9290.091
44471,6126.499
44472,7441.5264
44473,4899.653
44474,6247.6035
44475,6888.983
44476,5599.934
44477,6071.8374
44478,8352.824
44479,5580.5034
44480,10089.8
44481,7957.4375
44482,5801.8657
44483,5104.2314
44484,10472.337
44485,8462.831
44486,6401.3384
44487,6719.1016
44488,7606.092
44489,6837.399
44490,6331.114
44491,7676.811
44492,7880.2095
44493,6213.9536
44494,5306.563
44495,10605.267
44496,8353.907
44497,6280.0396
44498,4144.484
44499,12895.672
44500,6661.625
44501,6516.1113
44502,7290.659
44503,12076.832
44504,9879.586
44505,9237.422
44506,8670.778
44507,7887.616
44508,6391.912
44509,6306.71
44510,7471.0547
44511,10567.071
44512,16810.578
44513,5869.9155
44514,6002.054
44515,3997.7893
44516,5292.6416
44517,9729.89
44518,14638.217
44519,7299.7397
44520,5229.068
44521,5299.4814
44522,6966.79
44523,6250.3335
44524,10487.2705
44525,9363.221
44526,6882.0215
44527,4657.689
44528,9180.655
44529,7198.0156
44530,10202.703
44531,10099.698
44532,5546.107
44533,8069.7695
44534,4297.667
44535,8138.672
44536,10238.088
44537,7910.218
44538,10109.316
44539,7254.4434
44540,8350.379
44541,4894.795
44542,6468.5654
44543,8074.443
44544,8983.0205
44545,8215.8
44546,8838.786
44547,7386.94
44548,4585.712
44549,10386.711
44550,5101.2188
44551,11046.278
44552,6668.6943
44553,5400.6025
44554,8963.559
44555,7672.0747
44556,6745.249
44557,8303.251
44558,9225.387
44559,5898.005
44560,11177.343
44561,4035.63
44562,5092.6035
44563,9606.09
44564,9471.517
44565,11833.865
44566,6811.7324
44567,7393.728
44568,6244.446
44569,6462.497
44570,8113.6914
44571,7451.292
44572,6809.212
44573,5880.877
44574,10968.141
44575,8058.1016
44576,8838.272
44577,12861.574
44578,9495.866
44579,5046.612
44580,5190.5254
44581,6599.0923
44582,9762.285
44583,5758.7285
44584,8982.952
44585,5813.7764
44586,10757.425
44587,7762.7227
44588,6298.606
44589,6148.276
44590,6104.9097
44591,5396.154
44592,7425.29
44593,7009.1606
44594,5951.2666
44595,5215.459
44596,5299.133
44597,10520.38
44598,6931.006
44599,22349.322
44600,7599.689
44601,4769.3535
44602,5624.983
44603,8244.742
44604,10964.25
44605,5416.471
44606,5571.4355
44607,11553.308
44608,7696.973
44609,7593.7036
44610,5884.5693
44611,9314.037
44612,9162.897
44613,7049.711
44614,6226.11
44615,8268.146
44616,9383.443
44617,7837.3564
44618,8363.3545
44619,8521.732
44620,10685.334
44621,6928.8574
44622,5319.0293
44623,6477.74
44624,12029.39
44625,13087.102
44626,8296.87
44627,11878.158
44628,6464.7656
44629,9231.416
44630,5783.8916
44631,6854.1733
44632,5536.788
44633,9191.757
44634,8969.999
44635,13827.26
44636,10947.5205
44637,7891.552
44638,7040.2495
44639,6409.605
44640,5457.467
44641,6758.2837
44642,12153.684
44643,7495.7583
44644,6232.5566
44645,6313.9565
44646,6773.798
44647,9203.397
44648,3560.9534
44649,8736.899
44650,5481.162
44651,7996.369
44652,8361.385
44653,6485.3257
44654,10028.466
44655,5415.996
44656,9394.171
44657,10759.303
44658,7944.424
44659,6434.278
44660,10670.688
44661,5847.819
44662,7238.298
44663,9436.125
44664,13553.539
44665,6504.2944
44666,6950.6016
44667,10085.413
44668,8803.786
44669,10619.832
44670,7584.5615
44671,10834.919
44672,5540.09
44673,5234.952
44674,6911.419
44675,7308.685
44676,10962.106
44677,9048.485
44678,5125.489
44679,6444.9653
44680,8873.512
44681,7313.699
44682,11046.236
44683,3855.9805
44684,14142.692
44685,7591.56
44686,5650.7847
44687,6566.042
44688,7265.218
44689,6939.751
44690,9986.325
44691,5780.9077
44692,8021.6694
44693,6734.6226
44694,8605.707
44695,8216.05
44696,6560.9834
44697,8508.762
44698,6216.639
44699,6680.7144
44700,9649.423
44701,9166.936
44702,9067.327
44703,4919.889
44704,10194.853
44705,6045.347
44706,9244.87
44707,7811.8403
44708,13359.771
44709,7102.178
44710,5371.6064
44711,8108.5083
44712,5958.634
44713,7088.7305
44714,6041.5366
44715,8743.819
44716,7730.412
44717,4236.454
44718,9911.175
44719,6504.679
44720,8472.054
44721,5139.5444
44722,10353.152
44723,9694.421
44724,5174.8447
44725,13451.905
44726,7278.57
44727,6385.002
44728,9662.694
44729,10657.548
44730,5792.3164
44731,5358.9707
44732,8537.279
44733,7372.2573
44734,4857.307
44735,7227.984
44736,6937.1963
44737,10465.457
44738,9597.344
44739,7960.945
44740,9093.63
44741,6931.2705
44742,4728.039
44743,7552.625
44744,9254.963
44745,10390.179
44746,10397.941
44747,9245.002
44748,9254.16
44749,7040.485
44750,10519.598
44751,8391.128
44752,6506.0815
44753,8523.22
44754,10930.056
44755,8171.909
44756,9964.757
44757,10716.626
44758,9625.175
44759,9305.326
44760,6850.6377
44761,7764.174
44762,9617.338
44763,7090.157
44764,8043.9414
44765,4434.4727
44766,6622.454
44767,11206.943
44768,9192.861
44769,7624.258
44770,5108.937
44771,9591.387
44772,7792.4697
44773,9278.642
44774,6748.5635
44775,6758.361
44776,6090.4395
44777,5228.604
44778,12054.956
44779,8849.12
44780,8463.823
44781,8222.408
44782,6661.7456
44783,6650.2104
44784,7607.2095
44785,8522.569
44786,4744.2256
44787,7036.8794
44788,6560.7705
44789,9811.01
44790,8866.084
44791,7311.9346
44792,12534.648
44793,5894.67
44794,5876.526
44795,12221.673
44796,6382.8403
44797,7729.6895
44798,3938.066
44799,10677.123
44800,8973.713
44801,6869.0103
44802,7220.9897
44803,7868.14
44804,6484.8926
44805,7296.3706
44806,9703.829
44807,12733.587
44808,3590.3008
44809,8099.7505
44810,4376.6104
44811,14685.047
44812,5218.654
44813,10197.712
44814,10436.292
44815,9039.583
44816,8741.852
44817,5455.3228
44818,6474.38
44819,3396.7864
44820,5341.0996
44821,7588.5776
44822,5693.2817
44823,8324.232
44824,8464.849
44825,6454.6978
44826,7359.5337
44827,7235.102
44828,9882.95
44829,11385.582
44830,9315.529
44831,6502.291
44832,4575.8413
44833,10500.031
44834,12919.937
44835,6855.05
44836,8538.745
44837,4642.3906
44838,9709.801
44839,6125.57
44840,5105.751
44841,7378.237
44842,5303.7544
44843,9246.078
44844,6424.6313
44845,9805.527
44846,8144.4336
44847,11285.728
44848,9556.104
44849,6499.259
44850,11465.829
44851,20733.203
44852,12949.408
44853,6794.213
44854,3801.137
44855,7861.9814
44856,10845.465
44857,5902.1865
44858,7056.835
44859,13016.657
44860,6325.6206
44861,15892.054
44862,20304.457
44863,4540.4927
44864,7838.1265
44865,5904.912
44866,5109.268
44867,11318.939
44868,5544.3877
44869,10469.411
44870,10158.939
44871,10010.509
44872,8034.6484
44873,8495.576
44874,4576.928
44875,8022.6714
44876,4569.059
44877,7822.443
44878,8346.867
44879,11738.194
44880,7347.092
44881,6920.7007
44882,4839.1694
44883,8413.335
44884,6383.675
44885,5527.48
44886,5222.787
44887,9469.231
44888,7484.3633
44889,6790.9927
44890,7981.107
44891,9412.243
44892,0.0
44893,7358.755
44894,6718.711
44895,6855.285
44896,8424.344
44897,7799.117
44898,10171.466
44899,10054.314
44900,9156.196
44901,6219.284
44902,4634.997
44903,7649.2925
44904,8076.6455
44905,7639.77
44906,5206.08
44907,3606.6096
44908,9798.693
44909,8724.884
44910,11464.8125
44911,7754.627
44912,6602.53
44913,8498.77
44914,6474.355
44915,5330.778
44916,11299.837
44917,6077.8696
44918,9293.335
44919,9255.422
44920,16620.66
44921,7510.508
44922,6696.3
44923,9105.425
44924,7150.4443
44925,9143.316
44926,6562.767
44927,9266.021
44928,4876.931
44929,8795.544
44930,5059.7896
44931,6648.8784
44932,4124.209
44933,11421.44
44934,6462.756
44935,18852.877
44936,15394.558
44937,5762.0254
44938,7896.2275
44939,6237.493
44940,7568.526
44941,6590.613
44942,13232.682
44943,9259.271
44944,11585.462
44945,5136.481
44946,8308.455
44947,5658.1465
44948,11399.892
44949,8896.723
44950,8207.967
44951,7637.293
44952,7749.185
44953,7022.477
44954,9325.654
44955,11056.197
44956,7076.9756
44957,8919.264
44958,11108.974
44959,7396.105
44960,7961.7646
44961,8304.074
44962,10593.702
44963,8172.9614
44964,6090.387
44965,7285.703
44966,7684.2246
44967,6460.352
44968,13872.224
44969,7167.2485
44970,9272.705
44971,8599.396
44972,10672.755
44973,5118.263
44974,8181.5566
44975,11461.511
44976,9558.465
44977,11305.853
44978,7723.219
44979,5142.1284
44980,16300.895
44981,11018.426
44982,9906.959
44983,19406.207
44984,11525.814
44985,9072.941
44986,8561.611
44987,11578.768
44988,11538.287
44989,11663.057
44990,12804.428
44991,7258.8525
44992,8532.753
44993,6837.6274
44994,10268.941
44995,4441.038
44996,13454.574
44997,7418.2466
44998,6858.8037
44999,7221.0864
45000,10771.254
45001,9002.791
45002,6916.0747
45003,8408.778
45004,6012.093
45005,5452.248
45006,8726.839
45007,5021.5127
45008,6014.1978
45009,7167.8774
45010,8141.956
45011,11355.325
45012,10794.949
45013,8714.396
45014,7586.428
45015,6965.189
45016,12413.465
45017,8983.98
45018,6980.945
45019,6476.77
45020,5615.88
45021,11584.3125
45022,4423.8594
45023,11279.572
45024,8559.342
45025,3902.4727
45026,5581.5737
45027,9558.483
45028,7295.501
45029,6495.057
45030,10410.127
45031,11449.754
45032,12239.847
45033,6902.0317
45034,11795.43
45035,3296.5088
45036,6520.333
45037,8361.273
45038,6487.559
45039,8137.368
45040,6618.072
45041,7699.9985
45042,6405.339
45043,6390.6196
45044,13433.764
45045,9380.526
45046,6265.1655
45047,5261.5894
45048,9679.085
45049,12711.878
45050,12229.299
45051,6353.6177
45052,6317.6616
45053,12422.454
45054,6810.7256
45055,8687.657
45056,6848.8477
45057,6106.1387
45058,8293.682
45059,11979.322
45060,4639.509
45061,5330.717
45062,5586.4897
45063,6723.878
45064,11045.162
45065,9327.914
45066,9100.068
45067,15481.397
45068,6809.0757
45069,13481.215
45070,14345.1455
45071,8812.195
45072,5786.546
45073,4251.972
45074,9655.738
45075,7122.156
45076,6970.7847
45077,7404.427
45078,8383.536
45079,13601.349
45080,5688.8955
45081,7148.6646
45082,9588.569
45083,6898.2803
45084,8716.425
45085,5691.213
45086,5416.8794
45087,8479.378
45088,3786.162
45089,9789.492
45090,9332.025
45091,8510.32
45092,10016.631
45093,10810.961
45094,9141.197
45095,7009.782
45096,9092.572
45097,10116.318
45098,7321.865
45099,6829.4604
45100,6391.4487
45101,6035.8403
45102,12354.339
45103,9041.799
45104,8114.806
45105,6352.866
45106,9166.796
45107,9929.795
45108,8885.292
45109,7193.6504
45110,9420.892
45111,5610.3545
45112,6982.35
45113,18921.723
45114,7681.8354
45115,10730.74
45116,7685.5073
45117,7270.535
45118,7268.878
45119,6381.045
45120,5015.462
45121,6642.3813
45122,10813.157
45123,15104.341
45124,9947.493
45125,10076.653
45126,13222.009
45127,11855.375
45128,13105.037
45129,9615.724
45130,8171.777
45131,5123.1475
45132,11648.961
45133,12249.973
45134,9617.806
45135,9392.576
45136,10781.018
45137,7522.71
45138,4154.5537
45139,11871.668
45140,7877.158
45141,8007.848
45142,7375.774
45143,3712.03
45144,15865.1875
45145,14357.697
45146,15510.099
45147,7481.8296
45148,6043.998
45149,4784.6504
45150,7107.2876
45151,8263.558
45152,9826.64
45153,8068.9844
45154,5273.276
45155,6218.8276
45156,8658.778
45157,4884.3755
45158,3743.4114
45159,8380.643
45160,15688.808
45161,8080.4365
45162,19321.66
45163,5526.3726
45164,6600.6787
45165,7502.0737
45166,6120.658
45167,6896.9775
45168,5705.9053
45169,4519.3584
45170,4909.749
45171,9350.45
45172,8005.053
45173,4673.0776
45174,10192.441
45175,6813.7925
45176,8288.027
45177,5288.1
45178,12257.394
45179,9460.466
45180,11187.347
45181,6199.869
45182,8070.208
45183,4630.3125
45184,5844.1274
45185,6216.7104
45186,16080.162
45187,12277.764
45188,7410.171
45189,6993.2876
45190,5689.753
45191,6537.315
45192,5673.836
45193,12859.097
45194,4557.811
45195,16633.299
45196,4974.6816
45197,6038.5005
45198,6831.7534
45199,10244.339
45200,9193.615
45201,5467.9297
45202,7692.43
45203,8772.906
45204,9352.431
45205,9198.606
45206,6244.9463
45207,5085.405
45208,11914.159
45209,4854.273
45210,4520.4233
45211,6547.936
45212,8497.538
45213,7285.696
45214,7178.7974
45215,10577.639
45216,10182.259
45217,7669.47
45218,7817.2217
45219,5756.202
45220,9592.658
45221,6812.577
45222,5094.3477
45223,8457.037
45224,8083.497
45225,7406.7227
45226,11116.36
45227,7502.675
45228,8128.9434
45229,8167.8027
45230,7673.2676
45231,6661.873
45232,7769.9673
45233,8082.048
45234,8421.709
45235,7571.262
45236,7900.175
45237,11344.078
45238,7261.165
45239,5004.9526
45240,13216.6
45241,7338.1206
45242,4059.065
45243,9903.011
45244,11052.106
45245,13537.313
45246,5780.869
45247,6873.4736
45248,7190.762
45249,4392.2896
45250,6852.2583
45251,8421.941
45252,8529.36
45253,7214.491
45254,7974.6846
45255,11893.28
45256,3893.9607
45257,8211.334
45258,6856.364
45259,6448.1816
45260,6071.7217
45261,7633.3965
45262,10315.767
45263,6131.2983
45264,5947.9863
45265,9806.267
45266,9373.89
45267,9993.319
45268,10006.146
45269,5629.5664
45270,8743.936
45271,8060.4155
45272,9773.362
45273,10467.894
45274,10492.843
45275,6161.3853
45276,9736.741
45277,9567.02
45278,9389.038
45279,10681.89
45280,5676.0063
45281,4631.395
45282,13414.3545
45283,10185.756
45284,9907.828
45285,7003.093
45286,7766.396
45287,10056.606
45288,4818.424
45289,7947.3496
45290,6600.3574
45291,9650.582
45292,7829.5938
45293,8473.056
45294,9722.719
45295,7351.943
45296,10127.218
45297,12992.137
45298,17382.057
45299,9127.771
45300,5543.5894
45301,7533.365
45302,5563.884
45303,3632.8489
45304,11970.894
45305,9999.192
45306,6721.409
45307,10373.712
45308,5987.1875
45309,11460.757
45310,5835.165
45311,7942.598
45312,7265.3564
45313,11378.135
45314,6272.9214
45315,7604.17
45316,6634.2007
45317,6663.2393
45318,8592.092
45319,6312.626
45320,8900.406
45321,8915.589
45322,10655.6875
45323,9772.942
45324,8074.412
45325,6837.3857
45326,13031.104
45327,5010.7134
45328,6244.124
45329,11890.581
45330,8526.172
45331,10811.136
45332,10492.652
45333,15517.526
45334,6832.425
45335,6551.7407
45336,6575.192
45337,7596.1235
45338,9883.657
45339,12886.45
45340,8270.536
45341,9620.907
45342,9521.287
45343,4755.2217
45344,8642.293
45345,9133.545
45346,8476.62
45347,10027.222
45348,6940.446
45349,5696.237
45350,6196.576
45351,4224.316
45352,6611.4976
45353,10775.23
45354,9560.99
45355,12177.911
45356,19995.693
45357,7352.9106
45358,5463.597
45359,9189.608
45360,7965.707
45361,10162.05
45362,5282.5645
45363,7092.7075
45364,5294.944
45365,10950.768
45366,7851.6323
45367,6797.668
45368,15636.465
45369,12752.826
45370,6318.692
45371,8034.9243
45372,4495.9546
45373,5777.253
45374,5993.6675
45375,10612.866
45376,5753.7925
45377,5717.2695
45378,6897.1553
45379,8916.746
45380,8776.605
45381,5501.931
45382,6803.0386
45383,8303.298
45384,8395.227
45385,9065.7705
45386,5188.308
45387,11804.7705
45388,19684.922
45389,3821.4058
45390,8252.169
45391,9755.406
45392,9577.108
45393,5937.211
45394,3596.2583
45395,5872.7324
45396,9025.695
45397,5480.0645
45398,8996.165
45399,10597.036
45400,5793.9688
45401,6772.79
45402,8323.915
45403,7264.6636
45404,5418.1973
45405,7323.6606
45406,9467.85
45407,10158.968
45408,9454.232
45409,11022.662
45410,6755.506
45411,4334.7007
45412,7563.727
45413,6214.0605
45414,10375.463
45415,8221.35
45416,5493.9443
45417,21862.58
45418,8202.763
45419,6365.8896
45420,13581.904
45421,8113.1963
45422,9337.385
45423,6871.5527
45424,8685.196
45425,5612.7734
45426,10097.454
45427,14900.777
45428,6254.0483
45429,6730.3135
45430,7487.9336
45431,15837.311
45432,7589.6704
45433,6575.901
45434,6812.3496
45435,6222.429
45436,6840.3667
45437,4869.3823
45438,10295.381
45439,4936.427
45440,8005.1753
45441,3310.015
45442,21354.28
45443,10361.3125
45444,5361.65
45445,5388.541
45446,11649.339
45447,8609.236
45448,8406.926
45449,9353.635
45450,7422.5923
45451,5785.5303
45452,5269.8115
45453,10577.376
45454,6947.8643
45455,7722.416
45456,7929.9116
45457,9086.3125
45458,5423.0835
45459,8321.843
45460,7321.0903
45461,4541.7964
45462,10085.875
45463,10117.37
45464,5119.611
45465,8869.433
45466,9416.885
45467,6092.99
45468,10624.584
45469,7169.785
45470,8048.078
45471,7708.486
45472,9269.31
45473,3965.5432
45474,5367.7905
45475,6204.6787
45476,0.0
45477,7275.606
45478,9956.843
45479,5316.2754
45480,8922.165
45481,5567.4243
45482,6852.6177
45483,5003.344
45484,7096.7744
45485,6625.3286
45486,7671.094
45487,8673.806
45488,10267.188
45489,5186.151
45490,7423.173
45491,9544.071
45492,9192.081
45493,7464.4873
45494,9583.732
45495,10092.485
45496,7292.085
45497,4385.9595
45498,8349.264
45499,6177.2793
45500,7096.639
45501,8196.537
45502,4821.366
45503,13013.889
45504,6860.701
45505,8190.0513
45506,12203.735
45507,7796.5586
45508,5208.683
45509,14843.544
45510,7154.1147
45511,11076.462
45512,6222.3345
45513,10599.574
45514,11817.557
45515,7320.5454
45516,5881.034
45517,7572.151
45518,6299.964
45519,7767.6406
45520,7232.025
45521,10124.099
45522,7982.0435
45523,5648.7046
45524,5320.6836
45525,7563.2437
45526,8802.913
45527,7786.0137
45528,10557.148
45529,6646.6147
45530,7797.0195
45531,6170.9897
45532,9297.563
45533,8752.964
45534,7832.253
45535,7217.767
45536,7141.3315
45537,8956.363
45538,10206.927
45539,6645.9683
45540,8895.314
45541,6328.0166
45542,7444.9126
45543,8193.481
45544,8398.294
45545,4791.14
45546,4902.528
45547,8696.154
45548,7834.091
45549,6464.1494
45550,6309.411
45551,9932.268
45552,6839.662
45553,6881.0693
45554,7777.3667
45555,6296.9844
45556,4291.6
45557,9758.012
45558,4235.662
45559,8364.097
45560,8301.517
45561,7279.097
45562,8067.6377
45563,13910.553
45564,11799.705
45565,9710.616
45566,5180.9985
45567,10223.6455
45568,8468.669
45569,4485.1304
45570,3759.3645
45571,10007.741
45572,4234.038
45573,9153.848
45574,13750.301
45575,9881.319
45576,8001.282
45577,5838.433
45578,8816.398
45579,7748.3794
45580,7459.292
45581,8728.612
45582,9943.613
45583,10066.202
45584,7726.579
45585,10367.392
45586,6408.9873
45587,8174.505
45588,5230.7544
45589,6476.9185
45590,7662.743
45591,6200.573
45592,6261.7783
45593,9411.094
45594,5790.1123
45595,10516.106
45596,8450.8125
45597,6222.9873
45598,5318.654
45599,11283.338
45600,8580.315
45601,6886.2236
45602,7381.6504
45603,8351.757
45604,7033.5713
45605,6600.427
45606,8271.31
45607,8416.369
45608,6352.121
45609,5261.0723
45610,11912.068
45611,9266.958
45612,7228.2183
45613,4651.269
45614,14230.64
45615,7443.4927
45616,6867.2676
45617,8009.078
45618,12753.787
45619,10684.549
45620,9175.508
45621,9153.612
45622,8627.214
45623,6807.4717
45624,6738.741
45625,8007.955
45626,11115.788
45627,16887.213
45628,6177.8447
45629,6316.113
45630,4510.4434
45631,5420.2803
45632,10841.245
45633,16071.745
45634,7853.6245
45635,5901.7925
45636,5808.3276
45637,7916.0293
45638,6995.3486
45639,10382.492
45640,10358.595
45641,7109.823
45642,5390.3506
45643,9485.973
45644,7407.323
45645,11435.883
45646,10871.532
45647,5942.605
45648,8914.255
45649,4812.668
45650,8940.701
45651,10169.738
45652,8768.557
45653,10337.06
45654,7590.3438
45655,9146.735
45656,4874.406
45657,7344.3804
45658,8698.369
45659,9746.022
45660,9317.431
45661,9341.287
45662,8284.3125
45663,4866.22
45664,11058.675
45665,5322.821
45666,11530.366
45667,7470.0073
45668,5785.525
45669,7112.3535
45670,8315.004
45671,7077.475
45672,8830.941
45673,10083.037
45674,6385.2275
45675,11247.27
45676,4764.002
45677,5406.066
45678,9286.14
45679,9934.607
45680,11673.841
45681,6487.2686
45682,8108.245
45683,6393.101
45684,7132.5776
45685,8536.18
45686,7944.7197
45687,7371.02
45688,6367.8325
45689,11507.734
45690,7878.2627
45691,9683.36
45692,12796.236
45693,10352.847
45694,5308.5884
45695,5300.422
45696,7165.601
45697,10374.751
45698,5910.073
45699,9987.621
45700,6034.027
45701,11402.621
45702,8058.271
45703,6788.9204
45704,6793.3706
45705,7007.162
45706,5620.7886
45707,7816.4985
45708,7130.3667
45709,5945.831
45710,5621.952
45711,5511.722
45712,10764.023
45713,7743.8945
45714,23124.602
45715,8420.432
45716,4968.692
45717,5862.451
45718,8665.404
45719,12518.687
45720,5824.172
45721,6213.936
45722,12990.117
45723,7404.0103
45724,8478.893
45725,6657.1533
45726,9790.874
45727,9818.583
45728,7630.31
45729,6584.9136
45730,9045.966
45731,10196.194
45732,8462.839
45733,9182.477
45734,9079.356
45735,9863.016
45736,8422.078
45737,5788.5605
45738,7084.3438
45739,12994.64
45740,13955.934
45741,9071.592
45742,13096.267
45743,6590.4746
45744,10282.467
45745,5099.628
45746,7488.262
45747,5745.303
45748,10203.452
45749,9763.197
45750,14194.637
45751,11365.846
45752,8529.889
45753,7689.423
45754,7070.917
45755,5533.8525
45756,7215.3647
45757,13071.783
45758,8283.847
45759,6883.669
45760,6631.1387
45761,7495.987
45762,10217.602
45763,3950.3918
45764,9842.135
45765,5685.885
45766,9034.989
45767,8851.652
45768,7266.701
45769,10850.9795
45770,5921.788
45771,10252.755
45772,11261.61
45773,8233.136
45774,7229.6523
45775,11300.894
45776,6255.349
45777,7570.403
45778,10675.992
45779,14140.952
45780,6966.3647
45781,7562.9263
45782,10377.473
45783,9889.324
45784,11254.47
45785,8866.431
45786,11591.552
45787,5696.1387
45788,5418.425
45789,7348.388
45790,8366.347
45791,11427.869
45792,9968.654
45793,5482.94
45794,7095.346
45795,9712.015
45796,8306.442
45797,11428.306
45798,4409.9937
45799,14725.411
45800,8274.994
45801,5852.8354
45802,7098.595
45803,7872.9897
45804,7229.721
45805,10959.294
45806,5838.4277
45807,8496.362
45808,8032.1885
45809,9282.5625
45810,8762.094
45811,6372.657
45812,8985.985
45813,6828.19
45814,6881.647
45815,10006.748
45816,10244.847
45817,10431.923
45818,5516.0664
45819,10722.464
45820,6178.493
45821,9960.613
45822,8873.969
45823,13747.822
45824,8319.684
45825,5443.648
45826,8750.777
45827,6746.71
45828,7802.9863
45829,6915.0786
45830,9340.779
45831,8592.592
45832,4615.0557
45833,11233.011
45834,7159.234
45835,9318.142
45836,5584.513
45837,11239.045
45838,10272.831
45839,6887.5044
45840,14808.208
45841,7512.829
45842,7046.3496
45843,10699.958
45844,10999.526
45845,6224.578
45846,5686.091
45847,8709.618
45848,8082.7026
45849,5145.6074
45850,7612.7036
45851,7541.518
45852,10837.803
45853,9449.338
45854,8504.811
45855,9477.228
45856,7406.857
45857,5431.6875
45858,8346.684
45859,9549.016
45860,10787.004
45861,11027.678
45862,10407.783
45863,10006.176
45864,7222.56
45865,11349.1
45866,9065.624
45867,7089.549
45868,8904.1
45869,11479.452
45870,9025.781
45871,9402.579
45872,11230.922
45873,10638.841
45874,9774.667
45875,7025.666
45876,8775.249
45877,10282.967
45878,7646.696
45879,8287.363
45880,4697.614
45881,7117.3887
45882,12085.06
45883,9573.939
45884,7992.816
45885,5641.3545
45886,10299.496
45887,7946.955
45888,10326.812
45889,7111.1323
45890,7580.996
45891,6449.4976
45892,5356.952
45893,12968.577
45894,9504.592
45895,9450.122
45896,8783.623
45897,7438.936
45898,6465.0864
45899,8442.595
45900,10162.0205
45901,5083.402
45902,8469.549
45903,7269.5225
45904,10545.797
45905,9533.291
45906,7815.164
45907,14165.263
45908,5806.378
45909,6565.6973
45910,13145.058
45911,6947.367
45912,9406.499
45913,4237.3594
45914,11229.9795
45915,9796.666
45916,7317.3066
45917,7577.837
45918,8686.746
45919,6774.36
45920,8353.819
45921,10129.121
45922,13404.967
45923,4315.776
45924,8425.067
45925,4484.1807
45926,15635.004
45927,5638.4927
45928,11078.343
45929,11406.015
45930,9306.631
45931,9772.542
45932,6004.1157
45933,6288.095
45934,3584.1172
45935,5488.7954
45936,8075.721
45937,6233.6567
45938,9785.385
45939,9212.856
45940,6854.4873
45941,8088.0317
45942,7946.842
45943,10521.042
45944,12073.872
45945,10494.444
45946,6831.7275
45947,5819.713
45948,11241.617
45949,14668.865
45950,7279.972
45951,9599.093
45952,5142.9185
45953,10727.671
45954,6626.947
45955,5547.128
45956,8291.103
45957,5503.5317
45958,9459.021
45959,7327.79
45960,10638.354
45961,9114.452
45962,12215.822
45963,10317.242
45964,7128.136
45965,12839.477
45966,21267.838
45967,14035.409
45968,7217.2305
45969,4364.4785
45970,8186.4272
45971,11298.221
45972,6310.802
45973,7626.6724
45974,13451.995
45975,6836.727
45976,15366.73
45977,22125.598
45978,4845.973
45979,8241.856
45980,6232.616
45981,5271.6816
45982,10896.893
45983,6453.787
45984,11296.399
45985,10929.555
45986,10534.598
45987,8450.401
45988,9317.946
45989,5096.243
45990,8934.981
45991,4819.991
45992,8600.808
45993,9303.1875
45994,12742.966
45995,7998.2837
45996,7750.205
45997,5075.7754
45998,8761.183
45999,7019.812
46000,6167.094
46001,5686.384
46002,9878.974
46003,7628.491
46004,7485.877
46005,8933.959
46006,10047.125
46007,0.0
46008,7987.641
46009,7172.179
46010,7200.9683
46011,8992.005
46012,8726.398
46013,10590.894
46014,10954.163
46015,10367.224
46016,7042.909
46017,5776.8286
46018,7861.4565
46019,9338.703
46020,8025.8706
46021,5370.085
46022,3871.9255
46023,10352.748
46024,8921.229
46025,13062.224
46026,8382.434
46027,6968.9434
46028,9426.222
46029,6717.564
46030,5942.48
46031,11970.117
46032,7232.7905
46033,9939.309
46034,10729.164
46035,17335.156
46036,7938.9097
46037,6266.391
46038,9712.236
46039,6889.1274
46040,7892.425
46041,7404.964
46042,9886.269
46043,5246.5293
46044,10062.046
46045,5513.0786
46046,6836.3228
46047,4367.6646
46048,12212.025
46049,6955.6885
46050,18913.982
46051,16074.734
46052,6530.634
46053,8697.64
46054,6788.3896
46055,8382.697
46056,7200.6455
46057,13771.707
46058,9640.353
46059,12801.693
46060,5136.1626
46061,8774.571
46062,6555.41
46063,11712.495
46064,9319.182
46065,8853.45
46066,7925.9717
46067,8418.408
46068,7701.974
46069,10666.68
46070,11378.243
46071,7847.395
46072,9474.643
46073,12415.111
46074,7973.7036
46075,9018.373
46076,9097.195
46077,11158.181
46078,9130.34
46079,6610.703
46080,8021.478
46081,8251.5625
46082,7456.5957
46083,14753.272
46084,7716.327
46085,9946.459
46086,9542.679
46087,11416.681
46088,5501.0493
46089,9153.856
46090,12353.667
46091,10255.992
46092,12448.772
46093,7941.7876
46094,5621.1904
46095,17292.932
46096,11487.579
46097,10725.696
46098,20133.78
46099,11998.944
46100,9857.044
46101,9368.196
46102,12373.441
46103,12259.978
46104,12477.92
46105,14463.264
46106,7925.08
46107,9114.096
46108,7159.2544
46109,11170.81
46110,5015.2896
46111,12920.503
46112,8178.6387
46113,7770.523
46114,7374.55
46115,11639.31
46116,9425.196
46117,7164.6514
46118,9272.068
46119,6269.2305
46120,5681.6777
46121,8987.297
46122,5445.3774
46123,6624.0083
46124,7513.431
46125,9006.063
46126,11908.626
46127,11539.9375
46128,8901.493
46129,8225.412
46130,7774.8525
46131,13196.548
46132,9320.355
46133,7896.9653
46134,7322.005
46135,5872.0996
46136,12722.552
46137,4949.416
46138,12838.436
46139,9607.821
46140,3994.4426
46141,5758.6846
46142,10272.537
46143,7815.2837
46144,7215.991
46145,10644.108
46146,11847.112
46147,13094.28
46148,7425.6514
46149,12371.742
46150,3434.97
46151,6922.9517
46152,9070.787
46153,7260.3345
46154,9372.915
46155,8028.068
46156,8688.784
46157,6945.4854
46158,6854.128
46159,14704.654
46160,10736.002
46161,6960.533
46162,5774.063
46163,10692.889
46164,13530.536
46165,11698.774
46166,6907.3794
46167,7329.5796
46168,13514.248
46169,7169.6143
46170,9744.285
46171,7102.4897
46172,6662.5527
46173,9446.571
46174,12448.809
46175,4926.116
46176,5550.7324
46177,5476.8037
46178,7051.816
46179,12039.157
46180,10581.019
46181,10712.712
46182,15036.414
46183,7271.915
46184,15541.92
46185,15433.396
46186,9353.501
46187,6705.5864
46188,4440.576
46189,10459.121
46190,7518.485
46191,7310.4907
46192,8065.3833
46193,9615.577
46194,14715.274
46195,6083.0195
46196,7643.932
46197,10318.944
46198,6171.302
46199,10763.746
46200,6320.1206
46201,5725.0244
46202,9582.618
46203,4322.475
46204,8868.748
46205,9850.719
46206,9887.099
46207,10202.235
46208,11760.987
46209,9790.8
46210,7459.79
46211,10954.09
46212,11279.733
46213,7688.953
46214,7800.211
46215,7211.6562
46216,6350.9277
46217,13988.836
46218,9517.973
46219,9477.77
46220,6943.2734
46221,9863.194
46222,10717.045
46223,9669.4795
46224,7744.493
46225,10227.947
46226,6191.8735
46227,7969.4155
46228,19454.072
46229,7796.536
46230,11786.22
46231,8163.9863
46232,7727.7583
46233,7663.35
46234,7303.0825
46235,5388.978
46236,7250.0996
46237,11021.38
46238,16536.512
46239,10461.516
46240,10882.581
46241,12940.481
46242,12901.441
46243,14003.292
46244,10759.097
46245,8043.4814
46246,5515.251
46247,12166.105
46248,13268.939
46249,10437.706
46250,9924.313
46251,11881.954
46252,8040.0835
46253,4366.5024
46254,12607.497
46255,8084.6846
46256,9086.148
46257,7707.7944
46258,3741.6013
46259,15720.531
46260,14977.445
46261,15404.045
46262,7634.2485
46263,6494.326
46264,5906.4272
46265,7890.611
46266,9821.964
46267,10295.822
46268,8955.475
46269,5702.178
46270,6532.7144
46271,9614.706
46272,5210.3228
46273,4004.7744
46274,8282.29
46275,16591.219
46276,8742.868
46277,20301.668
46278,5594.291
46279,7136.007
46280,8698.677
46281,7170.291
46282,7436.524
46283,6609.877
46284,4775.759
46285,5101.0435
46286,10172.387
46287,8590.429
46288,5109.746
46289,11248.621
46290,7448.4927
46291,9727.004
46292,5868.2583
46293,13056.992
46294,10422.267
46295,11761.369
46296,6514.6387
46297,8871.438
46298,5151.874
46299,6348.3896
46300,6936.6606
46301,16701.94
46302,12550.439
46303,8475.513
46304,7367.3647
46305,6360.9004
46306,7795.9116
46307,5014.8735
46308,11125.875
46309,4900.9946
46310,18676.064
46311,5466.4385
46312,6602.914
46313,6978.2954
46314,11688.814
46315,10033.115
46316,6321.724
46317,8091.496
46318,9477.986
46319,9357.472
46320,9810.401
46321,6816.152
46322,5411.4263
46323,11965.221
46324,5544.155
46325,4952.2544
46326,6770.161
46327,8953.349
46328,7897.734
46329,7458.886
46330,11309.336
46331,11105.001
46332,8415.599
46333,8708.065
46334,6127.574
46335,10177.317
46336,7148.378
46337,5801.9043
46338,9682.122
46339,8736.25
46340,7680.6924
46341,11353.604
46342,8191.801
46343,9590.847
46344,8975.527
46345,7531.275
46346,7200.0273
46347,8701.116
46348,9182.485
46349,8774.639
46350,8267.862
46351,8875.56
46352,11349.792
46353,7920.7803
46354,5792.9575
46355,14317.781
46356,7491.4053
46357,4268.2964
46358,11373.47
46359,11794.305
46360,14441.306
46361,5713.4644
46362,7816.7896
46363,8291.2295
46364,4927.474
46365,7501.909
46366,9241.493
46367,9089.494
46368,7757.083
46369,8102.416
46370,13056.121
46371,4185.014
46372,9196.913
46373,7069.4873
46374,6644.8145
46375,6342.1562
46376,8567.534
46377,12027.681
46378,6493.713
46379,6934.808
46380,10247.612
46381,10296.059
46382,10948.272
46383,11334.615
46384,6194.756
46385,9343.265
46386,8013.181
46387,10617.088
46388,10824.095
46389,12290.194
46390,5030.444
46391,10382.689
46392,9539.63
46393,10290.05
46394,11612.997
46395,6346.295
46396,5090.836
46397,14000.607
46398,10665.021
46399,10620.582
46400,7310.1284
46401,7685.148
46402,10953.578
46403,5139.3726
46404,8608.489
46405,7013.454
46406,10606.643
46407,8112.523
46408,9296.951
46409,10442.963
46410,7598.087
46411,11299.255
46412,14326.906
46413,18747.787
46414,9808.315
46415,5749.903
46416,7888.918
46417,5898.776
46418,3876.0942
46419,12564.812
46420,10718.129
46421,7173.7935
46422,12006.5
46423,6473.225
46424,11873.876
46425,6261.0674
46426,8231.51
46427,7892.2896
46428,12094.814
46429,6457.666
46430,8269.818
46431,7408.602
46432,7267.318
46433,9350.075
46434,6834.4062
46435,9691.5
46436,10335.62
46437,11526.793
46438,10603.112
46439,8358.952
46440,7409.3794
46441,13952.753
46442,5616.4634
46443,6903.8354
46444,13161.881
46445,9417.954
46446,11069.935
46447,10314.133
46448,17395.408
46449,7329.4116
46450,7230.7905
46451,6710.596
46452,8183.3125
46453,10704.838
46454,13284.008
46455,9299.195
46456,10550.243
46457,10459.44
46458,5358.649
46459,9497.968
46460,9424.811
46461,8983.998
46462,10912.899
46463,7328.265
46464,6489.428
46465,6729.4985
46466,4412.918
46467,7043.4937
46468,11246.54
46469,9677.109
46470,13002.748
46471,22759.863
46472,8121.07
46473,5684.025
46474,10282.045
46475,8275.184
46476,11458.789
46477,5721.9126
46478,7991.474
46479,5719.888
46480,11019.908
46481,8010.5293
46482,8138.2295
46483,17320.943
46484,14280.837
46485,6491.533
46486,8101.072
46487,4982.8833
46488,6111.907
46489,6539.6724
46490,10756.143
46491,6103.518
46492,5967.387
46493,7038.84
46494,9412.207
46495,7986.323
46496,5684.3774
46497,7161.686
46498,9040.074
46499,9658.474
46500,10133.314
46501,4639.0884
46502,13383.212
46503,21055.822
46504,4240.1655
46505,9437.646
46506,10843.065
46507,9709.921
46508,6305.663
46509,3786.4583
46510,6461.3384
46511,9279.4375
46512,5736.974
46513,9249.351
46514,11533.436
46515,6002.6094
46516,7593.255
46517,9739.379
46518,7361.626
46519,5879.0713
46520,7529.156
46521,9974.979
46522,11309.422
46523,9308.3
46524,11503.916
46525,7065.0986
46526,4814.7896
46527,7851.722
46528,6554.7095
46529,11089.865
46530,9077.841
46531,6235.447
46532,21812.617
46533,8715.668
46534,7164.378
46535,13994.533
46536,9381.09
46537,10534.96
46538,7598.1304
46539,9375.946
46540,5823.283
46541,10942.249
46542,16195.967
46543,6957.7256
46544,7304.211
46545,7879.195
46546,15945.373
46547,8817.585
46548,7196.0728
46549,7391.0415
46550,7267.2554
46551,7003.0527
46552,5527.2476
46553,10979.622
46554,5353.8257
46555,8623.24
46556,3595.2808
46557,22070.38
46558,11607.638
46559,5752.3057
46560,6468.892
46561,12519.726
46562,9247.736
46563,9238.841
46564,10848.435
46565,7754.7524
46566,6546.2124
46567,5293.591
46568,11200.265
46569,7195.4004
46570,8381.922
46571,8811.767
46572,10248.531
46573,5602.1675
46574,8852.614
46575,8172.2363
46576,5098.222
46577,10792.376
46578,12178.26
46579,5620.724
46580,9753.667
46581,10074.568
46582,6740.0015
46583,11426.855
46584,7426.9194
46585,8271.909
46586,8690.218
46587,10337.079
46588,4167.8193
46589,5964.3257
46590,6759.4956
46591,0.0
46592,7707.6255
46593,10787.744
46594,5518.745
46595,9679.611
46596,6150.065
46597,7504.7
46598,5639.8213
46599,7433.659
46600,7054.8833
46601,8025.557
46602,9053.337
46603,11567.299
46604,5868.3145
46605,7635.7705
46606,10701.122
46607,10515.605
46608,7156.708
46609,11240.3955
46610,10874.27
46611,8186.6694
46612,5386.948
46613,8734.517
46614,6865.4927
46615,7202.8022
46616,9044.231
46617,4924.8145
46618,14093.235
46619,7210.934
46620,8576.757
46621,13461.12
46622,8145.3584
46623,5801.711
46624,15624.077
46625,7452.2373
46626,11922.991
46627,7122.6587
46628,11215.84
46629,12353.09
46630,8353.668
46631,6559.4316
46632,8619.935
46633,6927.523
46634,8127.331
46635,7465.541
46636,10228.055
46637,9131.124
46638,5921.3926
46639,5518.5977
46640,8547.431
46641,9705.227
46642,8452.224
46643,11756.546
46644,7345.8374
46645,8426.996
46646,5944.3794
46647,9935.906
46648,9048.805
46649,8855.029
46650,7804.996
46651,7806.649
46652,10256.295
46653,11007.639
46654,7469.0024
46655,9796.656
46656,6241.492
46657,7691.2124
46658,8769.777
46659,8939.567
46660,5294.742
46661,5260.5806
46662,9420.703
46663,8748.099
46664,7089.38
46665,6834.6084
46666,10721.002
46667,7520.3066
46668,7286.2866
46669,8480.736
46670,6831.076
46671,4473.1797
46672,11141.623
46673,4572.7607
46674,9453.259
46675,9087.491
46676,8737.684
46677,9270.592
46678,12825.291
46679,12335.653
46680,10673.691
46681,5766.633
46682,10222.681
46683,9199.255
46684,4501.529
46685,3575.9482
46686,10920.167
46687,4924.4014
46688,10324.005
46689,14258.177
46690,9958.001
46691,9005.102
46692,6088.424
46693,10234.973
46694,8728.021
46695,8247.0625
46696,9833.269
46697,10566.215
46698,10074.713
46699,8121.837
46700,11193.814
46701,6729.5947
46702,9732.117
46703,5322.77
46704,6833.787
46705,8755.318
46706,7077.023
46707,6571.756
46708,10239.006
46709,6578.41
46710,11558.719
46711,8950.564
46712,6922.6743
46713,5757.2456
46714,12420.026
46715,9556.268
46716,7139.8877
46717,8321.731
46718,9634.772
46719,7536.3477
46720,7114.0493
46721,9013.445
46722,9915.164
46723,7093.1606
46724,5299.623
46725,13208.687
46726,9990.231
46727,7659.711
46728,4893.1704
46729,15812.905
46730,8100.3765
46731,7780.3643
46732,8036.802
46733,14350.743
46734,11313.748
46735,10278.652
46736,10010.423
46737,9712.922
46738,7022.685
46739,7818.765
46740,8614.502
46741,12819.287
46742,17429.436
46743,7056.5527
46744,6393.1196
46745,4551.168
46746,5890.6177
46747,11653.639
46748,17410.76
46749,8144.9854
46750,5889.3535
46751,6677.242
46752,8230.246
46753,7434.4673
46754,11481.5
46755,10805.642
46756,7387.0034
46757,5859.863
46758,10889.028
46759,7842.95
46760,11558.035
46761,11688.882
46762,7168.7935
46763,9737.363
46764,4940.53
46765,9712.69
46766,10831.014
46767,9381.689
46768,11271.915
46769,8005.977
46770,10017.166
46771,5549.07
46772,8119.8696
46773,10060.779
46774,10720.47
46775,10275.084
46776,10004.63
46777,8700.211
46778,5449.524
46779,12076.671
46780,5569.65
46781,12424.409
46782,7653.8394
46783,5739.585
46784,7239.9688
46785,9836.692
46786,7405.9526
46787,9376.716
46788,10788.537
46789,7037.658
46790,11775.545
46791,5626.0396
46792,5843.687
46793,10065.54
46794,10443.561
46795,11938.011
46796,6544.1147
46797,8250.154
46798,7185.778
46799,7384.714
46800,9404.929
46801,8476.087
46802,8629.625
46803,6618.1157
46804,12603.326
46805,7976.3203
46806,10857.864
46807,13456.936
46808,11245.167
46809,5551.145
46810,5530.2695
46811,8309.414
46812,10948.575
46813,6433.0938
46814,10581.927
46815,6694.3965
46816,12242.626
46817,8486.991
46818,7437.439
46819,7234.9434
46820,7276.952
46821,5930.4194
46822,8094.931
46823,7314.85
46824,6059.9937
46825,6160.145
46826,5894.4507
46827,11337.166
46828,8145.071
46829,25055.729
46830,9337.483
